ул. 	1	11676
бул. 	1	1758
автомагистрала 	1	886
св. 	1	804
иван 	1	623
христо 	1	581
георги 	1	556
цар 	1	554
и 	1	540
васил 	1	534
димитър 	1	506
ботев 	1	440
път 	1	426
тракия 	1	396
никола 	1	381
шосе 	1	371
левски 	1	364
христо ботев 	2	334
марица 	1	332
бл 	1	308
улица 	1	305
войвода 	1	302
бл. 	1	300
стефан 	1	299
александър 	1	297
васил левски 	2	295
хемус 	1	294
автомагистрала тракия 	2	293
хан 	1	279
оу 	1	272
автомагистрала хемус 	2	264
вазов 	1	259
чешма 	1	258
околовръстен 	1	254
околовръстен път 	2	254
планина 	1	249
петър 	1	239
свети 	1	235
автомагистрала марица 	2	230
вода 	1	227
методий 	1	224
соу 	1	224
и методий 	2	223
ген. 	1	221
на 	1	220
кирил 	1	217
цдг 	1	216
асен 	1	212
читалище 	1	212
борис 	1	209
симеон 	1	208
тодор 	1	202
д-р 	1	199
стамболийски 	1	198
ул. цар 	2	192
каравелов 	1	192
март 	1	190
по 	1	181
иван вазов 	2	181
одз 	1	178
кирил и 	2	176
за 	1	174
петко 	1	173
люлин 	1	172
ад 	1	169
проф. 	1	167
център 	1	165
църква 	1	165
ул. иван 	2	163
i 	1	162
площад 	1	157
княз 	1	157
ул. георги 	2	156
стара 	1	156
българия 	1	155
вапцаров 	1	155
оод 	1	153
софия 	1	152
ул. васил 	2	152
гора 	1	151
септември 	1	151
димитров 	1	150
любен 	1	149
ул. христо 	2	149
храм 	1	149
цар симеон 	2	149
училище 	1	147
кирил и методий 	3	147
паисий 	1	140
бенковски 	1	139
кметство 	1	139
александър стамболийски 	2	138
паркинг 	1	137
караджа 	1	137
аспарух 	1	133
раковски 	1	133
братя 	1	131
стара планина 	2	129
ангел 	1	128
любен каравелов 	2	128
банка 	1	127
смирненски 	1	127
рилски 	1	127
детска 	1	126
константин 	1	126
панайот 	1	125
дунав 	1	125
стоянов 	1	124
градина 	1	123
ул.георги 	1	123
св. св. 	2	120
хаджи 	1	119
ул. хан 	2	119
охридски 	1	117
ул. димитър 	2	117
стефан караджа 	2	116
шипка 	1	113
климент 	1	113
св. кирил 	2	113
св. кирил и 	3	112
благоев 	1	111
пл. 	1	110
евтимий 	1	110
стамболов 	1	109
христо смирненски 	2	108
кънчев 	1	108
йордан 	1	107
захари 	1	106
петков 	1	106
св. св. кирил 	3	105
св. св. кирил и 	4	105
витоша 	1	105
милев 	1	104
с. 	1	103
ул.христо 	1	102
славейков 	1	102
климент охридски 	2	102
здравец 	1	102
връх 	1	101
отец 	1	101
княгиня 	1	100
михаил 	1	100
хан аспарух 	2	100
николай 	1	100
автомагистрала люлин 	2	99
света 	1	99
май 	1	99
стефан стамболов 	2	98
св. кирил и методий 	4	98
искър 	1	97
хаджи димитър 	2	97
ул. никола 	2	96
генерал 	1	96
рила 	1	94
ул. стефан 	2	93
сливница 	1	93
илия 	1	92
стоян 	1	92
манастир 	1	92
ул.иван 	1	92
море 	1	92
освободител 	1	92
поща 	1	92
крум 	1	91
св. св. кирил и методий 	5	91
първа 	1	91
акад. 	1	91
атанас 	1	91
дск 	1	90
отец паисий 	2	90
георги бенковски 	2	89
априлов 	1	89
велики 	1	89
ул. ген. 	2	89
ул.васил 	1	87
калоян 	1	87
ул. тодор 	2	87
княз борис 	2	87
река 	1	86
димитър благоев 	2	86
община 	1	85
пирин 	1	85
оборище 	1	84
пттс 	1	83
волов 	1	83
гимназия 	1	83
константинов 	1	82
делчев 	1	82
бул. българия 	2	82
медицински 	1	82
освобождение 	1	81
дом 	1	81
ангел кънчев 	2	81
гео милев 	2	80
мост 	1	80
гео 	1	80
каблешков 	1	80
патриарх 	1	79
к. 	1	79
ул. св. 	2	79
алеко 	1	79
цар иван 	2	79
миладинови 	1	78
яворов 	1	78
владимир 	1	78
ресторант 	1	78
захари стоянов 	2	78
пттс софия 	2	78
детска градина 	2	77
неофит 	1	77
васил априлов 	2	76
йосиф 	1	76
борис i 	2	76
мак 	1	74
въстание 	1	74
п. 	1	74
бузлуджа 	1	74
родопи 	1	73
сава 	1	73
г. 	1	73
средна 	1	72
еделвайс 	1	72
берон 	1	72
гурко 	1	71
гагарин 	1	71
средна гора 	2	71
параклис 	1	71
странджа 	1	71
братя миладинови 	2	71
добруджа 	1	70
мбал 	1	69
цар освободител 	2	69
симеон велики 	2	69
добри 	1	68
панайот волов 	2	68
ивайло 	1	68
петър берон 	2	68
ул. васил левски 	3	68
търново 	1	67
автогара 	1	67
никола вапцаров 	2	67
попов 	1	67
медицински център 	2	67
ул.христо ботев 	2	67
киро 	1	67
тодор каблешков 	2	67
патриарх евтимий 	2	67
bar 	1	66
самуил 	1	66
еоод 	1	66
кубрат 	1	66
й. 	1	66
bank 	1	65
скобелев 	1	65
екзарх 	1	65
алеко константинов 	2	65
съединение 	1	65
изгрев 	1	65
иванов 	1	65
хан крум 	2	64
баба 	1	64
ул.цар 	1	64
бул. цариградско 	2	64
цариградско 	1	64
еконт 	1	64
черни 	1	64
цариградско шосе 	2	64
бул. цариградско шосе 	3	64
елин 	1	64
поп 	1	63
стефано 	1	63
райна 	1	63
ул. братя 	2	63
кокиче 	1	63
поляна 	1	62
преслав 	1	62
гоце делчев 	2	62
ул. христо ботев 	3	62
гоце 	1	62
янтра 	1	61
антим 	1	61
пг 	1	61
цар калоян 	2	61
юрий 	1	61
бул. александър 	2	60
роза 	1	60
ул. проф. 	2	60
ботевградско 	1	60
ботевградско шосе 	2	60
пелин 	1	60
мария 	1	60
ул. стара 	2	60
камък 	1	60
св.св.кирил и 	2	59
свобода 	1	59
св.св.кирил 	1	59
рожен 	1	59
ул.васил левски 	2	58
й. вапцаров 	2	58
черни връх 	2	58
проход 	1	58
бул. христо 	2	58
янко 	1	58
княз борис i 	3	57
елин пелин 	2	57
ул. петър 	2	57
дкц 	1	57
с. раковски 	2	57
опълченска 	1	57
бул. сливница 	2	57
дружба 	1	56
ул 	1	56
райна княгиня 	2	56
бул. христо ботев 	3	56
бачо 	1	56
болница 	1	56
дол 	1	56
македония 	1	56
св.св.кирил и методий 	3	55
черно 	1	55
славянска 	1	55
андрей 	1	55
бачо киро 	2	55
люляк 	1	55
петров 	1	55
арда 	1	55
йовков 	1	55
служба 	1	55
кв. 	1	54
струма 	1	54
чавдар 	1	54
златаров 	1	54
ул.хаджи 	1	53
богородица 	1	53
пейо 	1	53
козлодуй 	1	53
черно море 	2	53
иван рилски 	2	53
банк 	1	53
детелина 	1	52
тунджа 	1	52
асен златаров 	2	52
хитов 	1	52
ул. стара планина 	3	52
бензиностанция 	1	51
петко войвода 	2	51
х. 	1	51
ул.хан 	1	51
цар самуил 	2	51
ул. александър 	2	51
ул.никола 	1	51
omv 	1	51
основно 	1	50
йордан йовков 	2	50
iii 	1	50
бул. васил 	2	50
ул. шипка 	2	49
неофит рилски 	2	49
пг по 	2	49
бул. цар 	2	49
антим i 	2	49
аптека 	1	49
вардар 	1	49
александров 	1	49
ул. иван вазов 	3	49
основно училище 	2	49
цар борис 	2	49
сан 	1	49
хасково 	1	49
ал. 	1	49
величков 	1	48
петка 	1	48
ул. панайот 	2	48
иван асен 	2	48
ален 	1	47
зорница 	1	47
заимов 	1	47
борис iii 	2	47
капитан 	1	47
ален мак 	2	47
ул. йордан 	2	46
ул. цар симеон 	3	46
тодор александров 	2	46
мусала 	1	46
ул. д-р 	2	46
никола петков 	2	46
сан стефано 	2	46
р. 	1	46
д. 	1	46
ул. княз 	2	46
панайот хитов 	2	46
филип 	1	46
св. георги 	2	46
ул. любен 	2	46
момина 	1	45
ул. тодор каблешков 	3	45
ясла 	1	45
цар асен 	2	45
плиска 	1	45
димчо 	1	45
ул.стара 	1	45
теменуга 	1	45
пенчо 	1	45
ул.димитър 	1	45
блок 	1	45
богородично 	1	45
иглика 	1	44
ул.георги димитров 	2	44
илинден 	1	44
шишман 	1	44
ул. здравец 	2	44
вихрен 	1	44
синчец 	1	44
пазар 	1	44
беласица 	1	44
банка дск 	2	44
бул. никола 	2	44
павел 	1	44
варна 	1	44
даскалов 	1	43
методи 	1	43
ул. георги бенковски 	3	43
мургаш 	1	43
априлско 	1	43
ул.стара планина 	2	43
театър 	1	43
ул. дунав 	2	43
търговска 	1	42
хан кубрат 	2	42
антон 	1	42
георги димитров 	2	42
в. 	1	42
ул. хаджи 	2	42
извор 	1	42
възраждане 	1	42
ул. петко 	2	42
джамия 	1	42
пролет 	1	42
лом 	1	42
ропотамо 	1	41
долина 	1	41
троица 	1	41
априлско въстание 	2	41
юрий гагарин 	2	41
ул. искър 	2	41
механа 	1	41
зона 	1	41
кладенец 	1	41
н. 	1	41
ул.петко 	1	41
зора 	1	41
ул.тодор 	1	41
радецки 	1	41
бели 	1	41
булевард 	1	41
ул. стефан караджа 	3	41
университет 	1	41
тонка 	1	41
успение 	1	40
кирков 	1	40
кап. 	1	40
граф 	1	40
камчия 	1	40
ком 	1	40
алея 	1	40
михайлов 	1	40
ул.стефан 	1	40
георгиев 	1	40
атанасов 	1	40
никола й. 	2	40
св. климент 	2	40
булаир 	1	40
никола й. вапцаров 	3	40
игнатиев 	1	40
пенев 	1	40
ул. любен каравелов 	3	39
детска ясла 	2	39
луиза 	1	39
дебелянов 	1	39
велико 	1	39
ул.петър 	1	39
обб 	1	39
софроний 	1	39
св. климент охридски 	3	39
церковски 	1	39
победа 	1	39
марко 	1	38
свети климент 	2	38
врачански 	1	38
димов 	1	38
младост 	1	38
бистрица 	1	38
надежда 	1	38
бор 	1	38
мария луиза 	2	38
шейново 	1	38
къща 	1	38
пощенска 	1	38
ул.александър 	1	38
тодоров 	1	38
комплекс 	1	38
e 	1	38
ул. рила 	2	38
ул. генерал 	2	38
химмаш ад 	2	38
химмаш 	1	38
граф игнатиев 	2	37
малина 	1	37
батак 	1	37
гимназия по 	2	37
столетов 	1	37
р. славейков 	2	37
сандански 	1	37
златна 	1	37
велико търново 	2	37
ул. ангел 	2	37
ул. хан аспарух 	3	37
ул.хаджи димитър 	2	37
ул.1-ва 	1	37
ул.2-ра 	1	37
цанко 	1	37
бул. свети 	2	37
хилендарски 	1	36
драва 	1	36
одрин 	1	36
ii 	1	36
явор 	1	36
балкан 	1	36
бул. акад. 	2	36
ет 	1	36
бреза 	1	36
синя 	1	36
константин величков 	2	36
николов 	1	36
цар симеон велики 	3	36
баба тонка 	2	36
просвета 	1	36
мир 	1	36
д-р петър 	2	36
здравна 	1	36
батенберг 	1	35
чайка 	1	35
лукойл 	1	35
синя зона 	2	35
свети климент охридски 	3	35
незабравка 	1	35
архангел 	1	35
чинтулов 	1	35
коларов 	1	35
рпу 	1	35
цар иван асен 	3	35
ул. св. св. 	3	34
ломско 	1	34
ул. хаджи димитър 	3	34
ул. неофит 	2	34
екзарх йосиф 	2	34
българска 	1	34
цар борис iii 	3	34
охрид 	1	34
райко 	1	34
бул. стефан 	2	34
иларион 	1	34
инвестиционна 	1	34
друмев 	1	34
ул. св. св. кирил и 	5	34
бул. ботевградско шосе 	3	34
божур 	1	34
към 	1	34
княгиня мария 	2	34
акад. иван 	2	34
ломско шосе 	2	34
инвестиционна банка 	2	34
малинов 	1	34
бул. ботевградско 	2	34
ул. св. св. кирил 	4	34
пенчо славейков 	2	34
the 	1	33
бул. априлско 	2	33
владимир вазов 	2	33
марин 	1	33
първа инвестиционна банка 	3	33
при 	1	33
русе 	1	33
места 	1	33
ул.иван вазов 	2	33
club 	1	33
първа инвестиционна 	2	33
ул. еделвайс 	2	33
добри чинтулов 	2	33
петлешков 	1	33
княгиня мария луиза 	3	33
република 	1	33
ул. роза 	2	33
бул. априлско въстание 	3	33
ул. витоша 	2	33
цветан 	1	33
орел 	1	32
бул. андрей 	2	32
димчо дебелянов 	2	32
царица 	1	32
ул. братя миладинови 	3	32
ул. марица 	2	32
гешов 	1	32
парк 	1	32
ж. 	1	32
ул.любен 	1	32
родина 	1	32
страцин 	1	32
ул.здравец 	1	32
мадара 	1	32
ул.любен каравелов 	2	32
димитрова 	1	32
ул. отец 	2	32
ж. к. 	2	32
бул. акад. иван 	3	32
вит 	1	31
булбанк 	1	31
марешки 	1	31
тотю 	1	31
архангел михаил 	2	31
румянцев 	1	31
акация 	1	31
ул. асен 	2	31
бул. владимир вазов 	3	31
смолян 	1	31
хр. 	1	31
м. 	1	31
бул. владимир 	2	31
дом за 	2	31
сълза 	1	31
александър малинов 	2	31
ж.к. 	1	31
георги с. 	2	31
розова 	1	31
бар 	1	31
к. яворов 	2	31
библиотека 	1	31
съд 	1	31
бул. васил левски 	3	31
ген. скобелев 	2	31
палаузов 	1	30
тинтява 	1	30
велинград 	1	30
росица 	1	30
ул. алеко 	2	30
ну 	1	30
ул.шипка 	1	30
ул.александър стамболийски 	2	30
бул. александър малинов 	3	30
момина сълза 	2	30
майор 	1	30
пловдив 	1	30
здравна служба 	2	30
ул. теменуга 	2	30
трети 	1	30
ул. атанас 	2	30
чавдар войвода 	2	30
ул. баба 	2	30
ул. чавдар 	2	30
трети март 	2	30
lukoil 	1	29
ул. христо смирненски 	3	29
клиника 	1	29
георги кирков 	2	29
бул. княгиня 	2	29
ул.3-та 	1	29
бул. александър стамболийски 	3	29
асен ii 	2	29
ул. гео 	2	29
ул. поп 	2	29
христофор 	1	29
бозвели 	1	29
елена 	1	29
ул. кокиче 	2	29
бул. княгиня мария 	3	29
поликлиника 	1	29
бяла 	1	29
ул. хан кубрат 	3	29
ул. гео милев 	3	29
розова долина 	2	29
ул. цар освободител 	3	29
калина 	1	29
тимок 	1	29
спас 	1	29
георги с. раковски 	3	29
кафе 	1	29
илиев 	1	29
успение богородично 	2	29
китка 	1	29
иван асен ii 	3	28
ул. цар иван 	3	28
професионална 	1	28
ул. янко 	2	28
корпус 	1	28
филип тотю 	2	28
милин 	1	28
house 	1	28
яне сандански 	2	28
иван шишман 	2	28
крали 	1	28
ул. освобождение 	2	28
крали марко 	2	28
индустриална 	1	28
лазаров 	1	28
липа 	1	28
боян 	1	28
бул. черни 	2	28
ул. стефан стамболов 	3	28
радост 	1	28
бул. княгиня мария луиза 	4	28
искра 	1	28
бул. черни връх 	3	28
скопие 	1	28
св. иван 	2	28
ул.генерал 	1	28
яне 	1	28
милин камък 	2	28
паисий хилендарски 	2	28
ул. панайот волов 	3	28
св. николай 	2	28
ул. александър стамболийски 	3	28
уникредит 	1	28
ул. пирин 	2	28
postbank 	1	28
професионална гимназия 	2	27
царевец 	1	27
св. богородица 	2	27
к. орел 	2	27
ж. к. орел бл. 	4	27
д-р петър берон 	3	27
ул. добри 	2	27
бул. христофор 	2	27
свети георги 	2	27
ул. райна 	2	27
христофор колумб 	2	27
клуб 	1	27
колумб 	1	27
уникредит булбанк 	2	27
средец 	1	27
бул. рожен 	2	27
к. орел бл. 	3	27
ул. акад. 	2	27
орел бл. 	2	27
ул.иглика 	1	27
чудотворец 	1	27
ул. средна 	2	27
ул. отец паисий 	3	27
софроний врачански 	2	27
fibank 	1	27
спартак 	1	27
васил петлешков 	2	27
ж. к. орел 	3	27
ул. стоян 	2	27
тервел 	1	27
станция 	1	27
бул. христофор колумб 	3	27
венелин 	1	27
старата 	1	27
княз александър 	2	27
могила 	1	27
ул.освобождение 	1	26
бул. свети климент 	3	26
възнесение 	1	26
св. иван рилски 	3	26
йорданов 	1	26
медея 	1	26
и методи 	2	26
генерал гурко 	2	26
ул. цар самуил 	3	26
петрол 	1	26
христов 	1	26
ул.еделвайс 	1	26
йоан 	1	26
ул. ивайло 	2	26
васил друмев 	2	26
коста 	1	26
професионална гимназия по 	3	26
хотел 	1	26
ул. средна гора 	3	26
енев 	1	26
ул.8-ма 	1	26
дринов 	1	26
вела 	1	26
преспа 	1	26
полк. 	1	26
ул. патриарх 	2	26
горски 	1	26
ул.рила 	1	26
найден 	1	26
васил коларов 	2	26
ул. димитър благоев 	3	26
бул. свети климент охридски 	4	26
богдан 	1	26
светлина 	1	25
ул. добруджа 	2	25
цар иван шишман 	3	25
трапезица 	1	25
страшимиров 	1	25
евстратиев гешов 	2	25
добрич 	1	25
неофит бозвели 	2	25
геров 	1	25
ул.хан аспарух 	2	25
витиня 	1	25
ангелов 	1	25
комуна 	1	25
св. илия 	2	25
ул.пирин 	1	25
акад. иван евстратиев гешов 	4	25
ул. димчо 	2	25
народно 	1	25
ул. захари 	2	25
ул.9-та 	1	25
демокрация 	1	25
бул. цар симеон 	3	25
иван евстратиев гешов 	3	25
бул. акад. иван евстратиев 	4	25
unicredit 	1	25
тангента 	1	25
акад. иван евстратиев 	3	25
ул. княз борис 	3	25
лилия 	1	25
иван евстратиев 	2	25
боровец 	1	25
ул. оборище 	2	25
бул. акад. иван евстратиев гешов 	5	25
евстратиев 	1	25
омуртаг 	1	25
цанко церковски 	2	25
факултет 	1	25
ул. преслав 	2	24
ул.кокиче 	1	24
ул. кап. 	2	24
св. никола 	2	24
ул. сан стефано 	3	24
ул. иглика 	2	24
ул.братя 	1	24
централна 	1	24
цветан лазаров 	2	24
тошев 	1	24
пробуда 	1	24
гладстон 	1	24
райко даскалов 	2	24
дойран 	1	24
марин дринов 	2	24
ул. константин 	2	24
деца 	1	24
ул. бузлуджа 	2	24
бяло 	1	24
автомивка 	1	24
минзухар 	1	24
ул.7-ма 	1	24
проф. цветан 	2	24
кирил и методи 	3	24
ул. хан крум 	3	24
ул. сан 	2	24
проф. цветан лазаров 	3	24
скала 	1	24
кръстев 	1	24
битоля 	1	24
shell 	1	24
вежен 	1	24
посолство 	1	23
ул. цар калоян 	3	23
пеева 	1	23
бул. константин 	2	23
сава раковски 	2	23
ул. синчец 	2	23
ул.средна 	1	23
веслец 	1	23
икономов 	1	23
проф. д-р 	2	23
панчо 	1	23
ул. янтра 	2	23
огоста 	1	23
ул.бузлуджа 	1	23
сакъзов 	1	23
бряг 	1	23
център за 	2	23
ул.средна гора 	2	23
пейо яворов 	2	23
черковна 	1	23
клисура 	1	23
ул. родопи 	2	23
зограф 	1	23
кърджали 	1	23
православен 	1	23
латинка 	1	23
параклис св. 	2	23
ул. капитан 	2	23
неделя 	1	23
православен храм 	2	23
св. петка 	2	23
бул. проф. 	2	23
ул. люляк 	2	23
хан тервел 	2	23
александър батенберг 	2	23
газостанция 	1	23
ул. сава 	2	23
груев 	1	23
ул.георги бенковски 	2	23
света петка 	2	23
ул.6-та 	1	23
ул.9-ти 	1	23
ул. баба тонка 	3	23
цар иван асен ii 	4	23
юни 	1	22
бул. ген. 	2	22
евлоги 	1	22
ул. ангел кънчев 	3	22
руен 	1	22
бул. проф. цветан лазаров 	4	22
цанков 	1	22
владигеров 	1	22
ул. вихрен 	2	22
епопея 	1	22
северна 	1	22
тутракан 	1	22
маджаров 	1	22
ул. юрий 	2	22
строителство 	1	22
ул. елин 	2	22
свети димитър 	2	22
ул.1-ви 	1	22
ул. опълченска 	2	22
ул.изгрев 	1	22
кракра 	1	22
клокотница 	1	22
бул. проф. цветан 	3	22
ул. алеко константинов 	3	22
панчо владигеров 	2	22
ул.родопи 	1	22
диспансер 	1	22
митрополит 	1	22
гара 	1	22
бул. ломско 	2	22
бул. ломско шосе 	3	22
ул.1-ви май 	2	22
посолство на 	2	22
ул. васил априлов 	3	22
п. р. 	2	22
кът 	1	22
страхил 	1	22
индже 	1	21
копривщица 	1	21
княз александър батенберг 	3	21
баня 	1	21
ул. николай 	2	21
народно читалище 	2	21
ул. детелина 	2	21
ул.г.с.раковски 	1	21
мвр 	1	21
ул.4-та 	1	21
господне 	1	21
управление 	1	21
ру 	1	21
андрей сахаров 	2	21
дондуков 	1	21
руски 	1	21
ул.опълченска 	1	21
ул. филип 	2	21
парчевич 	1	21
цанов 	1	21
ул. райна княгиня 	3	21
рибарска 	1	21
юг 	1	21
св. троица 	2	21
сергей 	1	21
райфайзенбанк 	1	21
страхил войвода 	2	21
ул. зорница 	2	21
сбал 	1	21
ул. п. 	2	21
петко каравелов 	2	21
бул. никола петков 	3	21
вила 	1	21
индже войвода 	2	21
лазар 	1	21
ул. тинтява 	2	21
сахаров 	1	21
йоана 	1	21
победоносец 	1	21
ул.11-та 	1	21
ул. акация 	2	21
поток 	1	21
крайречна 	1	21
ул. тунджа 	2	21
ул.5-та 	1	21
андреев 	1	21
история 	1	20
пощенска банка 	2	20
за деца 	2	20
бул.българия 	1	20
бул. андрей сахаров 	3	20
г. с. 	2	20
бул. панчо владигеров 	3	20
асен йорданов 	2	20
волга 	1	20
райфайзен 	1	20
бяло море 	2	20
с 	1	20
кольо 	1	20
кочев 	1	20
техноматкомерс оод 	2	20
ул. кирил 	2	20
ст. 	1	20
сергей румянцев 	2	20
ул. илинден 	2	20
ул. свобода 	2	20
първи 	1	20
техноматкомерс 	1	20
atm 	1	20
самара 	1	20
ул. бреза 	2	20
колю 	1	20
ул. мусала 	2	20
крайбрежна 	1	20
п. р. славейков 	3	20
крепост 	1	20
европа 	1	20
света троица 	2	20
михайловски 	1	20
заболявания 	1	20
драган 	1	20
кап. петко 	2	20
ул.10-та 	1	20
ул.петко енев 	2	20
мугла 	1	20
найден геров 	2	20
ulitsa 	1	20
житница 	1	20
бул. панчо 	2	20
пътека 	1	20
царица йоана 	2	20
ген. столетов 	2	20
бул.цар 	1	20
кап. петко войвода 	3	20
ул. княз борис i 	4	20
сърница 	1	20
ул. ропотамо 	2	20
петрохан 	1	20
г. с. раковски 	3	20
момчил 	1	20
ул. екзарх 	2	20
втора 	1	20
горки 	1	20
лудогорие 	1	19
история славянобългарска 	2	19
ген. гурко 	2	19
ковачев 	1	19
север 	1	19
ул.стефан караджа 	2	19
северна скоростна тангента 	3	19
св. архангел 	2	19
спортна 	1	19
кънчов 	1	19
сини 	1	19
юрий венелин 	2	19
бул. история 	2	19
гнездо 	1	19
звезда 	1	19
ветеринарна 	1	19
храбър 	1	19
митко 	1	19
бул. васил кънчов 	3	19
pizza 	1	19
северна скоростна 	2	19
скоростна тангента 	2	19
стария 	1	19
ул.роза 	1	19
стоян заимов 	2	19
ул. илия 	2	19
антон страшимиров 	2	19
д. петков 	2	19
славянобългарска 	1	19
георги сава 	2	19
нов 	1	19
ул.люляк 	1	19
бул. история славянобългарска 	3	19
ул. струма 	2	19
ул. бачо 	2	19
ул.дунав 	1	19
безводно 	1	19
чаталджа 	1	19
пеньо 	1	19
иван александър 	2	19
ул. божур 	2	19
васил кънчов 	2	19
ул. вардар 	2	19
ул.12-та 	1	19
сливен 	1	19
г.с.раковски 	1	19
колеж 	1	19
шопов 	1	19
скоростна 	1	19
ул.цар освободител 	2	19
cafe 	1	19
живот 	1	19
св. димитър 	2	19
панега 	1	19
храм св. 	2	19
чучура 	1	19
червен 	1	19
клон 	1	19
осъм 	1	19
ул. чавдар войвода 	3	18
ул. тракия 	2	18
найчо 	1	18
mcdonald's 	1	18
бул. симеоновско шосе 	3	18
институт 	1	18
бул. добруджа 	2	18
бистро 	1	18
рай 	1	18
черноризец храбър 	2	18
епископ 	1	18
плевен 	1	18
драгоман 	1	18
ул. люлин 	2	18
ул.бор 	1	18
янко сакъзов 	2	18
найчо цанов 	2	18
габрово 	1	18
димитър димов 	2	18
ул. бачо киро 	3	18
георги победоносец 	2	18
ул. димчо дебелянов 	3	18
черноризец 	1	18
симеоновско 	1	18
ул. борис 	2	18
кочо 	1	18
районен съд 	2	18
симеоновско шосе 	2	18
ул. странджа 	2	18
ул.патриарх евтимий 	2	18
възнесение господне 	2	18
болница за 	2	18
ул. липа 	2	18
parking 	1	18
ул. момина 	2	18
ул.юрий 	1	18
филиал 	1	18
калиакра 	1	18
април 	1	18
стоилов 	1	18
ул. цанко 	2	18
ул. никола вапцаров 	3	18
ул.патриарх 	1	18
искърско 	1	18
възкресение 	1	18
ливада 	1	18
бонев 	1	18
ул.тракия 	1	18
доктор 	1	18
бул. симеоновско 	2	18
пешев 	1	18
даскал 	1	18
бул. челопешко 	2	18
захари зограф 	2	18
село 	1	18
ул. елин пелин 	3	18
данаил 	1	18
пеньо пенев 	2	18
бул. челопешко шосе 	3	18
районен 	1	18
ул. антим 	2	18
хр. ботев 	2	18
ул. съединение 	2	18
павлов 	1	18
макариополски 	1	18
бели лом 	2	18
обходен 	1	18
ул. неофит рилски 	3	18
челопешко 	1	18
георги сава раковски 	3	18
челопешко шосе 	2	18
иларион макариополски 	2	18
драган цанков 	2	18
генов 	1	18
ул. софия 	2	17
ул.атанас 	1	17
морава 	1	17
ул.гео 	1	17
ул. мургаш 	2	17
св.св. 	1	17
ул. шейново 	2	17
арх. 	1	17
ул. михаил 	2	17
национална 	1	17
ул. йосиф 	2	17
ул. иларион 	2	17
морска 	1	17
обходен път 	2	17
бул. константин величков 	3	17
февруари 	1	17
параскева 	1	17
пейо к. яворов 	3	17
restaurant 	1	17
перуника 	1	17
petrol 	1	17
никдим оод 	2	17
ул. бор 	2	17
ул. плиска 	2	17
ул. черковна 	2	17
струга 	1	17
бул. цар освободител 	3	17
александровска 	1	17
резбарска 	1	17
григор 	1	17
ул. св.св.кирил и 	3	17
ул. резбарска 	2	17
поле 	1	17
а. 	1	17
черна 	1	17
ул. ален мак 	3	17
петко д. петков 	3	17
бургас 	1	17
ул.витоша 	1	17
петко р. славейков 	3	17
и павел 	2	17
честименски 	1	17
дядо 	1	17
ул. камчия 	2	17
независимост 	1	17
ул.9-ти септември 	2	17
хризантема 	1	17
фичето 	1	17
ул.люлин 	1	17
ул. св.св.кирил и методий 	4	17
ул.юрий гагарин 	2	17
поручик 	1	17
пл. свобода 	2	17
никдим 	1	17
ул. ален 	2	17
хан омуртаг 	2	17
русалка 	1	17
ул. първа 	2	17
ул.никола вапцаров 	2	17
пейо к. 	2	17
ул.17-та 	1	17
национален 	1	17
осогово 	1	17
петко д. 	2	17
ул. св.св.кирил 	2	17
тома 	1	17
склад 	1	17
ул.борис 	1	17
петко р. 	2	17
ул.гео милев 	2	17
байкал 	1	17
спортист 	1	17
дъга 	1	17
ул.хан крум 	2	16
ул. владимир 	2	16
бул. парта 	2	16
бул. царица йоана 	3	16
ул. малина 	2	16
бул. д-р 	2	16
максим 	1	16
манастирска 	1	16
дом на 	2	16
ул.гоце 	1	16
ул. екзарх йосиф 	3	16
ул.отец 	1	16
ул.тунджа 	1	16
д-р иван 	2	16
ул.бреза 	1	16
ул. цар асен 	3	16
свети архангел 	2	16
цар петър 	2	16
калитин 	1	16
сибанк 	1	16
жк. 	1	16
бул.република 	1	16
ришки 	1	16
колев 	1	16
солун 	1	16
ясен 	1	16
ул. минзухар 	2	16
бул. царица 	2	16
ул. свети 	2	16
самоковско 	1	16
митко палаузов 	2	16
пожарна 	1	16
societe 	1	16
пицария 	1	16
доспат 	1	16
кино 	1	16
албена 	1	16
черноморска 	1	16
общински 	1	16
дичо петров 	2	16
петър дертлиев 	2	16
ул. пролет 	2	16
ал. стамболийски 	2	16
златен 	1	16
ул. панайот хитов 	3	16
детство 	1	16
райфайзен банк 	2	16
дон 	1	16
експресбанк 	1	16
ул. боян 	2	16
самоковско шосе 	2	16
николай чудотворец 	2	16
генерал скобелев 	2	16
ул. патриарх евтимий 	3	16
екзарх антим 	2	16
бул. асен 	2	16
бул. възкресение 	2	16
bulbank 	1	16
вела пеева 	2	16
ул.младост 	1	16
лале 	1	16
дертлиев 	1	16
софийско 	1	16
пощенска станция 	2	16
ул.гоце делчев 	2	16
ул. гоце делчев 	3	16
дичо 	1	16
ул. гоце 	2	16
константин фотинов 	2	16
фотинов 	1	16
св. архангел михаил 	3	16
ул. радецки 	2	16
възрожденска 	1	16
ул.18-та 	1	16
ул.15-та 	1	16
ришки проход 	2	16
владислав 	1	16
бул. асен йорданов 	3	16
парта 	1	16
св.патриарх 	1	16
цветна 	1	16
тополите 	1	16
ул. антон 	2	16
св.патриарх евтимий 	2	16
ул.малина 	1	16
еко 	1	16
хайдушка 	1	16
марина 	1	15
ул. антим i 	3	15
детски 	1	15
дамян 	1	15
орфей 	1	15
полиция 	1	15
януари 	1	15
ул.22-ра 	1	15
ул.марица 	1	15
happy 	1	15
софийско шосе 	2	15
ул. ком 	2	15
ул.акация 	1	15
махала 	1	15
ленин 	1	15
гробище 	1	15
вир 	1	15
богориди 	1	15
панорама 	1	15
ул. козлодуй 	2	15
полицейско 	1	15
ул. беласица 	2	15
ул.победа 	1	15
бул. източен 	2	15
ул. коста 	2	15
ul. 	1	15
частна 	1	15
ул.19-та 	1	15
василев 	1	15
каменица 	1	15
манастир св. 	2	15
източен 	1	15
магазин 	1	15
стопанство 	1	15
хижа 	1	15
константин и 	2	15
ул. славянска 	2	15
ж.к. тракия 	2	15
ул. хемус 	2	15
владимир заимов 	2	15
в 	1	15
ул.св.св.кирил 	1	15
ул.св.св.кирил и 	2	15
ул. битоля 	2	15
ул. йордан йовков 	3	15
брези 	1	15
свето 	1	15
змм 	1	15
владо 	1	15
ул.14-та 	1	15
свети архангел михаил 	3	15
уилям 	1	15
узунов 	1	15
societe generale 	2	15
ул. асен златаров 	3	15
ул. страцин 	2	15
горна 	1	15
лозенград 	1	15
бул. стефан стамболов 	3	15
ул.димитър благоев 	2	15
самоков 	1	15
ханче 	1	15
ул. света 	2	15
ул. филип тотю 	3	15
unicredit bulbank 	2	15
възход 	1	15
екзарх антим i 	3	15
ул.ангел 	1	15
бакалов 	1	15
рождество 	1	15
свети николай 	2	15
ул.искър 	1	15
димитър талев 	2	15
ул.драва 	1	15
брацигово 	1	15
ул. явор 	2	15
ул. софроний 	2	15
понтон 	1	15
generale 	1	15
обединител 	1	15
зала 	1	15
ул. веслец 	2	15
летен 	1	15
талев 	1	15
перла 	1	15
майка 	1	15
богомил 	1	15
шкорпил 	1	15
ив. 	1	15
center 	1	15
габровски 	1	15
ул. г. 	2	15
ул.славянска 	1	15
ул. победа 	2	14
янев 	1	14
областен 	1	14
ул. цар симеон велики 	4	14
ал.батенберг 	1	14
хайдут 	1	14
цветна градина 	2	14
безименна 	1	14
ул. сливница 	2	14
ул. г.с.раковски 	2	14
ганчев 	1	14
среща 	1	14
iii обединител 	2	14
водопад 	1	14
за х. 	2	14
лиляна 	1	14
водно 	1	14
търговски 	1	14
ул. майор 	2	14
три 	1	14
обретенов 	1	14
мито 	1	14
сбал по 	2	14
мальовица 	1	14
песен 	1	14
текстилни влакна ад 	3	14
на културата 	2	14
езеро 	1	14
наум 	1	14
професор 	1	14
декември 	1	14
ул. огоста 	2	14
ул.13-та 	1	14
ильо войвода 	2	14
ул. яне 	2	14
чумерна 	1	14
ул.мир 	1	14
гладстоун 	1	14
ул.панайот 	1	14
път към 	2	14
ул.христо смирненски 	2	14
стоил 	1	14
ясенов 	1	14
български 	1	14
стоян михайловски 	2	14
стойков 	1	14
текстилни влакна 	2	14
полицейски 	1	14
даме груев 	2	14
ул. одрин 	2	14
бул. освобождение 	2	14
ильо 	1	14
уилям гладстон 	2	14
балканска 	1	14
даме 	1	14
знаме 	1	14
д-р асен 	2	14
христо ясенов 	2	14
макгахан 	1	14
ул. васил петлешков 	3	14
ул.отец паисий 	2	14
гаврил 	1	14
борис iii обединител 	3	14
ул. яне сандански 	3	14
ул. даскал 	2	14
полицейско управление 	2	14
кресна 	1	14
казанлък 	1	14
д-р асен златаров 	3	14
адам 	1	14
ул. незабравка 	2	14
максим горки 	2	14
текстилни 	1	14
детско 	1	14
змм ад 	2	14
георги раковски 	2	14
панагюрище 	1	14
бърдо 	1	14
културата 	1	14
влакна ад 	2	14
ул. неофит бозвели 	3	14
влакна 	1	14
цар иван александър 	3	14
city 	1	14
ул. мир 	2	14
горска 	1	14
ул. росица 	2	14
георгиеви 	1	14
ул.теменуга 	1	14
ела 	1	13
княз ал.батенберг 	2	13
ул.илинден 	1	13
ул. търговска 	2	13
морулей 	1	13
св. княз борис 	3	13
coffee 	1	13
св. патриарх евтимий 	3	13
свети никола 	2	13
яна 	1	13
ул.комсомолска 	1	13
ул.детелина 	1	13
шар 	1	13
ботева 	1	13
пещерско 	1	13
кондолов 	1	13
ул. страхил 	2	13
бул. вардар 	2	13
света богородица 	2	13
бул.цар борис iii обединител 	4	13
загора 	1	13
мицкевич 	1	13
ул. захари стоянов 	3	13
ул.ален 	1	13
проф. д-р асен златаров 	4	13
кюстендил 	1	13
ул.крайречна 	1	13
ул. спартак 	2	13
балчик 	1	13
езикова 	1	13
водно строителство 	2	13
златна тракия ад 	3	13
георги кондолов 	2	13
бул. симеон велики 	3	13
и елена 	2	13
ул. страхил войвода 	3	13
геоги кочев 	2	13
банкомат 	1	13
хора 	1	13
ул.цар симеон 	2	13
ненчо 	1	13
пърличев 	1	13
спортно 	1	13
ул. изгрев 	2	13
дефиле 	1	13
драматичен 	1	13
дрин 	1	13
пантелеймон 	1	13
геоги 	1	13
хисар 	1	13
трифон 	1	13
нов живот 	2	13
бул. симеон 	2	13
п. к. яворов 	3	13
велека 	1	13
пещерско шосе 	2	13
ул. момина сълза 	3	13
п. к. 	2	13
янко комитов 	2	13
ул. бяло 	2	13
камъни 	1	13
дъбрава 	1	13
la 	1	13
св.св. кирил 	2	13
кочо честименски 	2	13
адам мицкевич 	2	13
ул. латинка 	2	13
южен 	1	13
ул. кап. петко войвода 	4	13
яким 	1	13
разлог 	1	13
първи май 	2	13
бул.цар борис iii 	3	13
гостилница 	1	13
комитов 	1	13
ул. митрополит 	2	13
аракийски мост 	2	13
ул.д-р 	1	13
асен i 	2	13
драматичен театър 	2	13
васил кънчев 	2	13
бул. геоги 	2	13
якимов 	1	13
аракийски 	1	13
бул. геоги кочев 	3	13
москва 	1	13
и христо 	2	13
технологии 	1	13
св.св. кирил и 	3	13
проф. д-р асен 	3	13
момчил войвода 	2	13
есперанто 	1	13
мизия 	1	13
златна тракия 	2	13
ул.захари 	1	13
напредък 	1	13
пушкин 	1	13
участък 	1	13
ул. кап. петко 	3	13
sofia 	1	13
ул.ален мак 	2	13
лозарска 	1	13
ловна 	1	13
тракия ад 	2	13
летен театър 	2	13
бул.цар борис 	2	13
ул. пенчо 	2	13
транспорт 	1	13
шеста 	1	13
ул. цар иван шишман 	4	13
на мвр 	2	13
капитан петко войвода 	3	13
матей 	1	13
карлово 	1	13
ул. иларион макариополски 	3	13
ул. охрид 	2	13
сладкарница 	1	13
п.р.славейков 	1	13
сребърна 	1	13
орлово 	1	13
китанчев 	1	13
ул. житница 	2	13
слънце 	1	13
св. спас 	2	13
полицейски участък 	2	13
ул. булаир 	2	13
гергана 	1	13
капитан петко 	2	13
ямбол 	1	13
и христо георгиеви 	3	13
езера 	1	13
христо георгиеви 	2	13
св. княз 	2	13
антон иванов 	2	13
пирот 	1	13
ул.тодор каблешков 	2	13
сердика 	1	13
ул. бели 	2	13
евлоги и 	2	13
ул. арда 	2	13
св. патриарх 	2	13
палавеев 	1	12
ул. св. климент 	3	12
светослав 	1	12
петрини 	1	12
ул.антон 	1	12
константин стоилов 	2	12
пеев 	1	12
ул.спартак 	1	12
ул. трети 	2	12
lidl 	1	12
ул.тинтява 	1	12
дамянов 	1	12
ул. трети март 	3	12
ул.оборище 	1	12
маринов 	1	12
дъб 	1	12
силистра 	1	12
щастливо детство 	2	12
орлово гнездо 	2	12
младежки 	1	12
ул. солун 	2	12
златна панега 	2	12
андрей ляпчев 	2	12
брюксел 	1	12
трета 	1	12
емануил 	1	12
век 	1	12
фортов 	1	12
ул.3-ти март 	2	12
бул. евлоги и христо 	4	12
югоплод 	1	12
вход 	1	12
antim 	1	12
армия 	1	12
ул.лазар 	1	12
ул. пенчо славейков 	3	12
пашов 	1	12
трайко 	1	12
мина 	1	12
григор пърличев 	2	12
ненчо палавеев 	2	12
дончо 	1	12
ул.стоян 	1	12
ул.21-ва 	1	12
а 	1	12
ул. батак 	2	12
въча 	1	12
ул. александровска 	2	12
спортно училище 	2	12
ул.дружба 	1	12
атанасий 	1	12
ул. бистрица 	2	12
сакар 	1	12
ливади 	1	12
славянски 	1	12
жк 	1	12
миланов 	1	12
ул. генерал гурко 	3	12
пресвета 	1	12
областен диспансер 	2	12
ана 	1	12
ул.16-та 	1	12
владайско въстание 	2	12
ул.3-ти 	1	12
стара загора 	2	12
дрангов 	1	12
софийски 	1	12
ул. ал. 	2	12
одеса 	1	12
ул.пролет 	1	12
ул. граф 	2	12
ул. милин 	2	12
ул. бяла 	2	12
полимерметал 	1	12
републиканска 	1	12
дирекция 	1	12
северен 	1	12
заводска 	1	12
ул. цанко церковски 	3	12
щастливо 	1	12
пророк илия 	2	12
і 	1	12
бул. андрей ляпчев 	3	12
ул. найден 	2	12
лечение 	1	12
ул. добри чинтулов 	3	12
заря 	1	12
ул. милин камък 	3	12
миньорска 	1	12
бул. евлоги 	2	12
чудомир 	1	12
борова гора 	2	12
панайотов 	1	12
ул. петър берон 	3	12
ул. ген. столетов 	3	12
манов 	1	12
н. й. 	2	12
office 	1	12
ул. георги димитров 	3	12
кв. бистрица 	2	12
тотлебен 	1	12
пророк 	1	12
диспансер за 	2	12
четвърта 	1	12
заслон 	1	12
червена 	1	12
евангелска 	1	12
ул.захари стоянов 	2	12
бул. евлоги и христо георгиеви 	5	12
югоплод оод 	2	12
брегалница 	1	12
ул.хаджи ненчо палавеев 	3	12
ул. марин 	2	12
царибродска 	1	12
ул. пейо 	2	12
ул.хаджи ненчо 	2	12
евлоги и христо 	3	12
борова 	1	12
добрев 	1	12
ул. софроний врачански 	3	12
фортов път 	2	12
бояджиев 	1	12
кантарджиев 	1	12
боянов 	1	12
бул. славянски 	2	12
минков 	1	12
момин 	1	12
бул. евлоги и 	3	12
ул.8-ми 	1	12
инвестбанк 	1	12
ул. манастирска 	2	12
чарк 	1	12
бул. стефан караджа 	3	12
миньор 	1	12
полимерметал еоод 	2	12
китен 	1	12
ул.партизанска 	1	12
козма 	1	12
alpha bank 	2	12
ул. васил друмев 	3	12
park 	1	12
alpha 	1	12
евлоги и христо георгиеви 	4	12
ул.радецки 	1	12
ляпчев 	1	12
регионална 	1	12
попова 	1	12
владайско 	1	12
стадиона 	1	12
велчо 	1	11
илиянци 	1	11
ул. преспа 	2	11
ул. места 	2	11
захариев 	1	11
велешки 	1	11
скобелева 	1	11
драма 	1	11
олимп 	1	11
ул.балкан 	1	11
ул.елена 	1	11
кисьов 	1	11
болести 	1	11
крайречен 	1	11
юндола 	1	11
паметник 	1	11
девета 	1	11
цкб 	1	11
европейски 	1	11
станислав 	1	11
дом за деца 	3	11
н. й. вапцаров 	3	11
комсомолска 	1	11
ул.незабравка 	1	11
ул. китка 	2	11
ulitsa ekzarh antim 	3	11
симеон i 	2	11
ул. чаталджа 	2	11
вилата на 	2	11
перущица 	1	11
боримечката 	1	11
ул. искърско 	2	11
ул.кирил 	1	11
враца 	1	11
г. м. димитров 	3	11
ул.сергей 	1	11
г. м. 	2	11
областна 	1	11
липите 	1	11
родопски 	1	11
улица екзарх антим 	3	11
ул.сергей румянцев 	2	11
ул.панайот волов 	2	11
пим оод 	2	11
найденов 	1	11
ул.свобода 	1	11
българска армия 	2	11
ул. крали 	2	11
развитие 	1	11
звънче 	1	11
константин и елена 	3	11
рид 	1	11
ул. индустриална 	2	11
бул. пенчо славейков 	3	11
искърско дефиле 	2	11
ул.йордан 	1	11
дом на културата 	3	11
подпоручик 	1	11
рспбзн 	1	11
ул. граф игнатиев 	3	11
eko 	1	11
ул. крали марко 	3	11
вр. 	1	11
ул. бяло море 	3	11
кънев 	1	11
ул. сребърна 	2	11
соп 	1	11
августа 	1	11
разград 	1	11
ул. велико 	2	11
ул. македония 	2	11
ул. юрий гагарин 	3	11
ул. христо ясенов 	3	11
ekzarh antim 	2	11
августа траяна 	2	11
ulitsa ekzarh 	2	11
локално 	1	11
администрация 	1	11
петър и 	2	11
седма 	1	11
вик 	1	11
скали 	1	11
галерия 	1	11
ген. владимир 	2	11
ул. хан тервел 	3	11
ул. дойран 	2	11
академия 	1	11
атанас узунов 	2	11
левочево 	1	11
ниш 	1	11
воден 	1	11
туризъм 	1	11
траяна 	1	11
здраве 	1	11
шишманов 	1	11
езикова гимназия 	2	11
ekzarh 	1	11
шар планина 	2	11
петър и павел 	3	11
ул. царибродска 	2	11
ул.явор 	1	11
мидия 	1	11
скобелева майка 	2	11
улица екзарх 	2	11
ркс 	1	11
ул. искърско дефиле 	3	11
силянов 	1	11
бул. копривщица 	2	11
цар асен i 	3	11
ул. трифон 	2	11
пещера 	1	11
селище 	1	11
вилата 	1	11
ул. калоян 	2	11
герман 	1	11
ул. фортов 	2	11
ул. св. климент охридски 	4	11
локално платно 	2	11
върба 	1	11
д-р г. 	2	11
станев 	1	11
ул. витиня 	2	11
пим 	1	11
ул.алеко 	1	11
карцов 	1	11
калофер 	1	11
алфа 	1	11
ул. андрей 	2	11
локално платно соп 	3	11
платно 	1	11
чая 	1	11
въстаническа 	1	11
владая 	1	11
веселин 	1	11
д-р. 	1	11
мелник 	1	11
мечта 	1	11
б 	1	11
ул. възраждане 	2	11
ул. розова 	2	11
ул. розова долина 	3	11
от 	1	11
бул. пенчо 	2	11
райчо 	1	11
домат 	1	11
петър парчевич 	2	11
гвардия 	1	11
улица екзарх антим i 	4	11
иванка 	1	11
марков 	1	11
х.мургана 	1	11
карев 	1	11
ул. черни 	2	11
ул.вихрен 	1	11
м. димитров 	2	11
платно соп 	2	11
велики преслав 	2	11
ул. янко сакъзов 	3	11
околчица 	1	11
лаборатория 	1	11
огнянов 	1	11
ул. сини 	2	11
чинар 	1	11
белмекен 	1	11
ул. фортов път 	3	11
ул. тимок 	2	11
ул.велико 	1	11
ул. зора 	2	11
добричка 	1	10
колю фичето 	2	10
дух 	1	10
ул.прогрес 	1	10
транспортна 	1	10
заведение 	1	10
център по 	2	10
феликс 	1	10
пл. лъвов мост 	3	10
лъвов 	1	10
ул. борова гора 	3	10
единадесета 	1	10
бул. захари 	2	10
бул. пейо к. 	3	10
единство 	1	10
невен 	1	10
ул. петко каравелов 	3	10
жк. дружба 	2	10
ул. средец 	2	10
владислав варненчик 	2	10
ул. цветна 	2	10
ул. спортист 	2	10
ул.цар калоян 	2	10
факултет по 	2	10
тракийска 	1	10
ул. кочо 	2	10
тополница 	1	10
русев 	1	10
ул. мадара 	2	10
братя шкорпил 	2	10
пиротска 	1	10
рогошко шосе 	2	10
ул. цар петър 	3	10
ветеринарна клиника 	2	10
бул. гоце 	2	10
ул. трапезица 	2	10
хан кардам 	2	10
кукуш 	1	10
ул.райко 	1	10
софийска 	1	10
грънчаров 	1	10
ул. пейо яворов 	3	10
ул. борова 	2	10
земеделска 	1	10
електротехника 	1	10
ружа 	1	10
ул.8-ми март 	2	10
бъдеще 	1	10
ул. стоян заимов 	3	10
елисавета 	1	10
св. георги победоносец 	3	10
толстой 	1	10
кладенче 	1	10
стари 	1	10
космонавт 	1	10
пета 	1	10
автосервиз 	1	10
момчилов 	1	10
ул.батак 	1	10
кат 	1	10
angel 	1	10
бул. тодор 	2	10
медицина 	1	10
проф. яким якимов 	3	10
доспевски 	1	10
централна поща 	2	10
пл. лъвов 	2	10
национален център 	2	10
варненчик 	1	10
ул. макгахан 	2	10
sultan's trail 	2	10
ул. д-р петър берон 	4	10
зографски 	1	10
поляни 	1	10
градинарска 	1	10
осми 	1	10
ул.бояна 	1	10
двадесет и 	2	10
бул. св. 	2	10
бул. ришки проход 	3	10
първа българска армия 	3	10
ул.търговска 	1	10
ул. вит 	2	10
спиди 	1	10
равнец 	1	10
trail 	1	10
областен диспансер за 	3	10
бул. гоце делчев 	3	10
проф. яким 	2	10
бул. никола й. 	3	10
ул.възраждане 	1	10
food 	1	10
с.раковски 	1	10
станчев 	1	10
десета 	1	10
странджата 	1	10
grill 	1	10
ркс хасково 	2	10
емил 	1	10
ул.велико търново 	2	10
ул. клокотница 	2	10
dsk 	1	10
бул. хаджи 	2	10
бул. пейо 	2	10
пресиян 	1	10
кв. аракийски 	2	10
св. йоан 	2	10
никола обретенов 	2	10
sultan's 	1	10
феликс каниц 	2	10
ул. д-р петър 	3	10
бизнес 	1	10
никола малашевски 	2	10
вяра 	1	10
асенов 	1	10
ян 	1	10
ул. лилия 	2	10
банско 	1	10
дон домат 	2	10
ул. скопие 	2	10
снежанка 	1	10
ненов 	1	10
ул.бяло море 	2	10
generale експресбанк 	2	10
ул.ропотамо 	1	10
бул. драган 	2	10
ул.райко даскалов 	2	10
ул. юрий венелин 	3	10
платен паркинг 	2	10
бул. европейски път 	3	10
ул. първа българска 	3	10
ул. златна 	2	10
никола карев 	2	10
булевард брюксел 	2	10
ул.козлодуй 	1	10
societe generale експресбанк 	3	10
бул. ришки 	2	10
лагуна 	1	10
бул. тодор александров 	3	10
яким якимов 	2	10
двадесет 	1	10
beach 	1	10
търновски 	1	10
св. пророк илия 	3	10
студен 	1	10
бул. хаджи димитър 	3	10
дечев 	1	10
лиляна димитрова 	2	10
кръстьо 	1	10
николова 	1	10
криволак 	1	10
княз дондуков 	2	10
лев 	1	10
бул. пейо к. яворов 	4	10
бул. драган цанков 	3	10
николаев 	1	10
улица иван 	2	10
ул.23-та 	1	10
су 	1	10
държавна 	1	10
ул. крайречна 	2	10
бриз 	1	10
бул. никола й. вапцаров 	4	10
ул. първа българска армия 	4	10
ул. младост 	2	10
бул. европейски 	2	10
първа българска 	2	10
кардам 	1	10
овча 	1	10
владайска 	1	10
маестро 	1	10
ул. райко 	2	10
рогошко 	1	10
мбал хасково 	2	10
ул. найден геров 	3	10
спасов 	1	10
европейски път 	2	10
прилеп 	1	10
ул.поп 	1	10
ул. дружба 	2	10
скара 	1	10
младен 	1	10
матов 	1	10
общински пазар 	2	10
платен 	1	10
теодор 	1	10
ул.бяло 	1	10
бул. съединение 	2	10
ул. велико търново 	3	10
каниц 	1	10
кв. аракийски мост 	3	10
бул. захари стоянов 	3	10
ул.алеко константинов 	2	10
лъвов мост 	2	10
видин 	1	10
ул. полк. 	2	10
малашевски 	1	10
велко 	1	10
троян 	1	10
п.к.яворов 	1	10
ул. васил кънчев 	3	10
ул.цанко 	1	10
ул. драва 	2	10
ул.плиска 	1	10
св 	1	10
ул. сергей 	2	10
ул. струга 	2	10
св. пророк 	2	10
търновска 	1	9
ул.илия 	1	9
черешово 	1	9
бул. добричка епопея 	3	9
ул. черно 	2	9
димитър списаревски 	2	9
angel darakchiev 	2	9
цар шишман 	2	9
палата 	1	9
специализирана 	1	9
ген. тотлебен 	2	9
ул.искра 	1	9
улица иван пашов 	3	9
бул. д-р г. м. димитров 	5	9
speedy 	1	9
darakchiev 	1	9
ахелой 	1	9
октомври 	1	9
бул. владислав 	2	9
георги кисьов 	2	9
света параскева 	2	9
ул. цветна градина 	3	9
велчова завера 	2	9
atm първа инвестиционна банка 	4	9
триград 	1	9
лебед 	1	9
полк 	1	9
момин проход 	2	9
ул.24-та 	1	9
черен 	1	9
тодорини 	1	9
мъглиж 	1	9
войников 	1	9
круша 	1	9
ул. кирил и 	3	9
михай еминеску 	2	9
бул. георги 	2	9
ул. пловдив 	2	9
петър бонев 	2	9
христо силянов 	2	9
ул.свети 	1	9
люлебургаз 	1	9
бул. д-р г. м. 	4	9
of 	1	9
мусаленска 	1	9
ул.св.св.кирил и методий 	3	9
жеравна 	1	9
ул. космонавт 	2	9
магесник 	1	9
бул. ген. скобелев 	3	9
ангел войвода 	2	9
костина 	1	9
св. св. кирил и методи 	5	9
еад 	1	9
варшава 	1	9
atm първа инвестиционна 	3	9
кавала 	1	9
успение на 	2	9
hotel 	1	9
д-р г. м. димитров 	4	9
горски път 	2	9
кукленско 	1	9
клас 	1	9
ген. йосиф 	2	9
ул. хан омуртаг 	3	9
арнаудов 	1	9
ул. искра 	2	9
втори 	1	9
мусаленска пътека 	2	9
алфа банк 	2	9
rompetrol 	1	9
на пресвета богородица 	3	9
георги измирлиев 	2	9
бул. д-р. петър дертлиев 	4	9
бул. михай 	2	9
диана 	1	9
съдебна палата 	2	9
ул. извор 	2	9
пресвета богородица 	2	9
радев 	1	9
студен кладенец 	2	9
ул. златна панега 	3	9
чемшир 	1	9
дойчев 	1	9
измирлиев 	1	9
ул.байкал 	1	9
банска 	1	9
св. петър 	2	9
лерин 	1	9
на пресвета 	2	9
ул. градина 	2	9
родина хасково 	2	9
стена 	1	9
полковник 	1	9
г.с. раковски 	2	9
иван пашов 	2	9
сграда 	1	9
георги бакалов 	2	9
зайчар 	1	9
сарафов 	1	9
г.с. 	1	9
ул.сан 	1	9
слънчев 	1	9
fresh 	1	9
болнична 	1	9
груп 	1	9
св. николай чудотворец 	3	9
ул. марин дринов 	3	9
улица никола 	2	9
съдебна 	1	9
папазов 	1	9
завера 	1	9
бул. д-р г. 	3	9
списаревски 	1	9
exchange 	1	9
ул.капитан 	1	9
пампорово 	1	9
данчов 	1	9
елисавета багряна 	2	9
парижка 	1	9
ул. морава 	2	9
прогрес 	1	9
улица княз борис i 	4	9
ул.арда 	1	9
парижка комуна 	2	9
ул.борис спиров 	2	9
младежка 	1	9
витошки 	1	9
д-р. петър дертлиев 	3	9
стадион 	1	9
димо 	1	9
добри войников 	2	9
опълченец 	1	9
first 	1	9
данов 	1	9
трявна 	1	9
ул. иван асен 	3	9
ул. черни връх 	3	9
пмг 	1	9
стар 	1	9
технически 	1	9
база 	1	9
босилек 	1	9
ул. брацигово 	2	9
баучер 	1	9
св. кирил и методи 	4	9
ул. владайско 	2	9
арена 	1	9
киров 	1	9
нишава 	1	9
юго 	1	9
ул.кирил и методий 	3	9
ул. хайдут 	2	9
кожухаров 	1	9
ул.странджа 	1	9
ефрем 	1	9
боян магесник 	2	9
бул. д-р. петър 	3	9
слънчева 	1	9
велчова 	1	9
ул. черно море 	3	9
ул.кирил и 	2	9
крайна 	1	9
хасково ад 	2	9
бул. северен 	2	9
данаил николаев 	2	9
бул. добричка 	2	9
green 	1	9
рашо 	1	9
бесарабия 	1	9
овча купел 	2	9
изток 	1	9
михай 	1	9
супермаркет 	1	9
іі 	1	9
нестор 	1	9
бисер 	1	9
аспарухов 	1	9
тошков 	1	9
ул. вежен 	2	9
г. бенковски 	2	9
добричка епопея 	2	9
драгостинов 	1	9
младежки дом 	2	9
електроника 	1	9
екатерина 	1	9
джеймс 	1	9
рехабилитация 	1	9
бабуна 	1	9
бул. михай еминеску 	3	9
обзор 	1	9
парапунов 	1	9
строителство ад 	2	9
ул. мальовица 	2	9
михаил такев 	2	9
градска 	1	9
такев 	1	9
общежитие 	1	9
ул. ефрем 	2	9
костенец 	1	9
ул. сергей румянцев 	3	9
полянов 	1	9
съгласие 	1	9
райчев 	1	9
спиров 	1	9
спирка 	1	9
багряна 	1	9
ул.орфей 	1	9
западна 	1	9
детско заведение 	2	9
ул. лиляна 	2	9
св. дух 	2	9
родина хасково ад 	3	9
atm първа 	2	9
раковска 	1	9
свила 	1	9
българка 	1	9
кукленско шосе 	2	9
водно строителство ад 	3	9
институт по 	2	9
оу васил 	2	9
ул. младен 	2	9
купел 	1	9
енос 	1	9
улица княз борис 	3	9
трепетлика 	1	9
д-р г. м. 	3	9
булевард гладстоун 	2	9
ул. гергана 	2	9
сини камъни 	2	9
ул.зора 	1	9
бул. св. патриарх 	3	9
ул. владайско въстание 	3	9
предтеча 	1	9
ул. чудомир 	2	9
ул. хр. 	2	9
джеймс баучер 	2	9
ул.20-та 	1	9
бул. св. патриарх евтимий 	4	9
еминеску 	1	9
ул. ал. стамболийски 	3	9
по туризъм 	2	9
ул. царевец 	2	9
куклен 	1	9
общинска 	1	9
улица княз 	2	9
бул. владислав варненчик 	3	9
бунар 	1	9
ул. вела 	2	9
манолов 	1	9
д-р. петър 	2	9
ул.сан стефано 	2	9
ул. д-р иван 	3	9
бул. д-р. 	2	9
септемврийци 	1	8
ул.пейо 	1	8
николай мирликийски 	2	8
ген. йосиф в. гурко 	4	8
черква 	1	8
златарски 	1	8
йосиф в. 	2	8
св. възнесение 	2	8
ул.цанко церковски 	2	8
боянски 	1	8
централен 	1	8
ландос 	1	8
тир 	1	8
христово 	1	8
мара 	1	8
папрат 	1	8
windegger 	1	8
ул. максим 	2	8
селимински 	1	8
таньо 	1	8
хъшове 	1	8
даскалови 	1	8
кметство с. 	2	8
сирма войвода 	2	8
специализирана болница 	2	8
ул. чайка 	2	8
бул. мадара 	2	8
калето 	1	8
бели брези 	2	8
цветница 	1	8
бойчо 	1	8
паркинг на 	2	8
и митодий 	2	8
central 	1	8
т. 	1	8
ул. осогово 	2	8
недялков 	1	8
з. 	1	8
sushi 	1	8
таньо войвода 	2	8
младенов 	1	8
цар симеон i 	3	8
беловодски път 	2	8
ул. княз александър 	3	8
жк сини камъни бл 	4	8
добротица 	1	8
техникум 	1	8
въведение 	1	8
беловодски 	1	8
straße 	1	8
ул. индже 	2	8
обединена 	1	8
в. гурко 	2	8
белия 	1	8
генерал столетов 	2	8
железопътна 	1	8
бул.сан 	1	8
пиреос 	1	8
ул. сини вир 	3	8
ул.г. с. 	2	8
аспарухов мост 	2	8
врата 	1	8
рог 	1	8
ул. арх. 	2	8
поморие 	1	8
митодий 	1	8
ген. кирил 	2	8
костов 	1	8
ул. патриарх герман 	3	8
ул.пеньо 	1	8
бул. цар симеон велики 	4	8
ул. драгоман 	2	8
обединено 	1	8
славейче 	1	8
път север 	2	8
лубянски 	1	8
бул. петко 	2	8
храни 	1	8
bulgaria 	1	8
бул. болнична 	2	8
ул. лозенград 	2	8
улица захари стоянов 	3	8
летоструй 	1	8
простор 	1	8
пловдивска 	1	8
лятно 	1	8
панов 	1	8
ямболен 	1	8
ул. надежда 	2	8
генчо 	1	8
ул. спас 	2	8
слатина 	1	8
кладенци 	1	8
челопеч 	1	8
национален център по 	3	8
ул.княз 	1	8
ягодовско шосе 	2	8
ул.г. с. раковски 	3	8
ул. цар иван асен 	4	8
бул. илиянци 	2	8
добри христов 	2	8
ловен 	1	8
мирликийски 	1	8
специализирана болница за 	3	8
зърнени храни ад 	3	8
лев толстой 	2	8
бул. велики 	2	8
ю. 	1	8
орешака 	1	8
ул. кракра 	2	8
районна 	1	8
китайски 	1	8
камъни бл 	2	8
ул.липа 	1	8
димитър полянов 	2	8
ул. цар борис 	3	8
кара 	1	8
преображение 	1	8
герджиков 	1	8
ул. индже войвода 	3	8
вършец 	1	8
expressbank 	1	8
ул. тодорини 	2	8
ул. максим горки 	3	8
зеленика 	1	8
лазар маджаров 	2	8
владайска река 	2	8
ягода 	1	8
go 	1	8
на република 	2	8
ул. летоструй 	2	8
ул. пирот 	2	8
зърнени 	1	8
бой 	1	8
брезник 	1	8
свети иван 	2	8
моллов 	1	8
ул.розова 	1	8
балик 	1	8
ул.розова долина 	2	8
ул.чайка 	1	8
авксентий 	1	8
лубянски площад 	2	8
ул. русалка 	2	8
ул. варна 	2	8
дряново 	1	8
стара река 	2	8
народни будители 	2	8
методи кусев 	2	8
ул. пиротска 	2	8
чдг 	1	8
петрова 	1	8
болярска 	1	8
ген. йосиф в. 	3	8
ул.тича 	1	8
ул. река 	2	8
проф. иван 	2	8
ягодовско 	1	8
войнишка 	1	8
малчика 	1	8
ул.стефан стамболов 	2	8
народна 	1	8
пу 	1	8
ул.цар самуил 	2	8
сини камъни бл 	3	8
наумов 	1	8
георги данчов 	2	8
труд 	1	8
жк сини камъни 	3	8
теодосий 	1	8
враня 	1	8
храни ад 	2	8
ул. лале 	2	8
сирма 	1	8
начално училище 	2	8
ул. тополите 	2	8
кисимов 	1	8
мечо 	1	8
фантазия 	1	8
районно 	1	8
григорий 	1	8
кооперативна 	1	8
терешкова 	1	8
промишлена 	1	8
прокредит 	1	8
бял 	1	8
ул. симеон 	2	8
патриарх герман 	2	8
ул.надежда 	1	8
ул. околчица 	2	8
горанов 	1	8
ул. георги кирков 	3	8
тодор икономов 	2	8
subway 	1	8
обединено детско заведение 	3	8
йосиф в. гурко 	3	8
бул. братя 	2	8
оу св. 	2	8
целодневна 	1	8
ул. ген. гурко 	3	8
ул. митко 	2	8
ул. горска 	2	8
св.св. кирил и методий 	4	8
ловна хижа 	2	8
бул.сан стефано 	2	8
техника 	1	8
с. челопеч 	2	8
трайко китанчев 	2	8
ул. захари зограф 	3	8
лазур 	1	8
ул. руски 	2	8
ул. прилеп 	2	8
ул. родина 	2	8
защита 	1	8
windegger straße 	2	8
слави 	1	8
лятно кино 	2	8
бул. македония 	2	8
ул.антон иванов 	2	8
зърнени храни 	2	8
ул. станислав 	2	8
целодневна детска градина 	3	8
ул. балкан 	2	8
въведение богородично 	2	8
billa 	1	8
ул. руен 	2	8
персенк 	1	8
хайдушки 	1	8
ул.гаврил 	1	8
ул.единство 	1	8
райков 	1	8
граничар 	1	8
ул.г. 	1	8
уши 	1	8
ул. перуника 	2	8
ул. хризантема 	2	8
урвич 	1	8
целодневна детска 	2	8
станислав доспевски 	2	8
света гора 	2	8
ул.миньорска 	1	8
ул.тутракан 	1	8
обединено детско 	2	8
градски 	1	8
улица захари 	2	8
ул.синчец 	1	8
будители 	1	8
йонков 	1	8
ул. боян магесник 	3	8
алеко богориди 	2	8
илинденско 	1	8
св. константин 	2	8
академик 	1	8
николай петрини 	2	8
бул. велики преслав 	3	8
costa 	1	8
солунски 	1	8
маркет 	1	8
герена 	1	8
бдин 	1	8
народни 	1	8
п.р. славейков 	2	8
крива 	1	8
феникс 	1	8
черен път 	2	8
ул.елена и 	2	8
жк сини 	2	8
елит 	1	8
горско 	1	8
суворов 	1	8
студентски 	1	8
пионерска 	1	8
кусев 	1	8
богданов 	1	8
ул.михаил 	1	8
руй 	1	8
ул.васил априлов 	2	8
генерал карцов 	2	8
склад за 	2	8
чучулига 	1	8
пощи 	1	8
руски паметник 	2	8
ул. калина 	2	8
емона 	1	8
ул.софроний 	1	8
начално 	1	8
ерма 	1	8
преображенски 	1	8
извора 	1	8
куклен театър 	2	8
ул. рашо 	2	8
гален 	1	8
обходен път север 	3	8
ген. владимир заимов 	3	8
грижи 	1	8
ген. михаил 	2	8
палас 	1	8
сини вир 	2	8
никола габровски 	2	8
бул. крайречен 	2	8
п.р. 	1	8
завоя 	1	8
гургулят 	1	8
планинец 	1	8
ботьо 	1	7
люлякова 	1	7
и димитър мутеви 	3	7
хайдут велко 	2	7
свети кирил 	2	7
евстати 	1	7
ул. боровец 	2	7
свето възнесение 	2	7
ул.орлово 	1	7
улица никола й. 	3	7
ул. казанлък 	2	7
подполк. калитин 	2	7
акад. стефан 	2	7
здравен 	1	7
ул. червен 	2	7
гранит 	1	7
exchange office 	2	7
оу христо 	2	7
ул. родопски извор 	3	7
ко 	1	7
добринова скала 	2	7
велков 	1	7
нарцис 	1	7
ул. боянски 	2	7
св. константин и елена 	4	7
ул. парижка 	2	7
ул. ягода 	2	7
пазара 	1	7
ул.никола й. вапцаров 	3	7
силиврия 	1	7
улица никола й. вапцаров 	4	7
ул.аврора 	1	7
звездица 	1	7
каменоделска 	1	7
забунов 	1	7
савов 	1	7
ул. парижка комуна 	3	7
за активно 	2	7
пв 	1	7
ул. ст. 	2	7
обиколна 	1	7
морфова 	1	7
матей преображенски 	2	7
ул. цветан 	2	7
кула 	1	7
димитър хаджикоцев 	2	7
ул. невен 	2	7
бул.съединение 	1	7
ул.митьо 	1	7
ул.димчо 	1	7
църква св. 	2	7
димитър петков 	2	7
балабанов 	1	7
кратунов 	1	7
гренадерска 	1	7
недялка 	1	7
ул.лиляна димитрова 	2	7
ул.струма 	1	7
безопасност 	1	7
художествена галерия 	2	7
ул. григор 	2	7
трите 	1	7
калчев 	1	7
болница за активно 	3	7
брод 	1	7
улица първа 	2	7
николаевска 	1	7
пл. руски 	2	7
рилски езера 	2	7
бул. стефан краджа 	3	7
калояновско 	1	7
ул. ген. кирил 	3	7
ул.митко 	1	7
рилска 	1	7
пощенски клон 	2	7
ясна 	1	7
агенция 	1	7
оу васил левски 	3	7
гробищен парк 	2	7
гълъбец 	1	7
аракчийски мост 	2	7
лазар михайлов 	2	7
ул. девета 	2	7
елтепе 	1	7
бул. добринова 	2	7
ул. поручик 	2	7
асен іі 	2	7
добринова 	1	7
мануела 	1	7
евстатиев 	1	7
малко 	1	7
поп груйо 	2	7
чучур 	1	7
ул.вела 	1	7
гробищен 	1	7
ул. единадесета 	2	7
димитър мутеви 	2	7
мечо пух 	2	7
лозенец 	1	7
три уши 	2	7
д-р петър дертлиев 	3	7
бобеков 	1	7
алабин 	1	7
иван момчилов 	2	7
павел бобеков 	2	7
ников 	1	7
начо 	1	7
златоград 	1	7
авксентий велешки 	2	7
рождество богородично 	2	7
пункт 	1	7
аракчийски 	1	7
бул. победа 	2	7
ручей 	1	7
ген. александър 	2	7
ул.бисер 	1	7
презвитер 	1	7
зографов 	1	7
ул. родопски 	2	7
габър 	1	7
горна баня 	2	7
ул. калиакра 	2	7
арменска 	1	7
калояновско шосе 	2	7
ведрина 	1	7
бул. петко ю. 	3	7
генерал-лейтенант тодор 	2	7
топола 	1	7
колеж по 	2	7
многопрофилна 	1	7
любляна 	1	7
ул.елена и димитър 	3	7
рашо димитров 	2	7
ул. тодорини кукли 	3	7
прохлада 	1	7
симеонов 	1	7
петър богдан 	2	7
иван михайлов 	2	7
ул. люлякова 	2	7
алексиев 	1	7
абритус 	1	7
нистор ружиков 	2	7
ул. христо силянов 	3	7
великомъченик 	1	7
джон 	1	7
ул.братя миладинови 	2	7
агликина 	1	7
ул. найчо цанов 	3	7
ул. връх 	2	7
свети иван рилски 	3	7
ул. брегалница 	2	7
ал.стамболийски 	1	7
ул. николаевска 	2	7
съзнание 	1	7
ул.лиляна 	1	7
антонов 	1	7
сити 	1	7
лотос 	1	7
ул. просвета 	2	7
валентина 	1	7
гпче 	1	7
иван евстатиев гешов 	3	7
investment 	1	7
ул. рашо димитров 	3	7
в. суворов 	2	7
стари хора 	2	7
киприян 	1	7
елин връх 	2	7
митов 	1	7
ул.ивайло 	1	7
димитър пешев 	2	7
братя даскалови 	2	7
ул. митко палаузов 	3	7
пв люлин 	2	7
ул.никола й. 	2	7
епископ софроний 	2	7
манчев 	1	7
ул. орешака 	2	7
йонков вапцаров 	2	7
утро 	1	7
ул. момин 	2	7
подполк. 	1	7
петербург 	1	7
проф. асен 	2	7
карамфил 	1	7
бул. граф игнатиев 	3	7
александър в. суворов 	3	7
ул. владайска река 	3	7
път за 	2	7
ул.симеон 	1	7
тричков 	1	7
държавен 	1	7
бул. искърско 	2	7
нистор 	1	7
ул.митко палаузов 	2	7
кукли 	1	7
кристал 	1	7
осма 	1	7
жендов 	1	7
ресен 	1	7
ул. д. 	2	7
райнов 	1	7
кичево 	1	7
ралица 	1	7
ул. иванка 	2	7
любомир 	1	7
бул. акад. иван евстатиев гешов 	5	7
поп андрей 	2	7
краджа 	1	7
кубадин 	1	7
веренишка 	1	7
любимец 	1	7
мануела ад 	2	7
ул. четвърта 	2	7
агликина поляна 	2	7
church 	1	7
ул. генерал скобелев 	3	7
бул. овча 	2	7
златен рог 	2	7
никола йонков 	2	7
искърско шосе 	2	7
ханчев 	1	7
бул. добринова скала 	3	7
архитектура 	1	7
средно 	1	7
търговски център 	2	7
фантастико 	1	7
родопски извор 	2	7
ул.ангел кънчев 	2	7
пух 	1	7
славянка 	1	7
бул. димитър 	2	7
бул. д-р петър 	3	7
ул. емануил 	2	7
sg 	1	7
пенчев 	1	7
ул. черноризец 	2	7
юли 	1	7
ружиков 	1	7
петко ю. 	2	7
петко ю. тодоров 	3	7
александър в. 	2	7
ул. димитър хаджикоцев 	3	7
княгина 	1	7
санкт 	1	7
активно 	1	7
генерал-лейтенант тодор кантарджиев 	3	7
етър 	1	7
дора 	1	7
бул. д-р петър дертлиев 	4	7
ул.орлово гнездо 	2	7
търговски комплекс 	2	7
first investment bank 	3	7
делчо 	1	7
ул.бачо киро 	2	7
ул. бенковски 	2	7
български пощи 	2	7
ул.екзарх 	1	7
ул. братя шкорпил 	3	7
тодор кантарджиев 	2	7
ценов 	1	7
ул. кочо честименски 	3	7
ул. криволак 	2	7
тако 	1	7
свищов 	1	7
стефанов 	1	7
гарата 	1	7
камен 	1	7
тодорини кукли 	2	7
евстатиев гешов 	2	7
запад 	1	7
ул.елена и димитър мутеви 	4	7
помощно 	1	7
христина морфова 	2	7
ул. черноризец храбър 	3	7
мануш 	1	7
св. константин и 	3	7
ул. сердика 	2	7
за активно лечение 	3	7
свети наум 	2	7
коперник 	1	7
бул. демокрация 	2	7
град 	1	7
ул. планинец 	2	7
воденицата 	1	7
мутеви 	1	7
република българия 	2	7
св.георги 	1	7
топливо 	1	7
греков 	1	7
ул.одрин 	1	7
медицинска 	1	7
х. морулей 	2	7
red 	1	7
ул.славей 	1	7
странски 	1	7
кипарис 	1	7
бъкстон 	1	7
петрова нива 	2	7
системи 	1	7
ул. найчо 	2	7
kfc 	1	7
нива 	1	7
димитър солунски 	2	7
габе 	1	7
лозово 	1	7
бул. петко ю. тодоров 	4	7
тича 	1	7
вива 	1	7
художествена 	1	7
ул. република 	2	7
иван селимински 	2	7
акад. иван евстатиев гешов 	4	7
атанас кратунов 	2	7
стефан краджа 	2	7
ул. владайска 	2	7
ул. климент 	2	7
ул. райко даскалов 	3	7
dionis 	1	7
пица 	1	7
станиславов 	1	7
ген. колев 	2	7
за стари 	2	7
ул.янко 	1	7
ул. зайчар 	2	7
ул.25-та 	1	7
св. пантелеймон 	2	7
ул. н. 	2	7
паша 	1	7
бунтовник 	1	7
недев 	1	7
басейн 	1	7
investment bank 	2	7
културен 	1	7
груйо 	1	7
оазис 	1	7
ул. рилски 	2	7
пристанищна 	1	7
соу васил 	2	7
хаджикоцев 	1	7
first investment 	2	7
ул. велчо 	2	7
ул. братя даскалови 	3	7
ул. диана 	2	7
московска 	1	7
ул. слави 	2	7
акад. иван евстатиев 	3	7
константин кисимов 	2	7
болница за активно лечение 	4	7
за стари хора 	3	7
булевард христо ботев 	3	7
освобождение бл. 	2	7
посолство на република 	3	7
веселин ханчев 	2	7
св. атанасий 	2	7
катрафилов 	1	7
тир паркинг 	2	7
бул. свети наум 	3	7
генерал-лейтенант 	1	7
анастасия 	1	7
ю. тодоров 	2	7
ул.божур 	1	7
александър жендов 	2	7
стоил войвода 	2	7
борислав 	1	7
кутузов 	1	7
никола йонков вапцаров 	3	7
бул. искърско шосе 	3	7
tir 	1	7
йорданка 	1	7
перник 	1	7
ул.27-ма 	1	7
слънчев бряг 	2	7
балатон 	1	7
ул.бачо 	1	7
бул. граф 	2	7
буря 	1	7
по строителство 	2	7
активно лечение 	2	7
св. успение 	2	7
свят 	1	7
св. успение богородично 	3	7
йорданка николова 	2	7
давидково 	1	7
димитър наумов 	2	7
марно поле 	2	7
смяна 	1	7
теодосий търновски 	2	7
пощенски 	1	7
бул. витоша 	2	7
ул. богдан 	2	7
ген. александър в. суворов 	4	7
космос 	1	7
ген. александър в. 	3	7
дюнер 	1	7
ул. антон иванов 	3	7
христина 	1	7
бул. акад. иван евстатиев 	4	7
бялата 	1	7
бул. лазар 	2	7
градец 	1	7
апостол 	1	7
ул. единство 	2	7
бул. лазар михайлов 	3	7
булевард христо 	2	7
геодезия 	1	7
околовръстна 	1	7
ж.к. освобождение бл. 	3	7
на република българия 	3	7
шумен 	1	7
санкт петербург 	2	7
петко славейков 	2	7
чепеларе 	1	7
ул. драган 	2	7
и димитър 	2	7
граматик 	1	7
иван евстатиев 	2	7
ул. черноморска 	2	7
иларион драгостинов 	2	7
хоризонт 	1	7
нови 	1	7
марно 	1	7
бул. овча купел 	3	7
ж.к. освобождение 	2	7
облекло 	1	7
петра 	1	7
отделение 	1	7
белодробни 	1	7
на черна 	2	7
атон 	1	7
горица 	1	6
ангел каралийчев 	2	6
бул. иван 	2	6
бул. бургаско шосе 	3	6
млада гвардия 	2	6
димитър тошков 	2	6
речна 	1	6
ран босилек 	2	6
софия парк 	2	6
булина ливада 	2	6
ул. кръстьо 	2	6
приморско 	1	6
скът 	1	6
вичо 	1	6
доброплодни 	1	6
халачев 	1	6
ул. димитър наумов 	3	6
корал 	1	6
преславски 	1	6
пионер 	1	6
трън 	1	6
студентско общежитие 	2	6
happy bar 	2	6
п.в скобелева 	2	6
маргарита 	1	6
ул. ген. стефан 	3	6
цариброд 	1	6
ул. стръмна 	2	6
синята 	1	6
плана 	1	6
ул.софроний врачански 	2	6
ул.георги с.раковски 	2	6
жасмин 	1	6
ул. евлоги 	2	6
мамарчев 	1	6
велбъжд 	1	6
ул. априлско 	2	6
ул.26-та 	1	6
ул.пионерска 	1	6
st. 	1	6
напетов 	1	6
иширков 	1	6
соколов 	1	6
букет 	1	6
ул.марин 	1	6
многопрофилна болница за 	3	6
и геодезия 	2	6
шилева 	1	6
константин преславски 	2	6
циклама 	1	6
демир 	1	6
за психични 	2	6
вела благоева 	2	6
св. николай мирликийски 	3	6
водни 	1	6
равнище 	1	6
ул. старата 	2	6
никола бонев 	2	6
нап 	1	6
ул. нов живот 	3	6
ран 	1	6
йоан екзарх 	2	6
лечебница 	1	6
златишки проход 	2	6
частно 	1	6
св. св. константин 	3	6
пожарна безопасност 	2	6
дюнери 	1	6
асенова 	1	6
ул. първи май 	3	6
твърдица 	1	6
брегова 	1	6
анна 	1	6
ул. загорка 	2	6
ул. бяла черква 	3	6
добро 	1	6
бешков 	1	6
данчев 	1	6
ул. п. р. славейков 	4	6
колелото 	1	6
желязков 	1	6
rock 	1	6
бул. св.св.кирил 	2	6
ул.владимир 	1	6
ул. дядо 	2	6
ул. боримечката 	2	6
михаил герджиков 	2	6
ул. враня 	2	6
мол 	1	6
чепинско 	1	6
ул. градинарска 	2	6
ул. лозарска 	2	6
ул. никола петков 	3	6
за х. чернатица 	3	6
ул.неофит 	1	6
ул. хр. ботев 	3	6
сръбска 	1	6
феникс-гама 	1	6
грудьо войвода 	2	6
св. св кирил и 	4	6
свети кирил и методий 	4	6
малка 	1	6
бул. димитър тошков 	3	6
берковица 	1	6
ул. кресна 	2	6
ул.тодор шопов 	2	6
патрев 	1	6
кльон 	1	6
димитриката 	1	6
многопрофилна болница 	2	6
конгрес 	1	6
районно полицейско управление 	3	6
гевгели 	1	6
блато 	1	6
цар борис i 	3	6
с. драгиново 	2	6
ясна поляна 	2	6
свети николай чудотворец 	3	6
джон атанасов 	2	6
ул. съйко съев 	3	6
керамика 	1	6
ул. източна 	2	6
ул. аспарух 	2	6
овчарска 	1	6
златната 	1	6
възстание 	1	6
илия бешков 	2	6
свила ад 	2	6
калина малина 	2	6
ген. данаил николаев 	3	6
венец 	1	6
хан пресиян 	2	6
сръбска скара 	2	6
ул.юндола 	1	6
ил. 	1	6
ул. ведрина 	2	6
ул. българска 	2	6
ул. драган цанков 	3	6
щурче 	1	6
dsk bank 	2	6
люти 	1	6
ул.митьо кънев 	2	6
районно полицейско 	2	6
ул.кольо 	1	6
чепинско шосе 	2	6
златишки 	1	6
св кирил 	2	6
цвете 	1	6
ул. московска 	2	6
street 	1	6
учебен 	1	6
проф. асен златаров 	3	6
декоглу 	1	6
каймакчалан 	1	6
ул. аракчийски мост 	3	6
дора габе 	2	6
ул.максим 	1	6
хайдушка гора 	2	6
ул. седма 	2	6
димитриев 	1	6
втори юни 	2	6
христо фотев 	2	6
ул. полк. борис 	3	6
димитър икономов 	2	6
ул. даме 	2	6
москов 	1	6
ул.нов живот 	2	6
стръмна 	1	6
иван богоров 	2	6
бул. панайот 	2	6
бул. найчо 	2	6
beach bar 	2	6
господин 	1	6
военна 	1	6
вида 	1	6
посолство на република българия 	4	6
серес 	1	6
магистрална 	1	6
китайски ресторант 	2	6
х.ком 	1	6
пере тошев 	2	6
дочо 	1	6
витошко 	1	6
елица 	1	6
весела 	1	6
горско стопанство 	2	6
аврамов 	1	6
изкуства 	1	6
рудозем 	1	6
авиация 	1	6
ул.цар асен 	2	6
ул.милин 	1	6
ул. климент охридски 	3	6
кирик 	1	6
чибаовци 	1	6
отдих 	1	6
улица изгрев 	2	6
цветанов 	1	6
бизнес център 	2	6
ул. орлово 	2	6
ул.хризантема 	1	6
де 	1	6
ботьо петков 	2	6
св. княз борис i 	4	6
ул.капитан петко войвода 	3	6
йоан предтеча 	2	6
елхово 	1	6
технически университет 	2	6
бул. арсеналски 	2	6
ул.мазалат 	1	6
ул. константин фотинов 	3	6
правда 	1	6
ул. добрич 	2	6
тп български пощи 	3	6
железничарска 	1	6
газстанция 	1	6
лесновска 	1	6
янко забунов 	2	6
църковна 	1	6
ул. г. с. раковски 	4	6
шибой 	1	6
фабрика 	1	6
ул.лале 	1	6
ул. кирил и методий 	4	6
мениджмънт 	1	6
света неделя 	2	6
ул. георги сава 	3	6
п.в 	1	6
ул. пета 	2	6
ул. даме груев 	3	6
св кирил и 	3	6
колелото на 	2	6
ц. 	1	6
ул. каменоделска 	2	6
колелото на гарата 	3	6
дом за стари 	3	6
поп богомил 	2	6
бончев 	1	6
пл. руски паметник 	3	6
щип 	1	6
н. декоглу 	2	6
тп 	1	6
ул. цар иван александър 	4	6
св.св.петър и павел 	3	6
ул. лев 	2	6
физкултурна 	1	6
завоя на 	2	6
бул. бургаско 	2	6
ул. десета 	2	6
ул.добри 	1	6
ул. венец 	2	6
каралийчев 	1	6
ген. стефан 	2	6
краков 	1	6
ул.септемврийци 	1	6
кръстевич 	1	6
ул. г. с. 	3	6
бул.коматевско 	1	6
елешница 	1	6
паниците 	1	6
ул.минзухар 	1	6
ул.лилия 	1	6
грудьо 	1	6
николай коперник 	2	6
ул. петко д. 	3	6
голям 	1	6
бенковска 	1	6
фотев 	1	6
св.св.петър и 	2	6
ул. ясен 	2	6
ректорат 	1	6
нч 	1	6
чомаков 	1	6
помощно училище 	2	6
цар михаил 	2	6
ул. кукуш 	2	6
монтевидео 	1	6
братя бъкстон 	2	6
ганев 	1	6
ул. петко р. славейков 	4	6
над 	1	6
св.св.петър 	1	6
ул. момчил 	2	6
бул. найчо цанов 	3	6
тп български 	2	6
бул. св.св.кирил и методий 	4	6
св.петка 	1	6
ул. плана 	2	6
иречек 	1	6
ив. н. 	2	6
ул. йордан петров 	3	6
велчо атанасов 	2	6
психични 	1	6
ул. самара 	2	6
централна кооперативна банка 	3	6
ноември 	1	6
ул.карловска 	1	6
сава доброплодни 	2	6
борис і 	2	6
максимов 	1	6
медицински университет 	2	6
христо матов 	2	6
бул.никола 	1	6
дебър 	1	6
ул.данаил 	1	6
езици 	1	6
бул. иван вазов 	3	6
жорж 	1	6
завоя на черна 	3	6
войн 	1	6
редута 	1	6
ул. момин проход 	3	6
ул. петко д. петков 	4	6
свети кирил и 	3	6
институтска 	1	6
луда 	1	6
ул. габрово 	2	6
строеж 	1	6
родопа 	1	6
съйко съев 	2	6
ул. трета 	2	6
ул. капитан димитър 	3	6
цех 	1	6
константин иречек 	2	6
верила 	1	6
район 	1	6
бурмов 	1	6
бяла черква 	2	6
св. св кирил и методий 	5	6
по транспорт 	2	6
ул. аракчийски 	2	6
ул. ягодовско шосе 	3	6
автобусен 	1	6
ул. съйко 	2	6
ул. нов 	2	6
янков 	1	6
ул.вела пеева 	2	6
бара 	1	6
славия 	1	6
п.в скобелева майка 	3	6
ул. чумерна 	2	6
златица 	1	6
по механотехника 	2	6
капитан димитър 	2	6
ул. в. 	2	6
карел 	1	6
орех 	1	6
post 	1	6
ясеново 	1	6
ул михаил такев 	3	6
ул.боровец 	1	6
ул. ришки проход 	3	6
ген. данаил 	2	6
бул.коматевско шосе 	2	6
ул.заря 	1	6
христо максимов 	2	6
централна кооперативна 	2	6
уста 	1	6
чука 	1	6
поборническа 	1	6
тертер 	1	6
варненски 	1	6
йончев 	1	6
григоров 	1	6
ул.капитан петко 	2	6
музикално 	1	6
чернатица 	1	6
вси светии 	2	6
ул. източна тангента 	3	6
минчев 	1	6
на гарата 	2	6
долна 	1	6
ул.гаврил генов 	2	6
ул.филип 	1	6
ул. петко р. 	3	6
ул.охрид 	1	6
д-р атанас 	2	6
ул.ген.гурко 	1	6
алексадър 	1	6
св. св кирил 	3	6
х. чернатица 	2	6
ул.васил петлешков 	2	6
бургаско 	1	6
ул. вела пеева 	3	6
танев 	1	6
ракита 	1	6
диспансер за психични 	3	6
дом за стари хора 	4	6
св кирил и методий 	4	6
ул.нов 	1	6
вълев 	1	6
ул. матей 	2	6
съйко 	1	6
господинов 	1	6
тирон 	1	6
ул. павел 	2	6
ул.орешака 	1	6
карл 	1	6
до 	1	6
ул. първи 	2	6
източна 	1	6
българска банка 	2	6
светии 	1	6
ул. втора 	2	6
ул. горски 	2	6
ул. кръгояр 	2	6
жп гара 	2	6
ж.к. балик 	2	6
бул. константин стоилов 	3	6
школа 	1	6
ул. капитан димитър списаревски 	4	6
кооперативна банка 	2	6
химик 	1	6
александър кръстев 	2	6
прокредит банк 	2	6
съев 	1	6
св. св 	2	6
golden 	1	6
кръгояр 	1	6
ул. п. р. 	3	6
ул. търново 	2	6
боряна 	1	6
сцена 	1	6
презвитер козма 	2	6
булина 	1	6
ул. алексадър 	2	6
торишката 	1	6
банско шосе 	2	6
бул. св.св.кирил и 	3	6
илинденско въстание 	2	6
славов 	1	6
kaufland 	1	6
водни камък 	2	6
герасим 	1	6
румяна 	1	6
капитан димитър списаревски 	3	6
щросмайер 	1	6
царечина 	1	6
недялка шилева 	2	6
ул. клисура 	2	6
полк. борис 	2	6
пирин планина 	2	6
сд 	1	6
ул.генерал гурко 	2	6
млада 	1	6
бул. втори юни 	3	6
благоева 	1	6
ул.янтра 	1	6
кулата 	1	6
драгиново 	1	6
ул. гаврил 	2	6
жеко 	1	6
регионална библиотека 	2	6
do 	1	6
вр. морулей 	2	6
арсеналски 	1	6
ул. васил коларов 	3	6
енчев 	1	6
ул михаил 	2	6
богоров 	1	6
лука 	1	6
харитон 	1	6
летец 	1	6
ул. софия парк 	3	6
мануш войвода 	2	6
нова 	1	6
ltd 	1	6
дванадесета 	1	6
ул. карамфил 	2	6
каварна 	1	6
деца с 	2	6
юри 	1	6
св. св. константин и елена 	5	6
захарий 	1	6
несебър 	1	6
ул. маестро 	2	6
ул. никола карев 	3	6
марагидик 	1	6
загорка 	1	6
белия камък 	2	6
кожух 	1	6
сава катрафилов 	2	6
ул. лом 	2	6
ул. ришки 	2	6
жельо 	1	6
българска авиация 	2	6
тракийски 	1	6
пирински 	1	6
долене 	1	6
по облекло 	2	6
двете 	1	6
ул. янко забунов 	3	6
ул.милин камък 	2	6
ул. григор пърличев 	3	6
ул. ильо войвода 	3	6
ул.черно 	1	6
ив. н. декоглу 	3	6
ул. ильо 	2	6
бургаско шосе 	2	6
марчев 	1	6
луи 	1	6
св. възнесение господне 	3	6
de 	1	6
култура 	1	6
червен бряг 	2	6
жп 	1	6
бул.никола габровски 	2	6
сакар планина 	2	6
жеков 	1	6
ден 	1	6
феникс-гама ад 	2	6
ул.максим горки 	2	6
ул. равнец 	2	6
дочо михайлов 	2	6
св. св. константин и 	4	6
бул. панайот хитов 	3	6
георги райчев 	2	6
ул. ягодовско 	2	6
обмен 	1	6
ул. станислав доспевски 	3	6
бул.хаджи димитър 	2	6
кв. лозово 	2	6
вси 	1	6
ул. лев толстой 	3	6
ул. доктор 	2	6
източна тангента 	2	6
piraeus 	1	6
инвест 	1	6
бул. втори 	2	6
ул.виктор 	1	6
ул.св.св.кирил и митодий 	3	6
механотехника 	1	6
пере 	1	6
ул.райна 	1	6
ул. ангел войвода 	3	6
йордан петров 	2	6
михайл 	1	6
орлов 	1	6
света вода 	2	6
централ 	1	6
студентско 	1	6
бул.хаджи 	1	6
ул. димитър пешев 	3	6
ул. ботьо 	2	6
спорт 	1	6
илия манов 	2	6
ул. георги сава раковски 	4	6
радомир 	1	6
красна 	1	5
маяковски 	1	5
бул. дойран 	2	5
пени 	1	5
психични заболявания 	2	5
обединена българска банка 	3	5
ул. г. бенковски 	3	5
топче 	1	5
огражден 	1	5
ул. светлина 	2	5
фружин 	1	5
ул.малчика 	1	5
златен клас 	2	5
св. софия 	2	5
со 	1	5
ул.янко сакъзов 	2	5
ул. георги райчев 	3	5
динеков 	1	5
милушев 	1	5
ватах 	1	5
ул.таско 	1	5
безопасност и защита на населението 	5	5
поп грую 	2	5
д-р атанас москов 	3	5
ул.георги шопов 	2	5
гара долене 	2	5
филип станиславов 	2	5
яни попов 	2	5
деца и 	2	5
мъченици 	1	5
за психични заболявания 	3	5
бул. копенхаген 	2	5
кв. пенчо славейков 	3	5
евтим 	1	5
подполковник калитин 	2	5
любен боянов 	2	5
мирчев 	1	5
божков 	1	5
нешо 	1	5
ул.васил друмев 	2	5
харалампи 	1	5
войнишки 	1	5
мур 	1	5
за възрастни хора 	3	5
ул. суходолска 	2	5
гъсково 	1	5
безопасност и защита 	3	5
г 	1	5
ул. княз дондуков 	3	5
за х. августа траяна 	4	5
ул. раковски 	2	5
добри немиров 	2	5
професор асен 	2	5
лясковец 	1	5
тако пеев 	2	5
аг 	1	5
ул.млада 	1	5
ул. цар борис iii 	4	5
соу васил левски 	3	5
колю ганчев 	2	5
билла 	1	5
пирдоп 	1	5
ул. несебър 	2	5
къщата 	1	5
нептун 	1	5
слави дойчев 	2	5
water 	1	5
ж. к. лудогорие 	3	5
ул. петър парчевич 	3	5
ул. могила 	2	5
cba 	1	5
кръстител 	1	5
св.св. кирил и методи 	4	5
шандор 	1	5
мургана 	1	5
борис дрангов 	2	5
ул.виктор юго 	2	5
кабел 	1	5
бившо 	1	5
диспансер за психични заболявания 	4	5
евлоги георгиев 	2	5
боянски водопад 	2	5
бул. веренишка 	2	5
авлига 	1	5
читалищна 	1	5
ул.георги кирков 	2	5
ул. физкултурна 	2	5
виделина 	1	5
апостолов 	1	5
ул.хайдушка 	1	5
ул. димитър димов 	3	5
велес 	1	5
кафене 	1	5
самарско 	1	5
ул.пейо яворов 	2	5
васил златарски 	2	5
бул. президент 	2	5
медени поляни 	2	5
орцево 	1	5
лазурна 	1	5
райна княгина 	2	5
ул. марко 	2	5
деница 	1	5
многопрофилна болница за активно лечение 	5	5
бяла слатина 	2	5
административен 	1	5
пл. св. 	2	5
езерото 	1	5
музикално училище 	2	5
милениум 	1	5
ул. лиляна димитрова 	3	5
андонов 	1	5
днепър 	1	5
ул. подпоручик 	2	5
ул. феликс 	2	5
рудничар 	1	5
ул. русе 	2	5
средорек 	1	5
ул. христо максимов 	3	5
секвоя 	1	5
ул. ефрем чучков 	3	5
първи юни 	2	5
ул. христина морфова 	3	5
donuts 	1	5
свети димитър басарбовски 	3	5
йосиф щросмайер 	2	5
к. лудогорие 	2	5
лидл 	1	5
ген. стефан тошев 	3	5
браила 	1	5
айер 	1	5
пожарна безопасност и защита на 	5	5
градище 	1	5
на населението 	2	5
йосифов 	1	5
rila 	1	5
petroleum 	1	5
ул. ела 	2	5
абаджиев 	1	5
бодра 	1	5
ул. спортна 	2	5
ул.антонивановци 	1	5
ул. крайбрежна 	2	5
ул.пенчо 	1	5
ул.беловидово 	1	5
ул.св.климент охридски 	2	5
ян хус 	2	5
чукар 	1	5
кооператор 	1	5
димитър басарбовски 	2	5
ул. елисавета 	2	5
горски път ясеново 	3	5
свети пантелеймон 	2	5
ул. земеделска 	2	5
буров 	1	5
по мениджмънт 	2	5
ул. бял 	2	5
орион 	1	5
ул.чаталджа 	1	5
генчев 	1	5
ул. ген. кирил вазов 	4	5
и защита 	2	5
благоевград 	1	5
пчела 	1	5
ул. п. к. 	3	5
ул. ген. колев 	3	5
хранов 	1	5
ул.иван мирчев 	2	5
бул.св.патриарх евтимий 	2	5
ул.хр.ботев 	1	5
малък 	1	5
ул. великокняжевска 	2	5
сидер 	1	5
ул.яне сандански 	2	5
пк 	1	5
ул. калето 	2	5
кръстава 	1	5
обрешков 	1	5
бул. европа 	2	5
карел шкорпил 	2	5
ул.ягода 	1	5
радойнов 	1	5
бул. велико търново 	3	5
ул. ген. стефан тошев 	4	5
ул. герена 	2	5
свети атанасий 	2	5
медика 	1	5
рибка 	1	5
административен съд 	2	5
умбал 	1	5
реката 	1	5
ул. възход 	2	5
метал 	1	5
филипов 	1	5
монтана 	1	5
йосиф дайнелов 	2	5
емануил васкидович 	2	5
ул. три 	2	5
безопасност и 	2	5
тулча 	1	5
ул. иван рилски 	3	5
крушкин-чолака 	1	5
априловска 	1	5
обучение 	1	5
дом за деца и 	4	5
ул. раковска 	2	5
президент 	1	5
линкълн 	1	5
железник 	1	5
районна служба 	2	5
ул. паисий 	2	5
ул. мария 	2	5
вратцата 	1	5
стационар 	1	5
бул. илия 	2	5
орлица 	1	5
синия 	1	5
кошевой 	1	5
ул. веселин 	2	5
ул. елтепе 	2	5
искърска 	1	5
венера 	1	5
ул.училищна 	1	5
президент линкълн 	2	5
и защита на населението 	4	5
св. параскева 	2	5
за х. августа 	3	5
свети патриарх 	2	5
хайдушки поляни 	2	5
никола петров 	2	5
немиров 	1	5
ефрем чучков 	2	5
свети илия 	2	5
business 	1	5
двор 	1	5
ул. пирински 	2	5
кабел инвест 	2	5
добрович 	1	5
ул. момчил войвода 	3	5
ул. полк. борис дрангов 	4	5
sng 	1	5
грижи за 	2	5
пенчо славейков южен 	3	5
ул. плевен 	2	5
д.петков 	1	5
гина 	1	5
опера 	1	5
суходолска 	1	5
и сие 	2	5
ул. трайко 	2	5
златев 	1	5
старо 	1	5
шишков 	1	5
mall 	1	5
горски кът 	2	5
царево 	1	5
безопасност и защита на 	4	5
сатовча 	1	5
ул. камен 	2	5
ул. тодор икономов 	3	5
копенхаген 	1	5
осми март 	2	5
могилата 	1	5
pub 	1	5
илия якулов 	2	5
дизайн 	1	5
минерална вода 	2	5
ул.васил коларов 	2	5
бул. варна 	2	5
техникс 	1	5
бул. илия манов 	3	5
ул.волга 	1	5
атанас москов 	2	5
king 	1	5
мими 	1	5
минчо 	1	5
чучков 	1	5
полк. борис дрангов 	3	5
трайчо китанчев 	2	5
леденика 	1	5
ул. шибой 	2	5
ул. безименна 	2	5
ул. студен 	2	5
ул. копривщица 	2	5
николай хрелков 	2	5
ул. троян 	2	5
гаврил кръстевич 	2	5
сие 	1	5
улица христо 	2	5
вълкосел 	1	5
ракета 	1	5
piraeus bank 	2	5
ул.калиакра 	1	5
свети свети 	2	5
ул.рожен 	1	5
баба илийца 	2	5
попрусинов 	1	5
кв. възход 	2	5
джерман 	1	5
пътник 	1	5
крайморска 	1	5
населението 	1	5
борово 	1	5
ул. белмекен 	2	5
белодробни болести 	2	5
ястребец 	1	5
ул. ботьо петков 	3	5
ул. шар 	2	5
руска 	1	5
др. 	1	5
завод 	1	5
ул.демокрация 	1	5
оу св. св. кирил 	4	5
ул. княз александър батенберг 	4	5
ул.николай 	1	5
ловеч 	1	5
бул. георги данчев 	3	5
за деца и 	3	5
славей 	1	5
стамен 	1	5
подем 	1	5
бул. ген. михаил 	3	5
мц 	1	5
д-р иван селимински 	3	5
и защита на 	3	5
ул.независимост 	1	5
областна администрация 	2	5
ул.георги сава раковски 	3	5
ул. дъбрава 	2	5
проф. илия 	2	5
бул. тутракан 	2	5
пирдопски 	1	5
хус 	1	5
ул. никола обретенов 	3	5
ул.екзарх йосиф 	2	5
ул. паисий хилендарски 	3	5
горска поляна 	2	5
юнак 	1	5
ул. мак 	2	5
ул. епископ 	2	5
ул. плана планина 	3	5
караджов 	1	5
каптаж 	1	5
великомъченик георги 	2	5
италия 	1	5
по селско 	2	5
валентина терешкова 	2	5
осми декември 	2	5
павлович 	1	5
ул.млада гвардия 	2	5
ул. доктор стоян 	3	5
оп 	1	5
ул.кап.телемах илиев 	2	5
за възрастни 	2	5
ул. пристанищна 	2	5
мрамор 	1	5
ул. христина 	2	5
нестор абаджиев 	2	5
пасков 	1	5
острец 	1	5
баница 	1	5
влайков 	1	5
ул.хемус 	1	5
чепино 	1	5
слава 	1	5
хрелков 	1	5
техникум по 	2	5
цветков 	1	5
ул. п. к. яворов 	4	5
велев 	1	5
кунчева 	1	5
кутловица 	1	5
jumbo 	1	5
ул. орлово гнездо 	3	5
ул. добротица 	2	5
орлинска 	1	5
суходолски 	1	5
ул. евтим 	2	5
братство 	1	5
ул.освободители 	1	5
витошко лале 	2	5
бул. хр. 	2	5
параклис св. св. 	3	5
селена 	1	5
окръжен 	1	5
ул. кипарис 	2	5
българи 	1	5
кв. пенчо 	2	5
ул.баба 	1	5
луи айер 	2	5
върбите 	1	5
илийца 	1	5
бул. осми декември 	3	5
братан 	1	5
депо 	1	5
кабиле 	1	5
димитър моллов 	2	5
майор атанас 	2	5
девин-лисичево 	1	5
mr. 	1	5
светулка 	1	5
кулин 	1	5
old 	1	5
ул. крум 	2	5
car 	1	5
ул. есперанто 	2	5
ген. кутузов 	2	5
боян пенев 	2	5
мито орозов 	2	5
козница 	1	5
г. данов 	2	5
бул. осми 	2	5
пастухов 	1	5
воденичарски 	1	5
щастие 	1	5
ул. георги с. 	3	5
mkb 	1	5
ул.софия 	1	5
пожарна безопасност и 	3	5
защита на населението 	3	5
бул. президент линкълн 	3	5
building 	1	5
вечерница 	1	5
никола крушкин-чолака 	2	5
royal 	1	5
православен храм св. 	3	5
баба вида 	2	5
соу йордан йовков 	3	5
албатрос 	1	5
чсоу 	1	5
соу йордан 	2	5
ул.св.климент 	1	5
дск банк 	2	5
ул. дъб 	2	5
рига 	1	5
трънски 	1	5
жечев 	1	5
яни 	1	5
областен диспансер за психични 	4	5
георги данчев 	2	5
бетонен 	1	5
ул. браила 	2	5
стайков 	1	5
свети патриарх евтимий 	3	5
пс 	1	5
красно село 	2	5
хайтов 	1	5
ремедиум 	1	5
низина 	1	5
обединена българска 	2	5
кировоград 	1	5
дирекция на 	2	5
ул.беласица 	1	5
възрастни 	1	5
ген. кирил вазов 	3	5
беглика 	1	5
ул. св. георги 	3	5
фурнаджиев 	1	5
милков 	1	5
горазд 	1	5
лудогорие бл. 	2	5
ул. шеста 	2	5
свети свети кирил 	3	5
бряст 	1	5
шипченски 	1	5
ул.морава 	1	5
оу св. св. кирил и 	5	5
dunkin 	1	5
ул. феликс каниц 	3	5
медицински колеж 	2	5
старият 	1	5
капитан андреев 	2	5
проф. илия якулов 	3	5
сдвр 	1	5
бул. тракия 	2	5
текстил 	1	5
защита на 	2	5
тролейбусен 	1	5
петрич 	1	5
ул.яне 	1	5
ул.шейново 	1	5
ул. бистришка 	2	5
газ 	1	5
път на 	2	5
ул.димчо дебелянов 	2	5
дионисий 	1	5
ж. к. лудогорие бл. 	4	5
танкист 	1	5
свети свети кирил и методий 	5	5
славейков южен 	2	5
х. августа 	2	5
трайчо 	1	5
стефан тошев 	2	5
берое 	1	5
шандор петьофи 	2	5
селско 	1	5
петко напетов 	2	5
х. августа траяна 	3	5
св. лука 	2	5
кауфланд 	1	5
ул. чемшир 	2	5
инж. 	1	5
успение на пресвета богородица 	4	5
емилиян станев 	2	5
бул. хемус 	2	5
улица цар 	2	5
дерменка 	1	5
н.й.вапцаров 	1	5
паница 	1	5
читалище развитие 	2	5
ул.беломорска 	1	5
драгомиров 	1	5
железни 	1	5
ул. никола малашевски 	3	5
sg expressbank 	2	5
петьофи 	1	5
училищна 	1	5
кьосеиванов 	1	5
ул.върба 	1	5
лайка 	1	5
ул. свети димитър басарбовски 	4	5
дайнелов 	1	5
ул.ерма 	1	5
абоба 	1	5
оу христо ботев 	3	5
ул.п.р.славейков 	1	5
емилиян 	1	5
ботевград 	1	5
малко търново 	2	5
ул. леденика 	2	5
кв. пенчо славейков южен 	4	5
металик 	1	5
казино 	1	5
дентална 	1	5
лясково 	1	5
кюри 	1	5
възрастни хора 	2	5
ул.граничар 	1	5
димитрий 	1	5
ул. боянски водопад 	3	5
ул.преслав 	1	5
ул.беглика 	1	5
оп самоков 	2	5
горов 	1	5
блъсков 	1	5
виктор 	1	5
ул.ком 	1	5
сърце 	1	5
инвест оод 	2	5
гаврил генов 	2	5
сава огнянов 	2	5
строителна 	1	5
макдоналдс 	1	5
family 	1	5
паскалев 	1	5
ул. велчо атанасов 	3	5
п. славейков 	2	5
успение на пресвета 	3	5
кожух планина 	2	5
път ясеново 	2	5
ул. пробуда 	2	5
ул.места 	1	5
поп харитон 	2	5
ул.райна княгиня 	2	5
хайдушко 	1	5
бул. велико 	2	5
ул. казбек 	2	5
длс 	1	5
пазарджик 	1	5
филаретов 	1	5
кировоград улица 	2	5
ул. слави дойчев 	3	5
август 	1	5
ул. йосиф щросмайер 	3	5
роса 	1	5
пътна 	1	5
пожарна безопасност и защита 	4	5
гранична 	1	5
край 	1	5
самарско знаме 	2	5
ул. владислав 	2	5
свети свети кирил и 	4	5
лева 	1	5
казбек 	1	5
грую 	1	5
многопрофилна болница за активно 	4	5
старата чешма 	2	5
димчо стаев 	2	5
майор атанас узунов 	3	5
музей 	1	5
ул. рилски езера 	3	5
сълзица 	1	5
олег 	1	5
пашкулова 	1	5
бистришка 	1	5
кольо фичето 	2	5
procredit 	1	5
стрешер 	1	5
ради 	1	5
девня 	1	5
ул. цветница 	2	5
ул.29-та 	1	5
ул.черно море 	2	5
св. екатерина 	2	5
ул. свети димитър 	3	5
ул. мито 	2	5
грижи за деца 	3	5
св. великомъченик 	2	5
ул. георги с. раковски 	4	5
пейо к.яворов 	2	5
селско стопанство 	2	5
hall 	1	5
йоан кръстител 	2	5
л. 	1	5
к.яворов 	1	5
изворче 	1	5
кирил вазов 	2	5
дебелец 	1	5
кенали 	1	5
ул. света гора 	3	5
ул. червена 	2	5
техникс оод 	2	5
георги попов 	2	5
чирпан 	1	5
чешми 	1	5
бул. никола бонев 	3	5
ул.георги сава 	2	5
великокняжевска 	1	5
дуков 	1	5
доктор стоян 	2	5
and 	1	5
спортен 	1	5
бул. братя миладинови 	3	5
to 	1	5
мими балканска 	2	5
петър динеков 	2	5
релакс 	1	5
ул.кап.телемах 	1	5
ул. елисавета багряна 	3	5
якулов 	1	5
желю 	1	5
паренсов 	1	5
добруджански 	1	5
ул.бенковски 	1	5
tea 	1	5
ул. гургулят 	2	5
жк. изгрев 	2	5
красно 	1	5
ул. сълзица 	2	5
офис 	1	5
яз. 	1	5
герой 	1	5
позитано 	1	5
свети киприян 	2	5
живков 	1	5
спортна зала 	2	5
университетска 	1	5
улица генерал 	2	5
ул. завоя 	2	5
оу св. св. 	3	5
чоу 	1	5
ул.6-ти 	1	5
плана планина 	2	5
селимица 	1	5
помощ 	1	5
медени 	1	5
аква 	1	5
к. лудогорие бл. 	3	5
ул. волга 	2	5
орозов 	1	5
басарбовски 	1	5
олег кошевой 	2	5
бодра смяна 	2	5
ул. бунтовник 	2	5
дюстабанов 	1	5
ул. брегова 	2	5
бул. хр. ботев 	3	5
ул. перущица 	2	5
божурище 	1	5
ул. генерал столетов 	3	5
ул.росица 	1	5
минерална 	1	5
асен халачев 	2	5
васкидович 	1	5
соу христо 	2	5
сава филаретов 	2	5
кабел инвест оод 	3	5
мбал св. 	2	5
ойл 	1	5
ул. габър 	2	5
ул.таско ганев 	2	5
по селско стопанство 	3	5
вита 	1	5
ул. папрат 	2	5
московски 	1	5
ул. ниш 	2	5
ул.цар симеон велики 	3	5
мали 	1	5
station 	1	5
подполковник 	1	5
ул. сава доброплодни 	3	5
иван кулин 	2	5
птг 	1	5
павел баня 	2	5
бул.св.патриарх 	1	5
стаев 	1	5
владимир зографов 	2	5
