kalea 	1	9157
auzoa 	1	8118
etorbidea 	1	1064
bidea 	1	982
autobidea 	1	712
errepidea 	1	689
plaza 	1	609
san 	1	523
hiribidea 	1	354
bizkaiko 	1	343
pasealekua 	1	340
bizkaiko golkoko autobidea 	3	336
bizkaiko golkoko 	2	336
golkoko 	1	336
golkoko autobidea 	2	336
bailara 	1	334
barreiatua 	1	329
de 	1	320
elbarrena 	1	306
iruñea 	1	302
elbarrena auzoa 	2	281
diseminados 	1	281
ibilbidea 	1	255
segura 	1	233
sakabanatua 	1	211
kale 	1	203
olabarrieta 	1	203
juan 	1	203
nucleo 	1	195
olabarrieta auzoa 	2	189
segura barreiatua 	2	188
behobia 	1	187
behobia errepidea 	2	187
calle 	1	172
karrika 	1	165
nagusia 	1	161
elizaurrea 	1	158
nafarroa 	1	157
uribarri 	1	152
ormaiztegi 	1	151
erreka 	1	151
ormaiztegi sakabanatua 	2	151
zubillaga 	1	142
zubillaga auzoa 	2	142
izarraitz 	1	140
uribarri auzoa 	2	138
izarraitz auzoa 	2	134
kale nagusia 	2	134
pedro 	1	131
elizatea 	1	129
larraña auzoa 	2	125
larraña 	1	125
santa 	1	124
vasco-aragonesa 	1	120
erreka auzoa 	2	120
autopista vasco-aragonesa 	2	120
autopista 	1	120
goiballara 	1	117
elosiaga auzoa 	2	112
elorregi 	1	112
elosua 	1	112
elosua auzoa 	2	112
elorregi auzoa 	2	112
elosiaga 	1	112
nafarroa etorbidea 	2	109
jose 	1	108
araotz auzoa 	2	108
araotz 	1	108
musakola auzoa 	2	107
musakola 	1	107
gasteiz-irun 	1	102
eibartik autobidea 	2	102
eibartik 	1	102
donostiako 	1	101
garibai 	1	100
leitzarango autobidea 	2	100
leitzarango 	1	100
agirre 	1	97
gunea 	1	97
garibai auzoa 	2	96
kadaguako korridorea 	2	95
korridorea 	1	95
kadaguako 	1	95
irimoegigoena auzoa 	2	94
irimoegigoena 	1	94
arantzazu 	1	92
gabiria 	1	92
arantzazu auzoa 	2	90
basalgo 	1	89
basalgo auzoa 	2	89
urtatza-egialdea auzoa 	2	88
urtatza-egialdea 	1	88
garagaltza 	1	87
sakana etorbidea 	2	87
sakana 	1	87
garagaltza auzoa 	2	87
gudugarreta auzoa 	2	87
gudugarreta 	1	87
ugarana 	1	85
beasainmendi 	1	84
beasainmendi auzoa 	2	84
sorabilla auzoa 	2	83
nafarroako 	1	83
sorabilla 	1	83
arana 	1	83
frantzia 	1	82
ibarra 	1	81
errekalde 	1	81
baztan 	1	81
auzunea 	1	80
ergoena 	1	80
aginaga 	1	79
lizarraga auzoa 	2	78
aginaga auzoa 	2	78
lizarraga 	1	78
ballara 	1	77
galartza 	1	76
uzarraga 	1	76
madariaga 	1	76
uzarraga auzoa 	2	76
madariaga auzoa 	2	76
antonio 	1	75
maria 	1	74
la 	1	74
artzalluz 	1	73
letea 	1	72
saihesbidea 	1	71
aztiria auzoa 	2	70
aztiria 	1	70
aizkorri 	1	69
aratz-erreka auzoa 	2	69
aratz-erreka 	1	69
bildua 	1	69
elizmendi 	1	68
urtsuaran 	1	67
urtsuaran auzoa 	2	67
elduain 	1	67
maría 	1	66
industrialdea 	1	66
ibarbia 	1	66
ibañarrietako bidea 	2	65
urrategi auzoa 	2	65
berezao 	1	65
ibañarrietako 	1	65
urrategi 	1	65
berezao auzoa 	2	65
oñatz 	1	64
aldapa 	1	64
donostiako saihesbidea 	2	63
aintzerga 	1	63
eliz-ballara 	1	63
aintzerga auzoa 	2	63
odria auzoa 	2	63
lazkao barreiatua 	2	63
koate 	1	63
lazkao 	1	63
odria 	1	63
koate auzoa 	2	63
oñatz auzoa 	2	61
aita 	1	60
buruñao 	1	60
iruretaegia auzoa 	2	60
buruñao auzoa 	2	60
iruretaegia 	1	60
ubera auzoa 	2	59
atea 	1	59
gainera auzoa 	2	59
eizagirre 	1	59
ubera 	1	59
eizagirre auzoa 	2	59
gabiria gunea 	2	59
egileor 	1	59
gainera 	1	59
grupo 	1	58
olanaldea auzoa 	2	58
beballara 	1	58
ibarra kalea 	2	58
olanaldea 	1	58
zeharkalea 	1	58
bilbo-galdakao 	1	57
enparantza 	1	57
bilbo-galdakao errepidea 	2	57
errekalde auzoa 	2	57
elbarren 	1	56
luis 	1	56
mari 	1	56
santio erreka auzoa 	3	56
amillaga kalea 	2	56
amillaga 	1	56
basalde 	1	56
santio erreka 	2	56
elbarren ballara 	2	56
santio 	1	56
zubia 	1	56
basalde auzoa 	2	55
olazkoegia auzoa 	2	55
antzizar 	1	55
donostia 	1	55
olazkoegia 	1	55
antzizar auzoa 	2	55
bolibar 	1	55
murgia 	1	54
gesalibar 	1	54
gesalibar auzoa 	2	54
ergoena auzoa 	2	54
altamira 	1	54
arrutiegia auzoa 	2	53
murgia auzoa 	2	53
arrutiegia 	1	53
tolosa 	1	53
aizpea 	1	52
santxolopeztegi auzoa 	2	52
bekoa 	1	52
aizpea auzoa 	2	52
santxolopeztegi 	1	52
y 	1	51
orbeldegi 	1	51
meatzerreka auzoa 	2	51
meatzerreka 	1	51
altamira auzoa 	2	51
ugarana bekoa auzoa 	3	51
bekoa auzoa 	2	51
martin 	1	51
ugarana bekoa 	2	51
orbeldegi auzoa 	2	51
aranerreka 	1	50
arriaran 	1	50
pio 	1	50
arriaran auzoa 	2	50
ama 	1	49
goiauzoa 	1	49
miguel 	1	49
san pedro 	2	49
gaztelu 	1	48
albiztur nucleo 	2	48
bolibar elizatea 	2	48
goikoa 	1	48
zuazola 	1	48
guipuzkoako 	1	48
oikia auzoa 	2	48
migel 	1	48
oikia 	1	48
albiztur 	1	48
buruntza 	1	48
salbatore 	1	48
guipuzkoako etorbidea 	2	48
astarbe 	1	47
arriaga 	1	47
astarbe auzoa 	2	47
leaburu 	1	47
bainuetxeko 	1	47
altzo 	1	47
buruntza auzoa 	2	47
del 	1	47
amasa 	1	46
bedoña 	1	46
aiestaran 	1	46
aiestaran erreka auzoa 	3	46
bedoña auzoa 	2	46
aiestaran erreka 	2	46
salbatore auzoa 	2	46
amasa auzoa 	2	46
lezesarri auzoa 	2	45
mugitxagaina 	1	45
autsoroko errepidea 	2	45
mugitxagaina auzoa 	2	45
segura bildua 	2	45
autsoroko 	1	45
bainuetxeko errepidea 	2	45
esnaola 	1	45
zurrupitieta 	1	45
san juan 	2	45
beasain 	1	45
aranerreka auzoa 	2	45
zurrupitieta kalea 	2	45
galartza auzoa 	2	45
lezesarri 	1	45
zañartu 	1	44
elduain sakabanatua 	2	44
zañartu auzoa 	2	44
lazkaomendi 	1	44
andra 	1	44
larraitz 	1	44
gipuzkoa 	1	43
lazkaomendi auzoa 	2	43
area 	1	43
martires auzoa 	2	43
ibaia 	1	43
martires 	1	43
zuazola auzoa 	2	43
aratz-matxinbenta auzoa 	2	42
pablo 	1	42
jaizkibel 	1	42
olaberria 	1	42
aratz-matxinbenta 	1	42
gasteiz 	1	41
langaurraldea 	1	41
alde 	1	41
upazan 	1	41
esnaola auzoa 	2	41
zaragoza 	1	40
galdona 	1	40
ibaia kalea 	2	39
bizkaia 	1	39
zaragoza etorbidea 	2	39
ezama 	1	39
andra mari 	2	39
xii 	1	39
pio xii 	2	39
goiburu 	1	39
aia 	1	38
san migel 	2	38
urrexola auzoa 	2	38
karmengo 	1	38
urrexola 	1	38
aia auzoa 	2	38
hirigunea 	1	38
errotaldea 	1	38
zumalakarregi 	1	38
goroeta elizaurrea 	2	38
gudarien 	1	38
goroeta 	1	38
izotzalde 	1	37
geltokiko 	1	37
iturrama 	1	37
senpere 	1	37
ikaztegieta 	1	37
lehendakari 	1	37
arruegi 	1	37
ikaztegieta barreiatua 	2	37
elduainalde 	1	37
lezo 	1	37
irimoegibarrena 	1	37
saiatz 	1	37
araba 	1	37
arruegi auzoa 	2	37
mardari auzoa 	2	37
mardari 	1	37
irimoegibarrena auzoa 	2	37
saiatz auzoa 	2	37
otelarre auzoa 	2	36
barbari auzoa 	2	36
barbari 	1	36
iturrama kalea 	2	36
otelarre 	1	36
zaharra 	1	36
goiko 	1	36
hiriburu 	1	36
asua 	1	36
bulebarra 	1	36
mantxola 	1	35
elorriaga 	1	35
taldearen kalea 	2	35
domingo 	1	35
mantxola auzoa 	2	35
a 	1	35
lenkaran 	1	35
blas 	1	35
lenkaran auzoa 	2	35
sakanako 	1	35
xii etorbidea 	2	35
sakanako autobidea 	2	35
jacinto 	1	35
taldearen 	1	35
ipintza 	1	35
urtesabel auzoa 	2	35
pio xii etorbidea 	3	35
urtesabel 	1	35
geltokiko bidea 	2	35
antso 	1	34
askarruntz auzoa 	2	34
barañaingo 	1	34
zuhaiztia 	1	34
zelaia 	1	34
askarruntz 	1	34
goiherri 	1	34
antigua 	1	33
aiastia 	1	33
ugarana goikoa auzoa 	3	33
kasko 	1	33
eguzkialde 	1	33
ramon 	1	33
mari kalea 	2	33
otadui 	1	33
garagartza 	1	33
barañaingo etorbidea 	2	33
san prudentzio 	2	33
ipintza auzoa 	2	33
otadui zuhaiztia 	2	33
errepide 	1	33
goikoa auzoa 	2	33
goiherri auzoa 	2	33
industrigunea 	1	33
prudentzio 	1	33
avenida 	1	33
zangotza-gasteiz errepidea 	2	33
ugarana goikoa 	2	33
erreka-ballara 	1	33
loiola 	1	33
zangotza-gasteiz 	1	33
olaberria kasko 	2	33
lierni auzoa 	2	32
otatza 	1	32
ezkirotz 	1	32
anardi 	1	32
otatza auzoa 	2	32
ermita 	1	32
anardi area 	2	32
lizarra 	1	32
lierni 	1	32
eta 	1	32
gellao 	1	32
zeharbidea 	1	32
gellao elizatea 	2	32
urdinarrain 	1	31
ama errepidea 	2	31
benavente 	1	31
larrino elizaurrea 	2	31
bartolome 	1	31
karmengo ama errepidea 	3	31
telleria 	1	31
txiki 	1	31
alegia auzoa 	2	31
alegia 	1	31
hondarribia 	1	31
jacinto benavente kalea 	3	31
frantzisko 	1	31
karmengo ama 	2	31
benavente kalea 	2	31
inazio 	1	31
herriko 	1	31
jacinto benavente 	2	31
larrino 	1	31
arana bailara 	2	30
foru 	1	30
foruen 	1	30
senpere auzoa 	2	30
aundi bailara 	2	30
santiago 	1	30
aundi 	1	30
gerratxiki 	1	30
azkue 	1	30
aizkorri aundi 	2	30
gerratxiki kalea 	2	30
urdaneta 	1	30
josé 	1	30
juan kalea 	2	30
euskal 	1	30
ezkirotz kalea 	2	30
aranguren 	1	30
gabriel 	1	30
miraflores 	1	30
aizkorri aundi bailara 	3	30
zaramaga kalea 	2	29
bizkaia kalea 	2	29
plazaolako 	1	29
natur 	1	29
artadi 	1	29
a kalea 	2	29
plazaolako natur bidea 	3	29
natur bidea 	2	29
gazteluaren 	1	29
zaramaga 	1	29
artadi auzoa 	2	29
garagartza auzoa 	2	29
goialdea auzoa 	2	29
plazaolako natur 	2	29
galartza elizaurrea 	2	29
gazteluaren kalea 	2	29
gudarien etorbidea 	2	29
andra mari kalea 	3	29
arriaga bailara 	2	29
taldea 	1	29
goialdea 	1	29
zadorra 	1	29
eliza 	1	28
kurpidea auzoa 	2	28
gainetik 	1	28
kurpidea 	1	28
ugartemendi auzoa 	2	28
goiatz 	1	28
iparragirre 	1	28
zumalakarregi etorbidea 	2	28
aralar 	1	28
jaizkibel gainetik 	2	28
gasteiz errepidea 	2	28
bide 	1	28
udala 	1	28
alkiza 	1	28
ugartemendi 	1	28
zumarkalea 	1	27
san juan kalea 	3	27
ibaiaren 	1	27
orendaundi 	1	27
arrietaldea auzoa 	2	27
azpi 	1	27
santo 	1	27
altzo azpi 	2	27
nazionala 	1	27
areantza elizaurrea 	2	27
torreauzo 	1	27
kontzejua kalea 	2	27
ibaialde 	1	27
san frantzisko 	2	27
arrietaldea 	1	27
arrate 	1	27
alkiza plaza 	2	27
orendaundi kalea 	2	27
kontzejua 	1	27
areantza 	1	27
sabino 	1	27
herria 	1	27
santxiki 	1	26
azkarren etorbidea 	2	26
hierro 	1	26
ergoena bailara 	2	26
begiristain 	1	26
miraflores etorbidea 	2	26
zadorra hiribidea 	2	26
paseo 	1	26
araba kalea 	2	26
nafarroa kalea 	2	26
lazarraga kalea 	2	26
unibersitateko 	1	26
santxiki ibilbidea 	2	26
mendiaren 	1	26
ergoiena 	1	26
arrate auzoa 	2	26
euskal herria 	2	26
leizotz 	1	26
fuente 	1	26
jose maria 	2	26
roke 	1	26
antso azkarren etorbidea 	3	26
ergoiena auzoa 	2	26
leizotz auzoa 	2	26
unibersitateko errepidea 	2	26
antso azkarren 	2	26
azkarren 	1	26
errepide nazionala 	2	26
lazarraga 	1	26
elorriaga auzoa 	2	26
berostegi 	1	25
monasterioa 	1	25
andres 	1	25
zubiaurre 	1	25
arana kalea 	2	25
diego 	1	25
goiatz barreiatua 	2	25
baroja 	1	25
mazmela 	1	25
goribar 	1	25
lermandabidea 	1	25
asua kalea 	2	25
aresti 	1	25
goribar auzoa 	2	25
fuente del hierro kalea 	4	25
monasterioa kalea 	2	25
del hierro 	2	25
berostegi auzoa 	2	25
errekaballara 	1	25
el 	1	25
donostia kalea 	2	25
del hierro kalea 	3	25
etxeberri 	1	25
udala auzoa 	2	25
fuente del 	2	25
mazmela elizatea 	2	25
fuente del hierro 	3	25
mendiaren kalea 	2	25
beasain bidea 	2	25
hierro kalea 	2	25
gipuzkoa kalea 	2	24
blas de 	2	24
erribera 	1	24
francisco 	1	24
intxausti 	1	24
urreta 	1	24
larraitz auzoa 	2	24
txiki bailara 	2	24
n-i 	1	24
aizkorri txiki bailara 	3	24
bilbao 	1	24
aizkorri txiki 	2	24
aritzeta 	1	24
eta donostiako sahiesbidearen lotura 	4	23
eitzaga auzoa 	2	23
ola 	1	23
loinatz 	1	23
aritzeta auzoa 	2	23
aritzetatik 	1	23
isidro 	1	23
valle 	1	23
de tolosa 	2	23
etxetaldea 	1	23
donostiako sahiesbidearen lotura 	3	23
eta donostiako 	2	23
sahiesbidearen lotura 	2	23
olaso 	1	23
sahiesbidearen 	1	23
n-i eta donostiako sahiesbidearen 	4	23
deunaren 	1	23
eitzaga 	1	23
loinatz auzoa 	2	23
n-i eta 	2	23
arriola 	1	23
ametzabide 	1	23
oro 	1	23
gabiria bidea 	2	23
urkiko bidea 	2	23
oro auzoa 	2	23
doktorearen 	1	23
n-i eta donostiako sahiesbidearen lotura 	5	23
madrid-irun 	1	23
crta 	1	23
eta donostiako sahiesbidearen 	3	23
dukearen 	1	23
san frantzisko kalea 	3	23
urkiko 	1	23
donostiako sahiesbidearen 	2	23
n-i eta donostiako 	3	23
errota 	1	23
astizalde 	1	23
pagoeta 	1	23
elduain hirigunea 	2	23
ametzabide kalea 	2	23
frantzisko kalea 	2	23
lotura 	1	23
azaldegi bailara 	2	22
tolosa kalea 	2	22
julian 	1	22
meagas 	1	22
azaldegi 	1	22
egia 	1	22
antigua auzoa 	2	22
belateko 	1	22
san isidro 	2	22
ernio 	1	22
belateko mendatea 	2	22
pedro asua kalea 	3	22
lea 	1	22
lapurdi 	1	22
urioste 	1	22
mendatea 	1	22
erripagaña 	1	22
meagas auzoa 	2	22
erripagaña etorbidea 	2	22
aldaiegia auzoa 	2	22
foru kalea 	2	22
sabino arana 	2	22
kukullo kalea 	2	22
aldaiegia 	1	22
etxabe 	1	22
ibaiaren kalea 	2	22
lea ibilbidea 	2	22
juan de 	2	22
pedro asua 	2	22
valle de 	2	22
loiolako 	1	22
kukullo 	1	22
elola 	1	21
auzoa nucleo 	2	21
san roke 	2	21
ipuliðo 	1	21
loiola auzoa 	2	21
gaztelugibel 	1	21
andaluzia 	1	21
aldapeta 	1	21
zabalgana hiribidea 	2	21
goimendi 	1	21
katalunia kalea 	2	21
elola ballara 	2	21
san isidro kalea 	3	21
katalunia 	1	21
larraona 	1	21
isidro kalea 	2	21
goimendi auzoa 	2	21
eizaguirre 	1	21
taxoare 	1	21
zabalgana 	1	21
eizaguirre auzoa 	2	21
brinkola 	1	21
taxoare kalea 	2	21
andaluzia kalea 	2	21
errotazar 	1	21
artzailuz 	1	21
loiola auzoa nucleo 	3	21
ibaialde ibilbidea 	2	20
iliada 	1	20
dukearen kalea 	2	20
iliada ibilbidea 	2	20
beasain errepidea 	2	20
muino 	1	20
ignacio 	1	20
arcadio maría larraona 	3	20
arcadio 	1	20
nafarroako etorbidea 	2	20
mendizabal 	1	20
meagako errepidea 	2	20
estrata 	1	20
zubiaurre kalea 	2	20
urola 	1	20
larraona kalea 	2	20
atarrabia 	1	20
etxabe auzoa 	2	20
arcadio maría larraona kalea 	4	20
aizpurutxo auzoa 	2	20
mutilnova 	1	20
iruñako etorbidea 	2	20
oiangu 	1	20
ramón 	1	20
mutilnova pasealekua 	2	20
aizpurutxo 	1	20
gasteizko taldearen 	2	20
elizatxo 	1	20
etxea 	1	20
done 	1	20
meagako 	1	20
iparragirre kalea 	2	20
gasteizko 	1	20
altzo muino 	2	20
iruñako 	1	20
arcadio maría 	2	20
deunaren kalea 	2	20
maría larraona kalea 	3	20
gasteizko taldearen kalea 	3	20
urdaneta auzoa 	2	20
maría larraona 	2	20
leitzalde 	1	20
san martin 	2	20
de la 	2	20
paseo de 	2	20
urola kalea 	2	20
poligonoa 	1	19
gurutze 	1	19
carlos 	1	19
altubeko autobidea 	2	19
industri. 	1	19
ilarraldea 	1	19
brinkola nucleo 	2	19
barrenaldea 	1	19
autonomia 	1	19
barrenaldea auzoa 	2	19
altubeko 	1	19
goyaz 	1	19
erribera kalea 	2	19
astigarreta 	1	19
lardi auzoa 	2	19
aingeru 	1	19
gaztelugibel kalea 	2	19
mariturri bulebarra 	2	19
lardi 	1	19
autonomia kalea 	2	19
san martin kalea 	3	19
mariturri 	1	19
ilarraldea auzoa 	2	19
etxezarreta 	1	19
martin kalea 	2	19
urartea 	1	19
bidasoa 	1	19
pagoeta auzoa 	2	19
urruzuno 	1	19
pasalekua 	1	19
astigarreta auzoa 	2	19
margolariaren 	1	19
margolariaren kalea 	2	19
ernio bidea 	2	19
urartea kalea 	2	19
san pedro kalea 	3	18
wellingtongo dukearen 	2	18
aldaba 	1	18
egues kalea 	2	18
urioste auzoa 	2	18
aizarnazabal 	1	18
aralar kalea 	2	18
akoabidea 	1	18
begiristain doktorearen 	2	18
esteban 	1	18
gernika 	1	18
antonio machado kalea 	3	18
egileor auzoa 	2	18
hirialdea 	1	18
telleriarte 	1	18
valle de egues kalea 	4	18
berria 	1	18
de egues 	2	18
berri 	1	18
laiotz-lasusti auzoa 	2	18
egotxeaga auzoa 	2	18
wellingtongo dukearen kalea 	3	18
hernio 	1	18
gorbea 	1	18
b 	1	18
wellingtongo 	1	18
larragibel auzoa 	2	18
begiristain doktorearen pasealekua 	3	18
mendia 	1	18
antonio machado 	2	18
machado 	1	18
urdanpileta 	1	18
urdanpileta auzoa 	2	18
baiona kalea 	2	18
eduardo 	1	18
baiona 	1	18
jardines 	1	18
aizarnazabal hirialdea 	2	18
egues 	1	18
amenabar auzoa 	2	18
hernio bailara 	2	18
de egues kalea 	3	18
joan 	1	18
pedro kalea 	2	18
auzategia 	1	18
zuberoa 	1	18
telleriarte nucleo 	2	18
aldaba auzoa 	2	18
gernikako 	1	18
altunegiko 	1	18
laiotz-lasusti 	1	18
amenabar 	1	18
rekalde 	1	18
mendi 	1	18
machado kalea 	2	18
egotxeaga 	1	18
altunegiko auzoa 	2	18
santo domingo 	2	18
doktorearen pasealekua 	2	18
larragibel 	1	18
garagarza-arana 	1	18
urruzuno bailara 	2	18
valle de egues 	3	18
garagarza-arana erreka 	2	18
idotorbe 	1	18
txalon erreka 	2	17
eldua auzoa 	2	17
aresti kalea 	2	17
gabriel aresti 	2	17
asemendialdea 	1	17
apezpikuaren kalea 	2	17
ibaiondo 	1	17
aginamendi 	1	17
gorosmendi auzoa 	2	17
aginamendi auzoa 	2	17
etxetaballa 	1	17
arabar errioxako 	2	17
erresuma 	1	17
oliva monasterioa 	2	17
txalon 	1	17
atarrabia etorbidea 	2	17
mikel 	1	17
joaquin 	1	17
anduaga 	1	17
erresuma etorbidea 	2	17
nafarroako erresuma etorbidea 	3	17
salburua bulebarra 	2	17
tirapu 	1	17
eldua 	1	17
elizatxo hiribidea 	2	17
garbera 	1	17
ihartza 	1	17
salburua 	1	17
asemendialdea auzoa 	2	17
etxetaballa auzoa 	2	17
torre 	1	17
ibarra zelaia 	2	17
gorosmendi 	1	17
oiangu alde 	2	17
ihartza auzoa 	2	17
nafarroako erresuma 	2	17
barandiaran 	1	17
zubialde 	1	17
apezpikuaren 	1	17
kasko-gain 	1	17
mutiloa 	1	17
oliva monasterioa kalea 	3	17
manuel 	1	17
oliva 	1	17
aranguren auzoa 	2	17
txalon erreka auzoa 	3	17
lehendakariaren 	1	17
arabar 	1	17
agustin 	1	17
errioxako 	1	17
hirigune sakabanatua 	2	16
mendia kalea 	2	16
ospela 	1	16
prudentzio hiribidea 	2	16
trenbidearen 	1	16
aldapa kalea 	2	16
i 	1	16
ibaizabal 	1	16
txikia 	1	16
agirre lehendakariaren 	2	16
rekalde zumarkalea 	2	16
klara 	1	16
cajal kalea 	2	16
san prudentzio kalea 	3	16
bartolome deunaren 	2	16
garbera zeharbidea 	2	16
prudentzio kalea 	2	16
balle 	1	16
montevideo 	1	16
anttialdea auzoa 	2	16
txurruka 	1	16
kaia 	1	16
zelaia kalea 	2	16
urkuletako bidea 	2	16
san prudentzio hiribidea 	3	16
y cajal kalea 	3	16
anttialdea 	1	16
jundiz 	1	16
julio 	1	16
goyaz barreiatua 	2	16
astigarribia 	1	16
cajal 	1	16
y cajal 	2	16
abejeras 	1	16
santa barbara 	2	16
andre 	1	16
eskola 	1	16
arrasate 	1	16
barbara 	1	16
mijoa 	1	16
astola 	1	16
hirigune 	1	16
urkuletako 	1	16
abejeras kalea 	2	16
lapurdi kalea 	2	16
atea kalea 	2	16
mendizabal auzoa 	2	16
gorospealdea 	1	16
las 	1	16
montevideo etorbidea 	2	16
beherea 	1	16
udaletxea 	1	16
gorospealdea auzoa 	2	16
bartolome deunaren kalea 	3	16
arbola 	1	16
jundiz kalea 	2	16
geltoki 	1	16
dintialdea auzoa 	2	15
sallobente-ermuaran bailara 	2	15
zerain nucleo 	2	15
urbasa 	1	15
olaso auzoa 	2	15
iribarren kalea 	2	15
sanantonabat auzoa 	2	15
bidarte 	1	15
zuberoa kalea 	2	15
nafarroa beherea 	2	15
klara kalea 	2	15
bidania 	1	15
iturribide 	1	15
errekaldea 	1	15
juan pablo 	2	15
santa klara kalea 	3	15
dintialdea 	1	15
ondaraldea auzoa 	2	15
sanantonabat 	1	15
santa klara 	2	15
guadalupe auzoa 	2	15
de azkue 	2	15
lehendakariaren etorbidea 	2	15
agirre lehendakariaren etorbidea 	3	15
zerain 	1	15
agirre lehendakari 	2	15
artunduaga 	1	15
sasiain-arandi 	1	15
amerialde 	1	15
arkarazo 	1	15
lehendakari etorbidea 	2	15
garai 	1	15
fernando 	1	15
bidarte auzoa 	2	15
domingo kalea 	2	15
guadalupe 	1	15
abaltzisketa hirigunea 	2	15
iribarren 	1	15
teodoro 	1	15
artekale 	1	15
altzaga 	1	15
legorretazahar 	1	15
lehendakari agirre 	2	15
abaltzisketa 	1	15
garikano auzoa 	2	15
olaeta 	1	15
deuna 	1	15
beheko 	1	15
sallobente-ermuaran 	1	15
legorretazahar auzoa 	2	15
ondaraldea 	1	15
agirre auzoa 	2	15
garikano 	1	15
juango 	1	15
mutiloa bildua 	2	15
bidania gunea 	2	15
santo domingo kalea 	3	15
san juango 	2	15
barria 	1	15
zarate 	1	15
arkarazo elizaurrea 	2	15
sadar 	1	15
agirre lehendakari etorbidea 	3	15
baztarkalealdea 	1	15
baztarkalealdea auzoa 	2	15
gosategialdea 	1	14
agaraitz 	1	14
zubialde auzoa 	2	14
pintorea 	1	14
la serna 	2	14
lartzalde auzoa 	2	14
sarbidea 	1	14
de la serna kalea 	4	14
añorgatik 	1	14
de la serna 	3	14
blas de la serna kalea 	5	14
tirapu kalea 	2	14
fermin 	1	14
florida 	1	14
erentxun 	1	14
agaraitz auzoa 	2	14
doctora 	1	14
kareaga 	1	14
loiolako inazio 	2	14
blas de la 	3	14
miranda 	1	14
z 	1	14
elorriagako atea 	2	14
gernikako arbola 	2	14
lutzia 	1	14
inazio hiribidea 	2	14
i kalea 	2	14
bartolome kalea 	2	14
doctora ariz 	2	14
errekaldea auzoa 	2	14
busturbi 	1	14
gosategialdea auzoa 	2	14
busturbi kalea 	2	14
loiolako inazio hiribidea 	3	14
mardubidea 	1	14
z kalea 	2	14
judimendi 	1	14
mutiloagoiti kalea 	2	14
san juango bidea 	3	14
beherea etorbidea 	2	14
ravel 	1	14
arga 	1	14
portu 	1	14
la serna kalea 	3	14
juango bidea 	2	14
astigarraga 	1	14
maurice 	1	14
iruetxetaaldea 	1	14
lartzalde 	1	14
ariz 	1	14
izarbenta 	1	14
iruetxetaaldea auzoa 	2	14
santa lutzia 	2	14
doctora ariz kalea 	3	14
nafarroa beherea etorbidea 	3	14
donostiako sarbidea 	2	14
serna 	1	14
izarbenta kalea 	2	14
serna kalea 	2	14
erentxun kalea 	2	14
serafin 	1	14
maurice ravel 	2	14
elorriagako 	1	14
intxaurrondo 	1	14
ana 	1	14
iguzkitzako sahiesbidea 	2	14
ariz kalea 	2	14
iguzkitzako 	1	14
euskadi 	1	14
intxaurrondo kalea 	2	14
sahiesbidea 	1	14
europa 	1	14
foruen plaza 	2	14
blas de la serna 	4	14
san andres 	2	14
mutiloagoiti 	1	14
aizkorri kalea 	2	13
arrieta 	1	13
garin auzoa 	2	13
angiozar auzoa 	2	13
simon 	1	13
galtzada 	1	13
pintorea kalea 	2	13
arretxe 	1	13
u kalea 	2	13
lezialde 	1	13
los 	1	13
juan erentxun kalea 	3	13
iturribide kalea 	2	13
arretxe kalea 	2	13
andatza 	1	13
urreta bailara 	2	13
garin 	1	13
aita kalea 	2	13
uriarte 	1	13
apotzaga 	1	13
juan erentxun 	2	13
nafarroako muga 	2	13
de tolosa kalea 	3	13
san bartolome kalea 	3	13
maría de azkue 	3	13
arriola auzoa 	2	13
navas de tolosa kalea 	4	13
amaia 	1	13
herria kalea 	2	13
errotazar bidea 	2	13
altzola 	1	13
kale berria 	2	13
judimendi hiribidea 	2	13
navas de tolosa 	3	13
ipintza-garmendi 	1	13
elkano 	1	13
intxaurpe auzoa 	2	13
andatza nucleo 	2	13
navas 	1	13
maría de 	2	13
saguesgaña 	1	13
ermitagaña 	1	13
argoin 	1	13
e 	1	13
astola bidea 	2	13
apotzaga elizatea 	2	13
saguesgaña kalea 	2	13
generalaren kalea 	2	13
mendiola 	1	13
calle josé 	2	13
navas de 	2	13
mendigorritxu 	1	13
aritza kalea 	2	13
ermitagaña kalea 	2	13
vicente 	1	13
arabar errioxako errepidea 	3	13
generalaren 	1	13
gorbea kalea 	2	13
aritza 	1	13
plazatxoa 	1	13
mendigorritxu kalea 	2	13
intxaurpe 	1	13
endoiabidea 	1	13
san bartolome 	2	13
urtsu-erreka auzoa 	2	13
lezialde auzoa 	2	13
ugarte 	1	13
errioxako errepidea 	2	13
muga 	1	13
ii 	1	13
miranda kalea 	2	13
beko 	1	13
e kalea 	2	13
itsaso 	1	13
angiozar 	1	13
urtsu-erreka 	1	13
euskal herria kalea 	3	13
u 	1	13
diaz 	1	12
olave kalea 	2	12
garai kalea 	2	12
umansoroko diego 	2	12
serafin olave 	2	12
guridi 	1	12
aldapa bailara 	2	12
barandiaran kalea 	2	12
amiðaldea auzoa 	2	12
magdalena 	1	12
olariaga kalea 	2	12
goiburu auzoa 	2	12
urtaki industrigunea 	2	12
ii etorbidea 	2	12
diego aita kalea 	3	12
iruña-veleia 	1	12
ola auzoa 	2	12
sakabanatutako 	1	12
olariaga 	1	12
parkea 	1	12
amiðaldea 	1	12
olaeta auzoa 	2	12
alzania 	1	12
gernika kalea 	2	12
eliz 	1	12
toloaldea 	1	12
san juan bosco 	3	12
san inazio 	2	12
salbatierrabide kalea 	2	12
t kalea 	2	12
otamendi 	1	12
artika kalea 	2	12
umansoroko diego aita 	3	12
marina 	1	12
belen 	1	12
ramon y 	2	12
herriko plaza 	2	12
b kalea 	2	12
abeletxe 	1	12
granada industrialdea 	2	12
maurice ravel etorbidea 	3	12
granada 	1	12
umansoroko 	1	12
irukarate-gain auzoa 	2	12
artika 	1	12
alzania ibaia 	2	12
oiartzun 	1	12
olave 	1	12
alfontso 	1	12
deuna kalea 	2	12
irukarate-gain 	1	12
legutianoko atea 	2	12
pablo ii etorbidea 	3	12
azkue kalea 	2	12
argoin auzoa 	2	12
atala 	1	12
san inazio kalea 	3	12
t 	1	12
iriburu 	1	12
zuloaga 	1	12
santa marina 	2	12
ravel etorbidea 	2	12
toloaldea auzoa 	2	12
juan pablo ii 	3	12
tomas 	1	12
serafin olave kalea 	3	12
altzola auzoa 	2	12
erdiko 	1	12
luis olariaga kalea 	3	12
jesusen 	1	12
urtaki 	1	12
iruña-veleia hiribidea 	2	12
bernardino 	1	12
iriburu kalea 	2	12
juan bosco 	2	12
juan pablo ii etorbidea 	4	12
luis olariaga 	2	12
bosco 	1	12
legutianoko 	1	12
olano 	1	12
salbatierrabide 	1	12
pablo ii 	2	12
san miguel 	2	12
alzania ibaia kalea 	3	12
inazio kalea 	2	12
aguirre 	1	12
diego aita 	2	12
avenida de 	2	12
agirre kalea 	2	12
umansoroko diego aita kalea 	4	12
estarta 	1	12
bernardino tirapu 	2	12
gabriel aresti kalea 	3	11
roke kalea 	2	11
eneko aritza kalea 	3	11
bruselas 	1	11
beko kale 	2	11
sofia 	1	11
maiz 	1	11
irunlarrea 	1	11
gabarrari 	1	11
entrega 	1	11
isusigarra 	1	11
elexalde 	1	11
x 	1	11
maría lacunza 	2	11
ibaizabal bidea 	2	11
club 	1	11
zalduspe kalea 	2	11
guarda 	1	11
lasarteko 	1	11
ikastetxea 	1	11
intxaurtxueta auzoa 	2	11
lacunza kalea 	2	11
gipuzkoa etorbidea 	2	11
entrega kalea 	2	11
larraul 	1	11
nardeaga 	1	11
ramon iribarren 	2	11
intxaurtxueta 	1	11
gabarrari kalea 	2	11
bidezarra 	1	11
carrefour 	1	11
zalduspe 	1	11
señorío 	1	11
kantoia 	1	11
kristobal 	1	11
voluntaria 	1	11
asuraldea 	1	11
andres kalea 	2	11
maiz kalea 	2	11
lasao 	1	11
urreta kalea 	2	11
etxepare 	1	11
gornutz-montaña 	1	11
ramon iribarren kalea 	3	11
aingeru guarda 	2	11
eneko 	1	11
baldanalde 	1	11
letxunborro 	1	11
uriarte auzoa 	2	11
sabino arana kalea 	3	11
irunlarrea kalea 	2	11
voluntaria entrega 	2	11
san roke kalea 	3	11
eneko aritza 	2	11
nafarroako errege-erreginen kalea 	3	11
nardeaga kalea 	2	11
btt 	1	11
begoñako 	1	11
zaharra kalea 	2	11
errege-erreginen kalea 	2	11
señorío de 	2	11
j. 	1	11
azpilgoeta 	1	11
guarda pasealekua 	2	11
ornilla 	1	11
elizondo 	1	11
ornilla doctorearen kalea 	3	11
san andres kalea 	3	11
kirikiño 	1	11
portu kalea 	2	11
nafarroako errege-erreginen 	2	11
sadar kalea 	2	11
margarita 	1	11
sabino arana etorbidea 	3	11
santa ana 	2	11
juan antonio 	2	11
errege-erreginen 	1	11
murueta 	1	11
gurutze kalea 	2	11
ornilla doctorearen 	2	11
lacunza 	1	11
eliz kalea 	2	11
ibiltokia 	1	11
mutiloabeiti 	1	11
lopez 	1	11
doctorearen 	1	11
doctorearen kalea 	2	11
telleria kalea 	2	11
zumardia 	1	11
aingeru guarda pasealekua 	3	11
letxunborro hiribidea 	2	11
lasarteko atea 	2	11
maria kalea 	2	11
isusigarra auzoa 	2	11
maría lacunza kalea 	3	11
belen industrigunea 	2	11
arana etorbidea 	2	11
larraul nucleo 	2	11
voluntaria entrega kalea 	3	11
sabin 	1	11
don 	1	10
etxezarreta auzoa 	2	10
urbizuaran auzoa 	2	10
yanguas y 	2	10
nafarroako foruen plaza 	3	10
askatasuna 	1	10
oleta 	1	10
itsaso nucleo 	2	10
ulia 	1	10
erletokieta 	1	10
zumarraga 	1	10
mariaren 	1	10
ramon y cajal 	3	10
calle ramón 	2	10
alibarra kalea 	2	10
yanguas 	1	10
azaldegi-estanga 	1	10
arinberriaga 	1	10
eduardo coste 	2	10
begoñako andra mari 	3	10
aizarnatebidea 	1	10
bosco kalea 	2	10
y miranda 	2	10
otaola 	1	10
altzai auzoa 	2	10
biribilgunea 	1	10
andraka auzoa 	2	10
basabe poligonoa 	2	10
aozaratza 	1	10
landeta 	1	10
floreagako auzoa 	2	10
begoñako andra 	2	10
aiete pasealekua 	2	10
san juan bosco kalea 	4	10
lugaritz 	1	10
leitzaran 	1	10
goienkale 	1	10
sofia erreginaren 	2	10
bergamin 	1	10
basabe 	1	10
erreginaren 	1	10
floreagako 	1	10
arinberriaga auzoa 	2	10
coste kalea 	2	10
urkia 	1	10
zaldibia 	1	10
cordovilla kalea 	2	10
arrondo 	1	10
mendieta 	1	10
sansomendi kalea 	2	10
eder 	1	10
etxezarra 	1	10
c 	1	10
antxiturri kalea 	2	10
elosegi 	1	10
zubikoeta industrigunea 	2	10
coste 	1	10
alibarra 	1	10
sansomendi 	1	10
eduardo coste kalea 	3	10
basusta-bidea 	1	10
lauaxeta 	1	10
bidebarrieta 	1	10
miramon 	1	10
egia kalea 	2	10
nafarroako foruen 	2	10
hondartza 	1	10
urkuluta 	1	10
azpilgoeta auzoa 	2	10
yanguas y miranda 	3	10
sofia erreginaren hiribidea 	3	10
larreineta 	1	10
zarautz 	1	10
zumakadi 	1	10
zarautz kalea 	2	10
loruri 	1	10
erdoizta 	1	10
ochagavia 	1	10
xxiii 	1	10
atekamotza 	1	10
altzai 	1	10
donibane 	1	10
katedrala 	1	10
vitoria 	1	10
zubikoeta 	1	10
cordovilla 	1	10
urkuluta auzoa 	2	10
bergamin kalea 	2	10
antxiturri 	1	10
resurrección 	1	10
bernardino tirapu kalea 	3	10
erletokieta kalea 	2	10
arramendi 	1	10
artunduaga kalea 	2	10
ochagavia kalea 	2	10
andraka 	1	10
bulandegi industri. 	2	10
yanguas y miranda kalea 	4	10
auzo txikia 	2	10
trenbide 	1	10
goiko kale 	2	10
bulandegi 	1	10
hibaia 	1	10
arrondo auzoa 	2	10
auzo 	1	10
aiete 	1	10
erdiko kalea 	2	10
erreginaren hiribidea 	2	10
eguzkialde kalea 	2	10
etxezarra kalea 	2	10
garagarza-etxabe 	1	10
ramon y cajal kalea 	4	10
aldakonea 	1	10
garajonai 	1	10
urbizuaran 	1	10
tilos kalea 	2	10
zumakadi ibilbidea 	2	10
loruri auzoa 	2	10
garajonai kalea 	2	10
tilos 	1	10
etxeberria 	1	10
alfonso 	1	10
arga hibaia 	2	10
jesus 	1	10
etxepare kalea 	2	10
goiko kalea 	2	10
garagarza-etxabe mendi 	2	10
juan bosco kalea 	3	10
aozaratza elizaurrea 	2	10
y miranda kalea 	3	10
askatasun 	1	10
solokoetxe 	1	9
juan garai kalea 	3	9
murkondo auzoa 	2	9
san agustin 	2	9
latinoamerika 	1	9
zakel 	1	9
bidebarrieta kalea 	2	9
blas kalea 	2	9
errezilgo gunea 	2	9
carmen 	1	9
landeta hiribidea 	2	9
portua 	1	9
errotalde 	1	9
etorrabidea 	1	9
de azkue hiribidea 	3	9
circo amateur club 	3	9
florida kalea 	2	9
boni 	1	9
lizartza 	1	9
orbaitzetako 	1	9
crta. 	1	9
andre mariaren 	2	9
untzain 	1	9
herrandarren kalea 	2	9
askarra 	1	9
urteta 	1	9
serapio 	1	9
kanalea bidea 	2	9
y kalea 	2	9
isabel 	1	9
urkixo 	1	9
higer 	1	9
urteaga kalea 	2	9
frontoi 	1	9
aiztunalde 	1	9
maite zuñiga kalea 	3	9
paduleta 	1	9
olaberria kalea 	2	9
ingurubidea 	1	9
tolosa hiribidea 	2	9
amateur club 	2	9
zabalbide 	1	9
san blas 	2	9
laskurain 	1	9
santiago kalea 	2	9
arana goiritar 	2	9
koskojales 	1	9
ganguren 	1	9
kanalea 	1	9
aribe 	1	9
beizama bildua 	2	9
santiago ramon y cajal kalea 	5	9
urteaga 	1	9
maiatzaren 	1	9
san blas kalea 	3	9
urbitarte 	1	9
zakel auzoa 	2	9
itsaspe auzoa 	2	9
iriondo-altun 	1	9
ricardo 	1	9
itsaspe 	1	9
paduleta kalea 	2	9
arriaga kalea 	2	9
gain 	1	9
fano 	1	9
europa batasuna etorbidea 	3	9
tunela 	1	9
batasuna etorbidea 	2	9
san agustin kalea 	3	9
ola errepidea 	2	9
etxeberria kalea 	2	9
circo 	1	9
santiago ramon y 	3	9
magdalena kalea 	2	9
murkondo 	1	9
garcía 	1	9
lasarteko atea kalea 	3	9
jose miguel barandiaran kalea 	4	9
otzaurte auzoa 	2	9
maite zuñiga 	2	9
jose miguel barandiaran 	3	9
zonaldea 	1	9
borrokalariaren 	1	9
alfontso borrokalariaren kalea 	3	9
iturritxu 	1	9
xabier 	1	9
julian gayarre 	2	9
elkano kalea 	2	9
tao 	1	9
beizama 	1	9
pildain-gasastegi 	1	9
lehen 	1	9
elorrio 	1	9
azkue hiribidea 	2	9
urzabal 	1	9
orbaitzetako ola errepidea 	3	9
europa batasuna 	2	9
fray 	1	9
otzaurte 	1	9
nieves cano 	2	9
jose miguel 	2	9
circo amateur club deportivo kalea 	5	9
latinoamerika plaza 	2	9
orbaitzetako ola 	2	9
mendiola elizatea 	2	9
santiago ramon 	2	9
aitzorrotz bidea 	2	9
zabalbide kalea 	2	9
axgane 	1	9
boni laskurain 	2	9
san nikolas 	2	9
c kalea 	2	9
nieves 	1	9
cano 	1	9
gurena 	1	9
itxaropen 	1	9
amateur club deportivo 	3	9
miguel barandiaran 	2	9
batasuna 	1	9
koskojales kalea 	2	9
v kalea 	2	9
santiago ramon y cajal 	4	9
begoñako andra mari kalea 	4	9
teresa 	1	9
circo amateur club deportivo 	4	9
uzturre 	1	9
miguel de 	2	9
sebastián 	1	9
ibaiondo kalea 	2	9
masustegi 	1	9
olaz 	1	9
zuñiga kalea 	2	9
etxebarria 	1	9
barcelona 	1	9
maite 	1	9
biteri 	1	9
higer bidea 	2	9
miguel barandiaran kalea 	3	9
deportivo kalea 	2	9
nikolas 	1	9
orixe 	1	9
zorroaga pasealekua 	2	9
zorroaga 	1	9
v 	1	9
errezilgo 	1	9
aitzorrotz 	1	9
cristobal 	1	9
lekunberri. 	1	9
txonta 	1	9
juan garai 	2	9
agustin kalea 	2	9
gurena kalea 	2	9
zuñiga 	1	9
avenida de tolosa 	3	9
club deportivo kalea 	3	9
alfontso borrokalariaren 	2	9
arga hibaia kalea 	3	9
paulino 	1	9
axgane auzoa 	2	9
irizar 	1	9
elorriaga kalea 	2	9
frai 	1	9
deportivo 	1	9
general 	1	9
circo amateur 	2	9
amateur club deportivo kalea 	4	9
iturritxu kalea 	2	9
amateur 	1	9
crta. zaldibia 	2	9
borrokalariaren kalea 	2	9
jaizkibel etorbidea 	2	9
askarra kalea 	2	9
lersundi 	1	9
herrandarren 	1	9
hibaia kalea 	2	9
de tolosa hiribidea 	3	9
club deportivo 	2	9
laranga 	1	9
goiritar 	1	9
iñigo 	1	9
avenida de tolosa hiribidea 	4	9
ariola 	1	9
gayarre 	1	9
arbiskoa 	1	8
olaz kontzejua kalea 	3	8
karlos 	1	8
adela bazo kalea 	3	8
zurbaoko 	1	8
martzelino zelaia kalea 	3	8
crisostomo 	1	8
crisostomo arriaga 	2	8
gregorio 	1	8
ibarrako 	1	8
sagasti 	1	8
olaz kontzejua 	2	8
eskubideen 	1	8
zugatzarte etorbidea 	2	8
dario 	1	8
justo 	1	8
calle juan 	2	8
martxoaren 	1	8
urbizi 	1	8
juan crisostomo arriaga 	3	8
giza 	1	8
mendarozabal-idiazabaltxo 	1	8
zugatzarte 	1	8
sakamidra 	1	8
junkal 	1	8
ozaeta kalea 	2	8
fano auzoa 	2	8
pasabidea 	1	8
hiribarren kalea 	2	8
margolaria 	1	8
mendieta kalea 	2	8
ibaigane 	1	8
arbiskoa auzoa 	2	8
garcia 	1	8
martinez de 	2	8
berabera pasealekua 	2	8
regoyos 	1	8
montal 	1	8
miguel kalea 	2	8
ipar 	1	8
calle koskojales 	2	8
nieves cano kalea 	3	8
doktor 	1	8
saihesbidearen lehen fasea 	3	8
ballester apezpikuaren kalea 	3	8
andia 	1	8
ibarrako saihesbidearen lehen 	3	8
margolaria kalea 	2	8
saihesbidearen lehen 	2	8
aldabe 	1	8
eutera auzoa 	2	8
lugaritz pasealekua 	2	8
molino 	1	8
eskurtze 	1	8
solandia 	1	8
zahar 	1	8
urkulaparte auzoa 	2	8
aldapa auzoa 	2	8
padura 	1	8
errebote plaza 	2	8
amaia kalea 	2	8
doktor begiristain pasealekua 	3	8
itsasaga 	1	8
oðatz 	1	8
larrea 	1	8
etxealdea 	1	8
telleria industrialdea 	2	8
errekarte kalea 	2	8
urkizu 	1	8
maiteminduen 	1	8
juan crisostomo 	2	8
axular 	1	8
tomasen ubideko 	2	8
mutiloabeiti errepidea 	2	8
marina kalea 	2	8
errekarte 	1	8
alde kalea 	2	8
anaien kalea 	2	8
ibarrako saihesbidearen 	2	8
ballester apezpikuaren 	2	8
resurrección maría de azkue 	4	8
paula 	1	8
adela 	1	8
jardines gernika 	2	8
d kalea 	2	8
maría de azkue hiribidea 	4	8
iruñea kalea 	2	8
eskubideen hiribidea 	2	8
santa barbara kalea 	3	8
urzabal auzoa 	2	8
baserritarren 	1	8
landaberde 	1	8
orixe kalea 	2	8
san antonio 	2	8
oðatz auzoa 	2	8
tomasen ubideko kalea 	3	8
xixilion kalea 	2	8
izurieta elizaurrea 	2	8
basarte 	1	8
antiguo 	1	8
doktor begiristain 	2	8
laubide 	1	8
urbizi kalea 	2	8
lausitta kalea 	2	8
leire 	1	8
pio baroja 	2	8
j kalea 	2	8
baserritarren etorbidea 	2	8
crisostomo arriaga kalea 	3	8
urkulaparte 	1	8
udaletxe 	1	8
ubideko kalea 	2	8
perez 	1	8
giza eskubideen 	2	8
xixilion 	1	8
anaien 	1	8
castaños 	1	8
fasea 	1	8
adela bazo 	2	8
beotibar 	1	8
gonzalez 	1	8
olalde 	1	8
vallejo 	1	8
eutera 	1	8
santo tomasen ubideko 	3	8
santa marina kalea 	3	8
d 	1	8
hegoalde 	1	8
hiribarren 	1	8
zulaaldea 	1	8
olaketa 	1	8
lasao kalea 	2	8
san miguel kalea 	3	8
zuazobidea 	1	8
resurrección maría 	2	8
larramendi 	1	8
g 	1	8
aguirre kalea 	2	8
sakamidra bailara 	2	8
ugarte kalea 	2	8
izurieta 	1	8
dublang 	1	8
zulaaldea auzoa 	2	8
lersundi kalea 	2	8
extremadura 	1	8
cano kalea 	2	8
murua 	1	8
jardines gernika kalea 	3	8
zabala 	1	8
resurrección maría de azkue hiribidea 	5	8
begiristain pasealekua 	2	8
ibaigane kalea 	2	8
ballester 	1	8
martzelino zelaia 	2	8
tomasen 	1	8
calle koskojales kalea 	3	8
oriamendi 	1	8
doctor 	1	8
trenbidearen hiribidea 	2	8
jose migel 	2	8
zahar kalea 	2	8
agarre 	1	8
saihesbidearen 	1	8
ozaeta 	1	8
giza eskubideen hiribidea 	3	8
txaparre 	1	8
harresilanda 	1	8
iruña 	1	8
zarate kalea 	2	8
barbara kalea 	2	8
montal kalea 	2	8
otaola balle 	2	8
padura kalea 	2	8
martzial 	1	8
berabera 	1	8
errebote 	1	8
zabalburu 	1	8
aldakonea kalea 	2	8
landaberde kalea 	2	8
santo tomasen 	2	8
urkia bidea 	2	8
teodoro dublang 	2	8
ubideko 	1	8
institutua 	1	8
narruondo 	1	8
paula montal kalea 	3	8
lekuona 	1	8
ibarrako saihesbidearen lehen fasea 	4	8
errondo pasealekua 	2	8
itsasaga auzoa 	2	8
paula montal 	2	8
zumarralde 	1	8
etxesakan kalea 	2	8
atxabiribil 	1	8
etxesakan 	1	8
solandia kalea 	2	8
durañona 	1	8
martinez 	1	8
g kalea 	2	8
bazo kalea 	2	8
resurrección maría de 	3	8
santo tomasen ubideko kalea 	4	8
ategorrietako 	1	8
zumarralde kalea 	2	8
goiri 	1	8
cervantes 	1	8
errondo 	1	8
lehen fasea 	2	8
narruondo auzoa 	2	8
juan crisostomo arriaga kalea 	4	8
j 	1	8
lausitta 	1	8
bazo 	1	8
harresilanda kalea 	2	8
itxaropen auzoa 	2	8
zurbaoko atea 	2	8
martutenetik 	1	8
martzelino 	1	8
mogel kalea 	2	7
herria hiribidea 	2	7
unamuno 	1	7
x kalea 	2	7
zubiaurrezahar kalea 	2	7
masustegi auzoa 	2	7
kale zaharra 	2	7
etxaldea 	1	7
junkal kalea 	2	7
artola kalea 	2	7
geltoki hiribidea 	2	7
basadi 	1	7
la avanzada 	2	7
leire kalea 	2	7
zubiaurrezahar 	1	7
errege 	1	7
n 	1	7
jaizubia 	1	7
bilbao libano 	2	7
deba 	1	7
mugazuri kalea 	2	7
maiteminduen pasealekua 	2	7
buenos aires 	2	7
arizmendiarrieta pasealekua 	2	7
beitza bidea 	2	7
miramon pasealekua 	2	7
jakue 	1	7
arbizu 	1	7
katalina 	1	7
udal 	1	7
einstein 	1	7
zabaleta 	1	7
louis heintz 	2	7
urbanizazioa 	1	7
luis urrengoetxea 	2	7
aragon 	1	7
asti auzoa 	2	7
galtzaraborda 	1	7
calle simón bolívar 	3	7
urdazubiko 	1	7
elosegi kalea 	2	7
juan telleria 	2	7
tenienteak etorbidea 	2	7
valladolid kalea 	2	7
done jakue 	2	7
martínez 	1	7
bhi 	1	7
elejalde kalea 	2	7
artetxe 	1	7
artola 	1	7
garbizu 	1	7
blas de otero 	3	7
jenerala 	1	7
eutela 	1	7
mallutz 	1	7
jaispidea 	1	7
laskurain pasealekua 	2	7
bolívar kalea 	2	7
goiri kalea 	2	7
zalduondo 	1	7
aires 	1	7
olazabalbide 	1	7
garbizu kalea 	2	7
santa isabel 	2	7
ultzama ibaia kalea 	3	7
extremadura kalea 	2	7
arturo campion 	2	7
simón 	1	7
libano kalea 	2	7
frontoi kalea 	2	7
luis bilbao libano kalea 	4	7
picasso 	1	7
barria kalea 	2	7
aumategibidea 	1	7
zerbitzarien fundatzailearen 	2	7
boni laskurain pasealekua 	3	7
jardines solokoetxe 	2	7
viator 	1	7
marko 	1	7
txurruka tenienteak 	2	7
aralar mendiaren kalea 	3	7
calle simón bolívar kalea 	4	7
otero kalea 	2	7
louis 	1	7
arriluzea 	1	7
arrieta kalea 	2	7
eleizalde 	1	7
txorierri 	1	7
txermin auzoa 	2	7
eusebio 	1	7
esteribar 	1	7
trenbide kalea 	2	7
arridia kalea 	2	7
pedro elejalde kalea 	3	7
mariaratz 	1	7
ignazio 	1	7
mugazuri 	1	7
guillen kalea 	2	7
simon bolibar plaza 	3	7
o 	1	7
jesusen zerbitzarien fundatzailearen kalea 	4	7
castro 	1	7
r kalea 	2	7
basadi auzategia 	2	7
zizurkil 	1	7
errekaegala kalea 	2	7
bidezabal 	1	7
euskal herria hiribidea 	3	7
itrun-lizardi 	1	7
baratzategi kalea 	2	7
haro-gasteiz errepidea 	2	7
jose maria arizmendiarrieta 	3	7
n kalea 	2	7
simón bolívar kalea 	3	7
la avanzada errepidea 	3	7
orconera 	1	7
uribarri kalea 	2	7
fuenlabrada 	1	7
potzubidea 	1	7
baratzategi 	1	7
eulogio 	1	7
arizmendiarrieta 	1	7
olaran kalea 	2	7
landako 	1	7
fundatzailearen kalea 	2	7
gasteiz kalea 	2	7
irulegi kalea 	2	7
nekolalde 	1	7
etxebarria kalea 	2	7
juan telleria kalea 	3	7
ultzama 	1	7
zerbitzarien fundatzailearen kalea 	3	7
marko kalea 	2	7
mexiko 	1	7
buenos 	1	7
albert 	1	7
ibañez 	1	7
zelai 	1	7
taberna 	1	7
torre kalea 	2	7
esteribar etorbidea 	2	7
picasso kalea 	2	7
urdazubiko monasterioa kalea 	3	7
angel 	1	7
ugarteburu 	1	7
blas de otero kalea 	4	7
urederra 	1	7
gornutz 	1	7
barri 	1	7
ajoain 	1	7
nekolalde kalea 	2	7
joxean tolosa kalea 	3	7
olazabalbide kalea 	2	7
fournier 	1	7
fundatzailearen 	1	7
victor 	1	7
urdazubiko monasterioa 	2	7
barbara bidea 	2	7
puerto 	1	7
mogel 	1	7
mungialde etorbidea 	2	7
isabel kalea 	2	7
zalduondo kalea 	2	7
jenerala kalea 	2	7
zemoria kalea 	2	7
pedro de 	2	7
campion 	1	7
simón bolívar 	2	7
bidezabal kalea 	2	7
olaran 	1	7
bolívar 	1	7
bigarren 	1	7
laubideta 	1	7
arridia 	1	7
jose maría 	2	7
otxoa 	1	7
ajoain auzoa 	2	7
alberto 	1	7
jesusen zerbitzarien fundatzailearen 	3	7
otalora 	1	7
errekaegala 	1	7
joxean 	1	7
bilbao libano kalea 	3	7
punta 	1	7
amistad kalea 	2	7
san marko 	2	7
de otero 	2	7
egia auzoa 	2	7
moiua 	1	7
errotazar kalea 	2	7
padre 	1	7
jesusen zerbitzarien 	2	7
dario regoyos 	2	7
barrena 	1	7
geltoki kalea 	2	7
heintz 	1	7
otero 	1	7
luis bilbao 	2	7
urdaneta kalea 	2	7
elizalde 	1	7
aralar mendiaren 	2	7
jaizkibel-ipar-punta 	1	7
guillen 	1	7
santa barbara bidea 	3	7
erreka alde kalea 	3	7
heraclio 	1	7
ereagako 	1	7
avanzada 	1	7
san viator 	2	7
garate 	1	7
urbide 	1	7
euba auzoa 	2	7
libano 	1	7
gudari 	1	7
atajo 	1	7
ultzama ibaia 	2	7
campion kalea 	2	7
tenienteak 	1	7
errepide orokorrean 	2	7
mungialde 	1	7
ega 	1	7
ioltza bidea 	2	7
meatzari 	1	7
olabarri 	1	7
martinez de aragon 	3	7
ejercito etorbidea 	2	7
larraintzar 	1	7
san martzial 	2	7
bedaio auzoa 	2	7
maria arizmendiarrieta pasealekua 	3	7
larramendi kalea 	2	7
joxean tolosa 	2	7
istizu 	1	7
urrengoetxea 	1	7
olaso kalea 	2	7
apotzagaetxebarri 	1	7
senpere kalea 	2	7
ioltza 	1	7
amistad 	1	7
san ignacio 	2	7
altzaga auzoa 	2	7
bertsolaria 	1	7
bedaio 	1	7
antzibarrena 	1	7
r 	1	7
txurruka tenienteak etorbidea 	3	7
ejercito 	1	7
arturo campion kalea 	3	7
euba 	1	7
irulegi 	1	7
lizarra kalea 	2	7
valladolid 	1	7
urteta auzoa 	2	7
eugenio 	1	7
pedro elejalde 	2	7
asti 	1	7
talluntze 	1	7
heintz kalea 	2	7
santa isabel kalea 	3	7
elejalde 	1	7
zidorra 	1	7
jeneralaren 	1	7
erreka alde 	2	7
fuenlabrada kalea 	2	7
txarama 	1	7
bolibar plaza 	2	7
luis bilbao libano 	3	7
laubideta kalea 	2	7
orokorrean 	1	7
jose maria arizmendiarrieta pasealekua 	4	7
pablo picasso 	2	7
haro-gasteiz 	1	7
auzogunea 	1	7
auzolan 	1	7
arriluzea kalea 	2	7
viator kalea 	2	7
louis heintz kalea 	3	7
galicia 	1	7
intxaurdi 	1	7
san marko kalea 	3	7
apotzagaetxebarri auzoa 	2	7
arbizu kalea 	2	7
de aragon 	2	7
galizia 	1	7
maria arizmendiarrieta 	2	7
estaziño 	1	7
de otero kalea 	3	7
lizardi 	1	7
mexiko kalea 	2	7
zemoria 	1	7
beitza 	1	7
galtzaraborda etorbidea 	2	7
montaña 	1	7
arturo 	1	7
albert einstein 	2	7
txermin 	1	7
oleta kalea 	2	7
san viator kalea 	3	7
o kalea 	2	7
pablo picasso kalea 	3	7
simon bolibar 	2	7
avanzada errepidea 	2	7
ereaga 	1	7
zerbitzarien 	1	7
musikariaren 	1	7
antzibarrena kalea 	2	7
calle simón 	2	7
erregina 	1	7
bilbao hiribidea 	2	7
sabin kalea 	2	6
gurea 	1	6
araneder bidea 	2	6
areso kalea 	2	6
atenas 	1	6
urumea 	1	6
madrid 	1	6
ebanisto bustintza 	2	6
izostegi 	1	6
ramón y cajal kalea 	4	6
ulia pasealekua 	2	6
anboto 	1	6
carrefour exterior 	2	6
fiz 	1	6
karlos i.aren hiribidea 	3	6
rufino 	1	6
elgoibar-markina errepidea 	2	6
txomin agirre 	2	6
sarrikue 	1	6
emilia pardo bazan kalea 	4	6
diego lopez 	2	6
heraclio fournier 	2	6
urezarantza bidea 	2	6
martina 	1	6
iza kalea 	2	6
apotzaga-etxebarri 	1	6
mandiola balle 	2	6
santa ana etorbidea 	3	6
monjardin 	1	6
zolina 	1	6
ponton 	1	6
ibañez de 	2	6
hezeguneen 	1	6
zumarraga kalea 	2	6
urbasa mendiaren kalea 	3	6
sibilia kalea 	2	6
arria auzunea 	2	6
bidasoa pasealekua 	2	6
ereaga bidea 	2	6
san esteban 	2	6
dolores 	1	6
agiti 	1	6
askatasuna etorbidea 	2	6
martiket 	1	6
giba fregenal kalea 	3	6
ignazio zuloaga 	2	6
lehena 	1	6
jeneralaren kalea 	2	6
goikoetxe 	1	6
jolastokieta 	1	6
mikelar kalea 	2	6
giba fregenal 	2	6
ama kalea 	2	6
kukulu 	1	6
ikastola 	1	6
urbieta 	1	6
oieleku bidea 	2	6
resurreción 	1	6
publikoa 	1	6
alaberga 	1	6
mariaren kalea 	2	6
exterior 	1	6
goikoetxe kalea 	2	6
mundaiz 	1	6
igartza oleta kalea 	3	6
astintze 	1	6
bazkardo auzunea 	2	6
ruiz 	1	6
isaac 	1	6
ipeñarrieta 	1	6
frai martin 	2	6
mariano 	1	6
euskadi plaza 	2	6
golifar auzoa 	2	6
errotaburu pasalekua 	2	6
iztueta 	1	6
anboto kalea 	2	6
errekalde kalea 	2	6
untzain auzoa 	2	6
aparcamiento 	1	6
geltokia 	1	6
araneder 	1	6
karlos i.aren 	2	6
abelbidearen kalea 	2	6
kutxa 	1	6
rufino olaso 	2	6
zuatzu 	1	6
arratzaingo bidea 	2	6
emilia pardo 	2	6
arantzeta auzoa 	2	6
nikolas kalea 	2	6
olagibel kalea 	2	6
akezkoa auzoa 	2	6
haroko 	1	6
haroko kale nagusia 	3	6
josé zaldúa kalea 	3	6
micaela 	1	6
calle san 	2	6
errotaburu 	1	6
de haro kalea 	3	6
pardo bazan 	2	6
artibai kalea 	2	6
mateo 	1	6
artapadura 	1	6
zubi 	1	6
señora 	1	6
kalbario 	1	6
san saturnino 	2	6
bigarren hezkuntzako institutua 	3	6
uribe 	1	6
muxika 	1	6
p kalea 	2	6
artibai 	1	6
ganguren taldea 	2	6
larrainak 	1	6
olaketa kalea 	2	6
igartza 	1	6
oieleku 	1	6
arrigunagako jaispidea 	2	6
golifar 	1	6
ega ibaia kalea 	3	6
p 	1	6
landa 	1	6
ferrocarril 	1	6
lópez 	1	6
elorrio errepidea 	2	6
larreineta auzoa 	2	6
izarraitz kalea 	2	6
landako etorbidea 	2	6
konstituzio 	1	6
probintzietako errege abelbidearen 	3	6
iza 	1	6
labiano 	1	6
eleizalde kalea 	2	6
xxiii kalea 	2	6
areilza 	1	6
belmonte 	1	6
fray juan 	2	6
mirakontxa pasealekua 	2	6
kabarzeno kalea 	2	6
bustintza 	1	6
urbitarte pasalekua 	2	6
arama 	1	6
leon 	1	6
altzaga goikoa 	2	6
atxubiaga 	1	6
san saturnino kalea 	3	6
areso 	1	6
kabarzeno 	1	6
olagibel 	1	6
san nikolas kalea 	3	6
akezkoa 	1	6
harrobi kalea 	2	6
barcelona hiribidea 	2	6
ramón y cajal 	3	6
emilia pardo bazan 	3	6
donibanealde 	1	6
mª 	1	6
gorrondatxe 	1	6
talaimendi 	1	6
batan 	1	6
haizea auzoa 	2	6
igartza oleta 	2	6
lopez de 	2	6
urbieta kalea 	2	6
miguel astrain 	2	6
juan xxiii 	2	6
probintzietako errege abelbidearen kalea 	4	6
kaleberria 	1	6
bigarren hezkuntzako 	2	6
arramendi bidea 	2	6
zaldúa 	1	6
herrerieta 	1	6
f 	1	6
gurrutxaga 	1	6
san guillen 	2	6
belmonte kalea 	2	6
zabaleta kalea 	2	6
jose antonio 	2	6
gizarte 	1	6
enekuri 	1	6
askatasun etorbidea 	2	6
diaz de 	2	6
mandiola 	1	6
berreaga 	1	6
urbasa mendiaren 	2	6
ega ibaia 	2	6
jolastokieta kalea 	2	6
atxubiaga kalea 	2	6
zuatzu kalea 	2	6
trueba 	1	6
apotzaga-etxebarri auzoa 	2	6
saturnino 	1	6
josé zaldúa 	2	6
zubieta 	1	6
fregenal kalea 	2	6
calle giba fregenal kalea 	4	6
arama plaza 	2	6
olabide 	1	6
bilbao kalea 	2	6
arrigunagako 	1	6
sibilia 	1	6
felipe 	1	6
antonio zunzunegi 	2	6
arratzaingo 	1	6
bizente 	1	6
de azkue kalea 	3	6
iturbide kalea 	2	6
jaizkibel-ipar-punta biosnar 	2	6
urbasa kalea 	2	6
haizea 	1	6
aingeru kalea 	2	6
ezkibel 	1	6
don diego 	2	6
nuestra 	1	6
ereagako kaia 	2	6
pardo bazan kalea 	3	6
agirre etorbidea 	2	6
foruen kalea 	2	6
olerkaria kalea 	2	6
kale-barrena 	1	6
ipar haizea auzoa 	3	6
elizako 	1	6
zolina kalea 	2	6
olateaga 	1	6
elexalde kalea 	2	6
ugalde 	1	6
miramar 	1	6
martin fiz 	2	6
ebanisto 	1	6
behobiako kalea 	2	6
larrainak kalea 	2	6
hardoiko karrika 	2	6
makatzena kalea 	2	6
andia mendiaren 	2	6
picaza kalea 	2	6
josé rufino olaso kalea 	4	6
calle giba fregenal 	3	6
mendarozabal 	1	6
portua kalea 	2	6
agarre bidea 	2	6
frai martin murua kalea 	4	6
landazabal 	1	6
haro kalea 	2	6
izostegi pasealekua 	2	6
mestikabaso 	1	6
langileria kalea 	2	6
mestikabaso kalea 	2	6
argi 	1	6
mendaur mendia 	2	6
lauaxeta olerkaria kalea 	3	6
gorrondatxe kalea 	2	6
bazkardo 	1	6
picaza 	1	6
martin fiz kalea 	3	6
koldo 	1	6
bruselas hiribidea 	2	6
ipar haizea 	2	6
etxezuri 	1	6
camino 	1	6
errotako 	1	6
istizu kalea 	2	6
mikelar 	1	6
san guillen kalea 	3	6
torrontegi 	1	6
miguel astrain kalea 	3	6
tar 	1	6
landaburu 	1	6
cervantes ibilbidea 	2	6
fuentecillas 	1	6
pintor 	1	6
juan antonio zunzunegi 	3	6
txomin 	1	6
kotarro 	1	6
martina maiz 	2	6
araba etorbidea 	2	6
gabriel zelaia 	2	6
batan ibilbidea 	2	6
zerukoa 	1	6
ramón y 	2	6
barrenkalea 	1	6
arrasate pasealekua 	2	6
astrain 	1	6
astondo 	1	6
probintzietako errege 	2	6
errege abelbidearen 	2	6
artapadura kalea 	2	6
zunzunegi 	1	6
bolue 	1	6
artekale kalea 	2	6
arrankurri 	1	6
urezarantza 	1	6
i.aren hiribidea 	2	6
olateaga bailara 	2	6
rufino olaso kalea 	3	6
astintze kalea 	2	6
buenaventura 	1	6
andre mariaren kalea 	3	6
etxebarrieta 	1	6
ezkibel kalea 	2	6
punta kalea 	2	6
fregenal 	1	6
mendibil 	1	6
orkolaga 	1	6
alaberga auzoa 	2	6
harria 	1	6
arrabal 	1	6
emilia 	1	6
mujika 	1	6
zubibidea kalea 	2	6
ponton bidea 	2	6
mendaur 	1	6
sarrikue etxetaldea 	2	6
miramar kalea 	2	6
asterain 	1	6
tarragona 	1	6
etxebarrieta kalea 	2	6
iñigo kalea 	2	6
herri 	1	6
f kalea 	2	6
andia mendiaren kalea 	3	6
goikoa auzogunea 	2	6
mendoza 	1	6
alto 	1	6
elgoibar-markina 	1	6
mendarozabal kalea 	2	6
portilla 	1	6
zarate bidea 	2	6
martin murua 	2	6
arbesko errota 	2	6
lauaxeta olerkaria 	2	6
ana etorbidea 	2	6
giba 	1	6
calle vitoria 	2	6
iturriotz 	1	6
auzolan kalea 	2	6
zubibidea 	1	6
micaela portilla 	2	6
aramotz 	1	6
frai martin murua 	3	6
arria 	1	6
josé rufino olaso 	3	6
cadena 	1	6
lizardi kalea 	2	6
gabiria kalea 	2	6
galtzara 	1	6
madrid kalea 	2	6
concha 	1	6
hezkuntzako institutua 	2	6
etxetxikiak 	1	6
harrobi 	1	6
iturriotz kalea 	2	6
guridi kalea 	2	6
tomás 	1	6
calle giba 	2	6
saturnino kalea 	2	6
langileria 	1	6
udaltzaingoa 	1	6
josé rufino 	2	6
a. 	1	6
calle josé rufino olaso 	4	6
calle josé rufino olaso kalea 	5	6
grupo gurea 	2	6
donibanealde bailara 	2	6
martin murua kalea 	3	6
subilla 	1	6
i.aren 	1	6
haro 	1	6
nuestra señora 	2	6
jauregia 	1	6
lehendakari agirre etorbidea 	3	6
zaldúa kalea 	2	6
olerkaria 	1	6
aparkalekua 	1	6
colon 	1	6
pardo 	1	6
bazan kalea 	2	6
herrerieta kalea 	2	6
iturbide 	1	6
fuentecillas kalea 	2	6
agerre 	1	6
errege abelbidearen kalea 	3	6
haroko kale 	2	6
errekagane 	1	6
durañona kalea 	2	6
altzaga goikoa auzogunea 	3	6
ruiz de 	2	6
arbesko 	1	6
goikoetxea 	1	6
murua kalea 	2	6
calle josé zaldúa 	3	6
hezkuntzako 	1	6
tarragona kalea 	2	6
agiti bidea 	2	6
bazan 	1	6
probintzietako 	1	6
de haro 	2	6
fournier kalea 	2	6
martina maiz kalea 	3	6
don diego lopez 	3	6
etxetxikiak kalea 	2	6
behobiako 	1	6
arantzeta 	1	6
clara 	1	6
martiket urbanizazioa 	2	6
larrañazubi 	1	6
santiagoko 	1	6
abelbidearen 	1	6
calle josé rufino 	3	6
astrain kalea 	2	6
vega 	1	6
makatzena 	1	6
zearsoloeta kalea 	2	6
arrankurri kalea 	2	6
zearsoloeta 	1	6
hardoiko 	1	6
fiz kalea 	2	6
calle josé zaldúa kalea 	4	6
gizarte etxea 	2	6
biosnar 	1	6
mirakontxa 	1	6
molino errepidea 	2	6
praga hiribidea 	2	5
asterain kalea 	2	5
salaberria 	1	5
etxeberrialde 	1	5
resurreción maría de azkue kalea 	5	5
taconera kalea 	2	5
sabin arana 	2	5
arretxinaga etorbidea 	2	5
ikastetxe publikoa 	2	5
egaña kalea 	2	5
basarte kalea 	2	5
monjardin kalea 	2	5
ibargarai hiribidea 	2	5
kirikiño hiribidea 	2	5
errekagane kalea 	2	5
julio caro 	2	5
markole auzoa 	2	5
martín 	1	5
larraintzar kalea 	2	5
leandro 	1	5
garay 	1	5
ametzagaña kalea 	2	5
berlin 	1	5
pío baroja 	2	5
diaz ruiz de olano 	4	5
ozeano 	1	5
tiburzio anitua kalea 	3	5
kexaako gazteluaren 	2	5
iñarra 	1	5
bolivar 	1	5
torrealdea 	1	5
arrese 	1	5
iii el 	2	5
san antonio kalea 	3	5
etxebeste 	1	5
ibaiaren zidorra 	2	5
gasteiz hiribidea 	2	5
ama kandida 	2	5
ehuntze 	1	5
antonio amat maiz kalea 	4	5
otalora lizentziaduna 	2	5
eleta 	1	5
kristo 	1	5
sarrikobaso 	1	5
unibertsitatea 	1	5
olatzagutia 	1	5
antonio amat maiz 	3	5
abra 	1	5
bilbo 	1	5
añorga 	1	5
luis iñarra pasealekua 	3	5
urquijo 	1	5
antzalde 	1	5
nagusien kalea 	2	5
san esteban kalea 	3	5
de garay 	2	5
heraclio fournier kalea 	3	5
zubizarreta auzoa 	2	5
vega la punta 	3	5
lizarragako 	1	5
borroto kalea 	2	5
aranegi kalea 	2	5
maeztu pintorea 	2	5
lope 	1	5
zorroagagaina kalea 	2	5
hondartzetako etorbidea 	2	5
satrustegi hiribidea 	2	5
egutera 	1	5
mediterraneoaren 	1	5
julio caro baroja 	3	5
biteri kalea 	2	5
larretxo 	1	5
ander deuna 	2	5
bidezarreta 	1	5
bilodabidea kalea 	2	5
andrezar kalea 	2	5
alaiondo 	1	5
agerre-azpi 	1	5
deustuko 	1	5
barrena kalea 	2	5
urrutia 	1	5
granja 	1	5
ixurmendi kalea 	2	5
tiburzio anitua 	2	5
noble etorbidea 	2	5
etxeberrialde kalea 	2	5
fernando sasiain 	2	5
trinitate 	1	5
mazarredo zumarkalea 	2	5
unescoren 	1	5
fermin tirapu 	2	5
mediterraneoaren hiribidea 	2	5
olaberri auzoa 	2	5
buenaventura iñiguez kalea 	3	5
olano margolariaren 	2	5
h kalea 	2	5
ugalde kalea 	2	5
maeztu 	1	5
granja san 	2	5
de durañona 	2	5
goikoetxea kalea 	2	5
amat maiz 	2	5
aranbaltzakalea 	1	5
artandi kalea 	2	5
udaletxe plaza 	2	5
ibargarai 	1	5
tablada kalea 	2	5
hauzketako 	1	5
morillaseko saihesbidea 	2	5
y eleta apezpikuaren kalea 	4	5
bikuða kalea 	2	5
iriarte 	1	5
aranburuzabala 	1	5
aguraingo 	1	5
etxe-alai 	1	5
ikastola kalea 	2	5
luis urrengoetxea hiribidea 	3	5
aoiz 	1	5
ruiz de olano 	3	5
urederra ibaiaren kalea 	3	5
granja san isidro kalea 	4	5
praga 	1	5
joaquin collar 	2	5
hegoalde kalea 	2	5
zubieta kalea 	2	5
zuloaga plaza 	2	5
iturriaga 	1	5
mikeletegi pasealekua 	2	5
bolivia 	1	5
foruen enparantza 	2	5
salinas 	1	5
carlos iii el noble 	4	5
diaz ruiz de olano margolariaren 	5	5
herriko etxea 	2	5
salvador 	1	5
joxe 	1	5
masparra kalea 	2	5
de olano 	2	5
maría de azkue kalea 	4	5
badostain 	1	5
arana goiri kalea 	3	5
lezo kalea 	2	5
francisco ibarra 	2	5
cecilia plaza 	2	5
zulueta 	1	5
berridi 	1	5
olibet 	1	5
y eleta 	2	5
elorri 	1	5
ibaibide kalea 	2	5
ikastetxe 	1	5
resurreción maría de 	3	5
kalebarren 	1	5
eguzkitzaldea kalea 	2	5
monte 	1	5
mariaratz alde 	2	5
herria plaza 	2	5
goi 	1	5
arana goiritar sabino 	3	5
maria azkue 	2	5
zizurkil nucleo 	2	5
carriquiri j. kalea 	3	5
andrezar 	1	5
iii el noble 	3	5
lascaray kalea 	2	5
vi.aren kalea 	2	5
urkizu pasealekua 	2	5
parke 	1	5
olotza 	1	5
carriquiri 	1	5
satrustegi 	1	5
pagasarri 	1	5
sanguesa 	1	5
iii el noble etorbidea 	4	5
lezoko maria kalea 	3	5
ander deuna kalea 	3	5
arana goiri 	2	5
resurreción maría de azkue 	4	5
basoa 	1	5
alai 	1	5
talaimendi bidea 	2	5
arriola kalea 	2	5
lurgorri 	1	5
txorierri etorbidea 	2	5
bidegana 	1	5
sollube kalea 	2	5
luis iñarra 	2	5
ehari ibaiaren 	2	5
el noble 	2	5
jata kalea 	2	5
horacio 	1	5
kristo kalea 	2	5
larreategi kalea 	2	5
beheko kalea 	2	5
bidexka 	1	5
hondartzetako 	1	5
santillandi kalea 	2	5
de olano margolariaren kalea 	4	5
j. kalea 	2	5
calle ramón y 	3	5
konkorrenea kalea 	2	5
garmendipe kalea 	2	5
dublang margolariaren 	2	5
zulueta kalea 	2	5
madril kalea 	2	5
santa katalina 	2	5
bruno 	1	5
bolivia kalea 	2	5
eleta apezpikuaren 	2	5
goiritar sabino kalea 	3	5
zumabide 	1	5
larragana kalea 	2	5
untzaga 	1	5
ripa kalea 	2	5
zerrajera kalea 	2	5
iturria 	1	5
adriano vi.aren 	2	5
cadena y 	2	5
mugica kalea 	2	5
pedro i 	2	5
madinabeitia kalea 	2	5
amizkarra kalea 	2	5
estrauntza kalea 	2	5
loredo 	1	5
mugica 	1	5
eguzkitzaldea 	1	5
jauregibarria 	1	5
asparrena 	1	5
diaz ruiz 	2	5
mazarredo 	1	5
bikuða 	1	5
gurutz bidea 	2	5
antonio amat 	2	5
aranguren harana kalea 	3	5
aizturritzaga idustriagunea 	2	5
fernández 	1	5
calle ramón y cajal 	4	5
pedro salinas kalea 	3	5
markole 	1	5
ruiz de olano margolariaren 	4	5
madril 	1	5
goiritar sabino 	2	5
zamarripa 	1	5
ego-gain 	1	5
ignacio diaz ruiz de olano 	5	5
ategorrietako galtzada 	2	5
unibertsitate 	1	5
eguzki 	1	5
urizar 	1	5
errota kalea 	2	5
nazario carriquiri 	2	5
makaleta etorbidea 	2	5
gordoniz kalea 	2	5
bidegana kalea 	2	5
nazario 	1	5
fontetxako gazteluaren 	2	5
ramón de durañona 	3	5
amat 	1	5
ona 	1	5
garay kalea 	2	5
plazaola 	1	5
sagarminaga 	1	5
gibeleta 	1	5
arana goiritar sabino kalea 	4	5
santa cecilia 	2	5
artikutzako bidea 	2	5
horacio etxebarrieta 	2	5
otalora lizentziaduna kalea 	3	5
arriola pasealekua 	2	5
lope de 	2	5
peruene kalea 	2	5
lekuona kalea 	2	5
heriz 	1	5
olabarri auzoa 	2	5
txirrita 	1	5
horacio etxebarrieta kalea 	3	5
urkijo 	1	5
caro 	1	5
muñoz kalea 	2	5
hauzketako karrika 	2	5
collar 	1	5
aldura 	1	5
granja san isidro 	3	5
ama kandida etorbidea 	3	5
zerrajera 	1	5
federico 	1	5
lapitze 	1	5
san bizente 	2	5
noble 	1	5
maiza 	1	5
dublang margolariaren kalea 	3	5
etxe-alai auzunea 	2	5
ibiri 	1	5
prieto 	1	5
etxezarreta industrialdea 	2	5
learritza 	1	5
adriano 	1	5
sasiain 	1	5
zubiberri 	1	5
aldura gunea 	2	5
laubide auzoa 	2	5
plaza nagusia 	2	5
landarbaso bidea 	2	5
teresa kalea 	2	5
pedro i kalea 	3	5
lisboa 	1	5
eleta apezpikuaren kalea 	3	5
euskal herria plaza 	3	5
pío 	1	5
talaia 	1	5
okendo 	1	5
carlos iii el noble etorbidea 	5	5
gorosibai 	1	5
jaizkibel-ipar-arkautz 	1	5
torrontegi bidea 	2	5
eransus 	1	5
unescoren ibilbidea 	2	5
santa cecilia plaza 	3	5
de unamuno 	2	5
ehari 	1	5
ripa 	1	5
kexaako 	1	5
hondarribi 	1	5
iii 	1	5
santiagoko bidea 	2	5
concha generalaren 	2	5
kristobal balenziaga 	2	5
artikutzako 	1	5
maria iparragirre 	2	5
trinitate kalea 	2	5
etxebarri 	1	5
aguraingo taldearen kalea 	3	5
oilamendi 	1	5
aldai 	1	5
zubizarreta 	1	5
florida auzoa 	2	5
mari auzategia 	2	5
errekatxiki kalea 	2	5
aranzazu 	1	5
alderdi 	1	5
hondartza bidea 	2	5
bidezarreta kalea 	2	5
de bilbao kalea 	3	5
bilodabidea 	1	5
tiburzio 	1	5
markina 	1	5
amat maiz kalea 	3	5
pasaia 	1	5
mugitegi 	1	5
el noble etorbidea 	3	5
alaiondo auzunea 	2	5
berroziarko 	1	5
bolivar kalea 	2	5
ramón de durañona kalea 	4	5
aretxabaleta 	1	5
esteban kalea 	2	5
morondo 	1	5
subilla morillaseko 	2	5
anitua 	1	5
ansio 	1	5
carlos iii 	2	5
masparra 	1	5
cecilia 	1	5
julián 	1	5
lapitze kalea 	2	5
paulino caballero kalea 	3	5
carlos iii el 	3	5
arregi 	1	5
makaleta 	1	5
lizentziaduna 	1	5
losada 	1	5
antonio zunzunegi etorbidea 	3	5
bekolarra 	1	5
gudari kalea 	2	5
jausoro auzunea 	2	5
pedro salinas 	2	5
urnieta 	1	5
ausoa 	1	5
ehari ibaiaren zidorra 	3	5
sabin arana goiri kalea 	4	5
harana 	1	5
calle ramón y cajal kalea 	5	5
olatzagutia errepidea 	2	5
arretxinaga 	1	5
villoslada 	1	5
salinas kalea 	2	5
jausoro 	1	5
peruene 	1	5
bekolarra kalea 	2	5
bidasoa karrika 	2	5
paulino caballero 	2	5
lurgorri kalea 	2	5
gaztañeta kalea 	2	5
landarbaso 	1	5
gaztañeta 	1	5
ategorrietako galtzada zaharra 	3	5
koldo eleizalde kalea 	3	5
balenziaga pasealekua 	2	5
arriberri 	1	5
pierre 	1	5
ezkaba 	1	5
ander 	1	5
neuretxeta 	1	5
mikeletegi 	1	5
nicolas 	1	5
lizentziaduna kalea 	2	5
nazario carriquiri j. 	3	5
txurruka kalea 	2	5
zubiberri bidea 	2	5
berridi bidea 	2	5
aranerreka kalea 	2	5
zubi zahar kalea 	3	5
iñiguez 	1	5
ego-gain kalea 	2	5
zubi zahar 	2	5
atxotegi 	1	5
santillandi 	1	5
labandibar 	1	5
eguzkitza 	1	5
salazar 	1	5
eusko 	1	5
cadena y eleta apezpikuaren kalea 	5	5
miguel de unamuno 	3	5
mundaiz kalea 	2	5
karrika nagusia 	2	5
lizarre 	1	5
campo 	1	5
castaños kalea 	2	5
aizturritzaga 	1	5
heriz pasealekua 	2	5
olaberri 	1	5
oletxe 	1	5
larretxo auzategia 	2	5
caballero 	1	5
elcano kalea 	2	5
maria iparragirre kalea 	3	5
koldo eleizalde 	2	5
ertzaintza 	1	5
joaquin collar kalea 	3	5
oilamendi kalea 	2	5
san migel kalea 	3	5
talluntze parkea 	2	5
ramón de 	2	5
estrauntza 	1	5
anitua kalea 	2	5
iturgitxi 	1	5
juan de garay kalea 	4	5
trueba kalea 	2	5
la punta 	2	5
teodoro dublang margolariaren kalea 	4	5
lezoko maria 	2	5
alaba generalaren kalea 	3	5
anelier 	1	5
adriano vi.aren kalea 	3	5
nazario carriquiri j. kalea 	4	5
urkixo zumarkalea 	2	5
lisboa kalea 	2	5
gurutz 	1	5
jose migel iturriotz 	3	5
migel kalea 	2	5
morillaseko 	1	5
imaz 	1	5
ermitazpi 	1	5
ignacio diaz 	2	5
salaberria kalea 	2	5
jose maria iparragirre 	3	5
buenaventura iñiguez 	2	5
olibet auzoa 	2	5
vega la 	2	5
jose luis iñarra 	3	5
elcano 	1	5
de durañona kalea 	3	5
aranburu 	1	5
lobabide 	1	5
uri zeharkalea 	2	5
talaia bidea 	2	5
urgitxieta 	1	5
paulo 	1	5
lorenzo 	1	5
iñaki 	1	5
fontetxako gazteluaren kalea 	3	5
garmendipe 	1	5
uri 	1	5
aita mari 	2	5
y eleta apezpikuaren 	3	5
teodoro dublang margolariaren 	3	5
galtzada zaharra 	2	5
sasiain kalea 	2	5
roma 	1	5
alaba 	1	5
ipeñarrieta kalea 	2	5
udaletxeko 	1	5
etxebeste kalea 	2	5
de bilbao 	2	5
kandida etorbidea 	2	5
santu-enea 	1	5
aldabe plazatxoa 	2	5
espoloia 	1	5
nagusien 	1	5
santiagoko bidea karrika 	3	5
sabin arana goiri 	3	5
olotza bailara 	2	5
calle ramón de 	3	5
subilla morillaseko saihesbidea 	3	5
kutxa kalea 	2	5
madinabeitia 	1	5
cadena y eleta apezpikuaren 	4	5
ignacio diaz ruiz de 	4	5
juan de garay 	3	5
h 	1	5
antonio kalea 	2	5
aita mari auzategia 	3	5
ignazio zuloaga plaza 	3	5
zunzunegi etorbidea 	2	5
kaletxiki 	1	5
amizkarra 	1	5
urrengoetxea hiribidea 	2	5
gaztelumendi 	1	5
lezoko 	1	5
jata 	1	5
galizia kalea 	2	5
gallastegi kalea 	2	5
alaba generalaren 	2	5
neuretxeta kalea 	2	5
de garay kalea 	3	5
vi.aren 	1	5
caballero kalea 	2	5
maeztu pintorea kalea 	3	5
trukumanbidea 	1	5
bidea karrika 	2	5
arrabal kalea 	2	5
gorbeia 	1	5
aguraingo taldearen 	2	5
lascaray 	1	5
trauko 	1	5
navarro 	1	5
urederra ibaiaren 	2	5
ixurmendi 	1	5
jose luis iñarra pasealekua 	4	5
resurreción maría 	2	5
konkorrenea 	1	5
joaquín 	1	5
arantzazuko 	1	5
ignacio diaz ruiz 	3	5
eder kalea 	2	5
fernando sasiain kalea 	3	5
larreategi 	1	5
lainomendi kalea 	2	5
diaz ruiz de 	3	5
iñiguez kalea 	2	5
galtzada kalea 	2	5
jose maria iparragirre kalea 	4	5
zuiako 	1	5
ermitazpi kalea 	2	5
collar kalea 	2	5
eduardo dato 	2	5
ariola auzoa 	2	5
muñoz 	1	5
lauaizeta 	1	5
marinel 	1	5
errekatxiki 	1	5
unamuno kalea 	2	5
alderdi eder 	2	5
elizalde kalea 	2	5
berroziarko etorbidea 	2	5
roke azkune kalea 	3	5
aranzazu ausoa 	2	5
labiano bidea 	2	5
m. 	1	5
larragana 	1	5
santa maria 	2	5
morondo kalea 	2	5
losada margolaria kalea 	3	5
mayor 	1	5
bide zaharra 	2	5
gordoniz 	1	5
carriquiri j. 	2	5
eskurtze kalea 	2	5
tablada 	1	5
azkune 	1	5
oletxe kalea 	2	5
gibeleta kalea 	2	5
asparrena kalea 	2	5
losada margolaria 	2	5
maria azkue kalea 	3	5
moiua kalea 	2	5
egaña 	1	5
cadena y eleta 	3	5
gabriel zelaia kalea 	3	5
calle ramón de durañona 	4	5
fueros 	1	5
kexaako gazteluaren kalea 	3	5
navarro villoslada 	2	5
maiatzaren lehena 	2	5
dato 	1	5
fontetxako 	1	5
artandi 	1	5
azkune kalea 	2	5
balenziaga 	1	5
harana kalea 	2	5
gain argi 	2	5
hezeguneen ibilbidea 	2	5
jose luis 	2	5
gallastegi 	1	5
konstituzio plaza 	2	5
migel iturriotz kalea 	3	5
concha generalaren kalea 	3	5
la punta kalea 	3	5
marinel kalea 	2	5
grupo iturribide 	2	5
sagasti kalea 	2	5
tomás garbizu 	2	5
maiza kalea 	2	5
anton 	1	5
itsasbide kalea 	2	5
diputazio 	1	5
de olano margolariaren 	3	5
zorroagagaina 	1	5
baroja pasealekua 	2	5
sollube 	1	5
zuazola kalea 	2	5
dolaretxe 	1	5
azpilagañako 	1	5
borroto 	1	5
muru 	1	5
kristobal balenziaga pasealekua 	3	5
lobabide kalea 	2	5
kandida 	1	5
urdanibia 	1	5
ibaiondo industri. 	2	5
tomás garbizu kalea 	3	5
aoiz kalea 	2	5
badostain kalea 	2	5
parke kalea 	2	5
ruiz de olano margolariaren kalea 	5	5
errotako bidea 	2	5
iñarra pasealekua 	2	5
ametzagaña 	1	5
olano margolariaren kalea 	3	5
santu-enea auzoa 	2	5
migel iturriotz 	2	5
ezkaba kalea 	2	5
serapio mujika 	2	5
gorosibai auzoa 	2	5
bengoetxea 	1	5
uribe kalea 	2	5
jose migel iturriotz kalea 	4	5
aranegi 	1	5
aranguren harana 	2	5
caro baroja 	2	5
aranburuzabala kalea 	2	5
itsasbide 	1	5
lainomendi 	1	5
juan antonio zunzunegi etorbidea 	4	5
calle ramón de durañona kalea 	5	5
orietapea 	1	5
mikel zarate 	2	5
taconera 	1	5
urdanibia plaza 	2	5
idustriagunea 	1	5
vega la punta kalea 	4	5
roke azkune 	2	5
azpilagañako ingurubidea 	2	5
sabino kalea 	2	5
sanguesa kalea 	2	5
ibaibide 	1	5
