ulica 	1	6028
put 	1	1868
ivana 	1	1167
cesta 	1	1151
trg 	1	955
sv. 	1	946
josipa 	1	772
kralja 	1	738
i 	1	630
crkva 	1	592
zagrebačka 	1	589
škola 	1	585
petra 	1	553
banka 	1	522
odvojak 	1	499
bar 	1	489
avenija 	1	469
matije 	1	469
antuna 	1	468
ante 	1	447
vladimira 	1	436
ina 	1	404
franje 	1	393
kneza 	1	391
stjepana 	1	389
braće 	1	378
svetog 	1	375
radića 	1	373
dr. 	1	364
osnovna 	1	344
ii 	1	341
nikole 	1	333
osnovna škola 	2	333
tomislava 	1	330
obala 	1	320
jurja 	1	314
gupca 	1	311
nazora 	1	310
kralja tomislava 	2	310
matije gupca 	2	307
vladimira nazora 	2	304
konoba 	1	298
caffe 	1	282
ljudevita 	1	270
pavla 	1	267
starčevića 	1	265
dom 	1	264
bana 	1	259
ante starčevića 	2	255
prilaz 	1	245
ul. 	1	241
stjepana radića 	2	234
vrtić 	1	226
jelačića 	1	226
zvonimira 	1	221
šetalište 	1	220
od 	1	216
caffe bar 	2	208
augusta 	1	207
crkva sv. 	2	203
vukovarska 	1	200
ljekarna 	1	199
gaja 	1	199
za 	1	198
ive 	1	190
dječji 	1	189
kralja zvonimira 	2	188
ljudevita gaja 	2	185
hrvatske 	1	185
iv 	1	182
dječji vrtić 	2	179
jadranska 	1	177
andrije 	1	176
splitska 	1	175
hrvatskih 	1	174
pizzeria 	1	167
pbz 	1	167
aleja 	1	166
naselje 	1	164
krešimira 	1	160
josipa jelačića 	2	159
kovačića 	1	158
kolodvorska 	1	157
bana josipa 	2	157
slavonska 	1	157
radić 	1	156
marina 	1	154
zdravlja 	1	154
tuđmana 	1	154
bana josipa jelačića 	3	153
grada 	1	152
sveti 	1	150
franje tuđmana 	2	149
ivana pavla 	2	149
odmorište 	1	148
iii 	1	146
centar 	1	146
braće radić 	2	145
kralja petra 	2	143
erste 	1	143
marije 	1	142
žrtava 	1	142
hrvatska 	1	138
stepinca 	1	137
ulica ivana 	2	137
marka 	1	137
branimira 	1	135
istarska 	1	135
gorana 	1	134
petra krešimira 	2	134
dom zdravlja 	2	134
strossmayera 	1	133
savska 	1	133
nova 	1	131
miroslava 	1	130
ulica kneza 	2	125
alojzija 	1	125
dr. franje 	2	125
gustava 	1	124
alojzija stepinca 	2	123
oš 	1	123
radnička 	1	122
gorana kovačića 	2	121
frana 	1	121
kneza branimira 	2	120
eugena 	1	120
ivana gorana 	2	120
tina 	1	118
most 	1	118
ivana gorana kovačića 	3	118
slavka 	1	117
josipa jurja 	2	117
zagreb 	1	117
vijenac 	1	117
dr. franje tuđmana 	3	116
poštanska 	1	116
slavonska avenija 	2	115
šenoe 	1	115
na 	1	115
poštanska banka 	2	114
jurja strossmayera 	2	114
hrvatska poštanska 	2	114
mihanovića 	1	114
ujevića 	1	114
hrvatska poštanska banka 	3	114
josipa jurja strossmayera 	3	113
cafe 	1	112
augusta šenoe 	2	112
don 	1	111
crkva svetog 	2	111
gundulića 	1	111
ivana gundulića 	2	110
meštrovića 	1	110
tina ujevića 	2	110
školska 	1	109
vjekoslava 	1	108
mate 	1	108
dvd 	1	108
kralja petra krešimira 	3	107
ivana pavla ii 	3	107
pavla ii 	2	107
vinogradska 	1	106
ivana meštrovića 	2	105
tesle 	1	104
antuna mihanovića 	2	104
u 	1	104
nikole tesle 	2	103
fra 	1	103
frankopana 	1	103
većeslava 	1	102
kapelica 	1	102
restoran 	1	101
dragutina 	1	101
gospe 	1	101
zrinskog 	1	101
ulica grada 	2	100
selska 	1	99
parking 	1	98
brigade 	1	98
holjevca 	1	98
zagrebačka banka 	2	98
pod 	1	97
matoša 	1	96
zaba 	1	95
krleže 	1	94
većeslava holjevca 	2	94
d.o.o. 	1	93
braće radića 	2	93
ambulanta 	1	93
miroslava krleže 	2	93
zagrebačka avenija 	2	93
kneza trpimira 	2	93
trpimira 	1	93
trg kralja 	2	92
breg 	1	91
krešimira iv 	2	91
gustava matoša 	2	91
stara 	1	91
splitska banka 	2	90
držića 	1	90
marina držića 	2	90
branitelja 	1	90
kozari 	1	89
mali 	1	89
petra krešimira iv 	3	89
bistro 	1	88
južna 	1	88
dubrava 	1	86
vukovara 	1	86
zagrebačka cesta 	2	86
antuna gustava 	2	85
kozarca 	1	85
preradovića 	1	85
petra preradovića 	2	85
mihovila 	1	85
antuna gustava matoša 	3	84
ulica kralja 	2	84
grada vukovara 	2	84
ulica josipa 	2	83
boškovića 	1	82
i. 	1	82
gradska 	1	82
bank 	1	81
mažuranića 	1	81
stari 	1	81
ulica grada vukovara 	3	81
svete 	1	80
ii. 	1	80
selska cesta 	2	80
ruđera boškovića 	2	79
ruđera 	1	79
martina 	1	79
knjižnica 	1	79
obilaznica 	1	78
poljana 	1	78
magistrala 	1	78
hrvatskih branitelja 	2	78
petra svačića 	2	77
krste 	1	77
republike 	1	77
svačića 	1	77
gaj 	1	77
hypo 	1	77
ulica kneza branimira 	3	77
josipa kozarca 	2	77
riva 	1	77
fakultet 	1	76
kardinala 	1	76
gornji 	1	76
savska cesta 	2	76
restaurant 	1	75
prolaz 	1	75
tita 	1	73
milana 	1	73
ivana mažuranića 	2	73
ivan 	1	73
osječka 	1	72
gimnazija 	1	71
luka 	1	71
rata 	1	71
kuća 	1	71
frane 	1	71
kolodvor 	1	71
kralja petra krešimira iv 	4	70
mala 	1	69
frankopanska 	1	69
kvaternika 	1	69
otp 	1	68
cerovac 	1	68
pavleka 	1	68
ulica vladimira 	2	68
šubića 	1	68
cerovac vukmanićki 	2	68
vukmanićki 	1	68
ulica antuna 	2	67
grill 	1	67
eugena kvaternika 	2	67
srednja 	1	67
kneza domagoja 	2	66
tome 	1	66
domagoja 	1	66
tržnica 	1	65
jure 	1	65
banka zagreb 	2	65
privredna 	1	64
vatroslava 	1	64
južna obilaznica 	2	64
miškine 	1	63
pavleka miškine 	2	63
privredna banka 	2	63
andrije hebranga 	2	62
domovinskog rata 	2	62
hebranga 	1	62
domovinskog 	1	62
cesarca 	1	62
posavskog 	1	62
draga 	1	62
kozari put 	2	61
velika 	1	61
hrvatskog 	1	61
zadarska 	1	60
marka marulića 	2	60
marulića 	1	60
v 	1	60
koprivnička 	1	60
stanka 	1	60
zrinskih 	1	60
luke 	1	60
san 	1	60
križa 	1	60
dalmatinska 	1	59
cafe bar 	2	59
vii 	1	59
ljudevita posavskog 	2	59
augusta cesarca 	2	59
maršala 	1	59
bana jelačića 	2	59
kačića 	1	59
ribarska 	1	59
gospa 	1	59
varaždinska 	1	59
vinka 	1	59
maršala tita 	2	59
jadranska magistrala 	2	58
kolara 	1	58
dravska 	1	58
obala kralja 	2	58
ulica nikole 	2	58
club 	1	58
nova cesta 	2	57
gospe od 	2	57
ilica 	1	57
kod 	1	57
i odvojak 	2	57
jakova 	1	57
hercegovačka 	1	56
petrol 	1	56
autobusni 	1	56
ribara 	1	56
ulica ante 	2	56
privredna banka zagreb 	3	55
andrije kačića 	2	55
ulica matije 	2	55
velebitska 	1	55
janka 	1	55
dr. ante 	2	55
blažene 	1	55
kardinala alojzija stepinca 	3	55
kardinala alojzija 	2	55
autobusni kolodvor 	2	55
djevice 	1	54
petruševec 	1	54
apartmani 	1	54
đure 	1	54
primorska 	1	54
vrh 	1	54
sud 	1	54
kranjčevića 	1	53
miošića 	1	53
svibnja 	1	53
blažene djevice 	2	53
slobode 	1	53
put sv. 	2	53
pošta 	1	53
porat 	1	53
postaja 	1	53
park 	1	53
roka 	1	52
krste frankopana 	2	52
uz 	1	52
kačića miošića 	2	52
crodux 	1	52
djevice marije 	2	52
stanica 	1	52
split 	1	52
andrije kačića miošića 	3	51
marija 	1	51
trg bana 	2	51
blažene djevice marije 	3	51
branka 	1	51
parenzana 	1	51
mandića 	1	50
novi 	1	50
ferde 	1	50
mirka 	1	50
silvija 	1	50
lisinskog 	1	50
vatroslava lisinskog 	2	50
avenija većeslava 	2	50
avenija većeslava holjevca 	3	50
raiffeisen 	1	50
lovre 	1	50
objekt 	1	50
garde 	1	49
narodne garde 	2	49
zagorska 	1	49
zbora 	1	49
narodne 	1	49
dubrovačka 	1	49
veterinarska 	1	49
zbora narodne garde 	3	49
općina 	1	49
selo 	1	49
područni 	1	49
zbora narodne 	2	49
držislava 	1	48
lole ribara 	2	48
dr. ante starčevića 	3	48
drage 	1	48
kapela 	1	48
policijska 	1	48
matice 	1	48
lole 	1	48
trg kralja tomislava 	3	48
polje 	1	47
kukuljevića 	1	47
novaka 	1	47
slavka kolara 	2	47
ulica braće 	2	47
nikole šubića 	2	47
ive lole ribara 	3	47
ive lole 	2	47
matice hrvatske 	2	47
područna 	1	47
bologne 	1	47
strahimira 	1	47
matka 	1	47
punta 	1	47
avenija marina držića 	3	46
odvojak ii 	2	46
kavana 	1	46
ulica dr. 	2	46
aleja bologne 	2	46
petruševec i 	2	46
cvjetna 	1	46
avenija marina 	2	46
gardijske 	1	46
avenija dubrava 	2	46
dinka 	1	45
ulica petra 	2	45
ured 	1	45
dobriše cesarića 	2	45
zajca 	1	45
ivana kukuljevića 	2	45
rudolfa 	1	45
grge 	1	45
dobriše 	1	45
cesarića 	1	45
strahimira kranjčevića 	2	45
pizza 	1	45
srima 	1	45
kraljice 	1	45
žitnjak 	1	44
ulica vjekoslava 	2	44
silvija strahimira 	2	44
šubića zrinskog 	2	44
obrtnička 	1	43
biskupa 	1	43
nikole šubića zrinskog 	3	43
resnik 	1	43
tifon 	1	43
sisačka 	1	43
martin 	1	43
petra zrinskog 	2	43
samostan 	1	43
karlovačka 	1	42
hotel 	1	42
silvija strahimira kranjčevića 	3	42
vila 	1	42
kalnička 	1	42
zagrebačka ulica 	2	42
dol 	1	42
villa 	1	42
prilaz većeslava holjevca 	3	41
marijana 	1	41
trg bana josipa 	3	41
prilaz većeslava 	2	41
ivana fistrovića 	2	41
šandora 	1	41
trg bana josipa jelačića 	4	41
policijska postaja 	2	41
kralja držislava 	2	41
rijeka 	1	41
fistrovića 	1	41
gradski 	1	41
cara 	1	41
mažuranić 	1	40
industrijska 	1	40
kašića 	1	40
vrata 	1	40
željeznička 	1	40
petar 	1	40
nikola 	1	40
ulica ljudevita 	2	40
doktora 	1	40
trg kralja petra 	3	40
glavna 	1	40
sv. ivana 	2	39
donji 	1	39
vraza 	1	39
bolnica 	1	39
poliklinika 	1	39
stanka vraza 	2	39
retkovec 	1	39
i frankopana 	2	39
omladinska 	1	39
potok 	1	39
ane 	1	39
žrtava fašizma 	2	38
župna 	1	38
brlić mažuranić 	2	38
viktora 	1	38
gorica 	1	38
prezida 	1	38
ulica prezida 	2	38
vida 	1	38
ljubljanska 	1	38
brlić 	1	38
beach 	1	38
bože 	1	38
dubrovnik 	1	38
bok 	1	38
područni objekt 	2	38
mačeka 	1	38
novo 	1	38
fašizma 	1	38
gortana 	1	38
poljička 	1	37
zrinskih i 	2	37
zrinskih i frankopana 	3	37
groblje 	1	37
vinkovačka 	1	37
kino 	1	37
gospodarska 	1	37
la 	1	37
kraj 	1	37
župna crkva 	2	37
šimunovića 	1	37
srednja škola 	2	37
brdo 	1	37
radnička cesta 	2	37
sv. nikole 	2	37
dobrile 	1	37
balote 	1	36
mihovila pavleka 	2	36
grad 	1	36
ulica jurja 	2	36
podravska 	1	36
jelene 	1	36
pub 	1	36
crkva gospe 	2	36
vladimira gortana 	2	36
donja 	1	36
ulica kralja zvonimira 	3	36
ivane 	1	36
savski 	1	36
hpb 	1	36
reljkovića 	1	36
mihovila pavleka miškine 	3	35
ogranak 	1	35
lipa 	1	35
staza 	1	35
bartola 	1	35
kralja petra svačića 	3	35
leopolda 	1	35
sveta 	1	35
mate balote 	2	35
gospa od 	2	35
odjel 	1	35
brune 	1	35
adria 	1	35
šime 	1	35
ulica vladimira nazora 	3	35
gornja 	1	35
supila 	1	35
međimurska 	1	35
in 	1	34
mije 	1	34
tri 	1	34
čakovečka 	1	34
kumičića 	1	34
grgura 	1	34
odvojak i 	2	34
ulica ljudevita gaja 	3	34
istarske 	1	34
ivana pavla ii. 	3	34
božidara 	1	34
pavla ii. 	2	34
ulica fra 	2	34
put iii 	2	34
gotovca 	1	33
trg svetog 	2	33
ivane brlić mažuranić 	3	33
hv 	1	33
ivane brlić 	2	33
struge 	1	33
jurja dobrile 	2	33
eugena kumičića 	2	33
velimira 	1	33
male 	1	33
kneza ljudevita 	2	32
horvaćanska 	1	32
svetog ivana 	2	32
sud u 	2	32
ulica ante starčevića 	3	32
kraljice jelene 	2	32
ivana zajca 	2	32
sv. petra 	2	32
luje 	1	32
iv. 	1	32
food 	1	32
jurić 	1	32
dalmatinca 	1	32
kozari put iii 	3	32
plitvička 	1	32
kneza ljudevita posavskog 	3	32
budaka 	1	32
ordinacija 	1	32
parkiralište 	1	32
trg stjepana 	2	32
resnik i 	2	32
zajednice 	1	32
erste bank 	2	31
križ 	1	31
boraca 	1	31
riječka 	1	31
mile 	1	31
lička 	1	31
šimića 	1	31
ulica hrvatskih 	2	31
mornarice 	1	31
ulica franje 	2	31
ljubljanska avenija 	2	31
divizije 	1	31
dinka šimunovića 	2	31
hrvatske mornarice 	2	31
veliki 	1	31
škorpika 	1	31
područna škola 	2	31
velebita 	1	31
zeleni 	1	31
ulica stjepana 	2	31
velimira škorpika 	2	31
avenija ivana pavla 	3	30
fontana 	1	30
trg kralja petra krešimira 	4	30
dvori 	1	30
ulica augusta 	2	30
katarine 	1	30
bartola kašića 	2	30
ulica doktora 	2	30
zagorke 	1	30
hrvatski 	1	30
put od 	2	30
ulica miljkovica 	2	30
horvaćanska cesta 	2	30
frana supila 	2	30
hrvatske bratske 	2	30
avenija ivana 	2	30
bratske 	1	30
odvojak iv 	2	30
miljkovica 	1	30
velikogorička 	1	30
bratske zajednice 	2	30
ulica slavka 	2	30
bušića 	1	30
ulica don 	2	30
jurja dalmatinca 	2	30
gajeva 	1	30
buffet 	1	30
hrvatske bratske zajednice 	3	30
glavica 	1	30
sv. ivan 	2	30
trojstva 	1	30
avenija ivana pavla ii. 	4	30
julija 	1	30
stara cesta 	2	29
uprava 	1	29
nasip 	1	29
ulica matije gupca 	3	29
jurić zagorke 	2	29
planinarski 	1	29
bračka 	1	29
tehnička 	1	29
općinski 	1	29
krstitelja 	1	29
marije jurić 	2	29
josipa runjanina 	2	29
roko 	1	29
varaždin 	1	29
runjanina 	1	29
duga 	1	29
laguna 	1	29
izidora 	1	29
mihanovićeva 	1	29
horvata 	1	29
j. 	1	29
uznesenja 	1	29
rba 	1	29
obala kralja tomislava 	3	29
put i 	2	29
city 	1	29
iii odvojak 	2	28
ulica nikole tesle 	3	28
toplička 	1	28
ravnice 	1	28
jadran 	1	28
marije jurić zagorke 	3	28
jovići 	1	28
sajmišna 	1	28
dragutina domjanića 	2	28
trg dr. 	2	28
heinzela 	1	28
domjanića 	1	28
ferenščica 	1	28
zrinski 	1	28
vjekoslava heinzela 	2	28
svetog nikole 	2	28
pula 	1	28
vidikovac 	1	28
zoranića 	1	28
gradska knjižnica 	2	28
vi 	1	28
pl. 	1	28
ulica vjekoslava heinzela 	3	28
tehnička škola 	2	28
galerija 	1	28
sjeverna 	1	28
dubravica 	1	28
petra zoranića 	2	28
paška 	1	27
apartments 	1	27
centar za 	2	27
trogirska 	1	27
bojne 	1	27
vrapčanska 	1	27
međimurska ulica 	2	27
kazalište 	1	27
jakova gotovca 	2	27
ivana krstitelja 	2	27
retkovec vii 	2	27
m. 	1	27
kotar 	1	27
frana krste frankopana 	3	27
brune bušića 	2	27
frana krste 	2	27
crkva gospe od 	3	27
ulica frana 	2	27
gradski kotar 	2	27
vinež 	1	27
osijek 	1	27
fina 	1	27
bukovca 	1	27
rade 	1	27
pomoraca 	1	27
lovački 	1	26
lukoil 	1	26
karla 	1	26
planinarski put 	2	26
put iii odvojak 	3	26
samoborska 	1	26
donje 	1	26
klub 	1	26
trg stjepana radića 	3	26
ulica antuna mihanovića 	3	26
vlatka 	1	26
taxi 	1	26
dobra 	1	26
beach bar 	2	26
bjelovarska 	1	26
jadranska avenija 	2	26
turopoljska 	1	26
kozari put iii odvojak 	4	26
o.š. 	1	26
sakcinskog 	1	26
voćarska 	1	26
otona 	1	26
gradsko 	1	26
sarajevska 	1	26
krkleca 	1	26
istarske divizije 	2	26
vatrogasna 	1	26
krapinska 	1	26
trg matije 	2	26
jug 	1	26
gustava krkleca 	2	26
laginje 	1	26
mostarska 	1	26
vlahe 	1	26
stubička 	1	26
trg sv. 	2	25
vela 	1	25
mare 	1	25
v. 	1	25
brijeg 	1	25
matije antuna 	2	25
obala kneza 	2	25
vinogradi 	1	25
milke 	1	25
put i odvojak 	3	25
garaža 	1	25
vatrogasni 	1	25
prvomajska 	1	25
sv. josipa 	2	25
s. 	1	25
svete ane 	2	25
trg matije gupca 	3	25
trg kralja petra krešimira iv 	5	25
općinski sud 	2	25
trnsko 	1	25
ulica dragutina 	2	25
orešje 	1	25
zelena 	1	25
posavska 	1	25
zgrada 	1	25
poljička cesta 	2	24
grgura ninskog 	2	24
vezna 	1	24
gardijske brigade 	2	24
veterinarska stanica 	2	24
branka šimića 	2	24
ulica kralja tomislava 	3	24
ninskog 	1	24
mosorska 	1	24
slatinska 	1	24
mira 	1	24
ante kovačića 	2	24
sv. ante 	2	24
dolac 	1	24
sv. martina 	2	24
petruševec i odvojak 	3	24
ulica pavla 	2	24
sv. martin 	2	24
matka laginje 	2	24
svetog martina 	2	24
ivana kukuljevića sakcinskog 	3	24
bilice 	1	24
željka 	1	24
ulica andrije 	2	24
mirna 	1	24
filipovića 	1	24
zavoj 	1	24
antuna branka 	2	24
juraj 	1	24
sunčana 	1	24
sv. nikola 	2	24
kukuljevića sakcinskog 	2	24
brod 	1	24
hvarska 	1	24
majke 	1	24
antuna branka šimića 	3	24
sjeverna vezna cesta 	3	24
milke trnine 	2	24
trnine 	1	24
trnava 	1	24
vezna cesta 	2	24
sjeverna vezna 	2	24
račkog 	1	23
mcdonald's 	1	23
sv. roka 	2	23
stubička ulica 	2	23
mladeži 	1	23
žitna 	1	23
baruna 	1	23
palih 	1	23
vile 	1	23
optujska 	1	23
blaža 	1	23
kozari put i 	3	23
sisak 	1	23
biokovska 	1	23
svetog križa 	2	23
vile velebita 	2	23
de 	1	23
pape 	1	23
juraja 	1	23
dvorana 	1	23
crkva svete 	2	23
duh 	1	23
odranska 	1	23
zadarska ulica 	2	23
tavelića 	1	23
put ii 	2	23
antun 	1	22
vrbik 	1	22
murska 	1	22
iva 	1	22
pical 	1	22
ulica augusta šenoe 	3	22
antuna radića 	2	22
hrvatskih žrtava 	2	22
školska ulica 	2	22
nikole tavelića 	2	22
čulinečka 	1	22
ljekarne 	1	22
mile budaka 	2	22
apartmani pical 	2	22
fast 	1	22
svetog roka 	2	22
ivice 	1	22
voda 	1	22
toplička cesta 	2	22
zavod 	1	22
bulića 	1	22
zelenice 	1	22
ulica svetog 	2	22
kaštel 	1	22
knezova 	1	22
iii. 	1	21
sv. jurja 	2	21
lanterna 	1	21
crkva uznesenja 	2	21
marco 	1	21
sklonište 	1	21
mladosti 	1	21
the 	1	21
jakov 	1	21
ii odvojak 	2	21
trnjanska 	1	21
turistička 	1	21
istarska ulica 	2	21
put za 	2	21
florijana 	1	21
viktora cara emina 	3	21
kanalski put 	2	21
emina 	1	21
raiffeisen bank 	2	21
bp 	1	21
ulica velimira 	2	21
rakovca 	1	21
joze 	1	21
ulica dr. franje 	3	21
odvojak iii 	2	21
vlatka mačeka 	2	21
zrinsko-frankopanska 	1	21
cara emina 	2	21
viktora cara 	2	21
kala 	1	21
ulica bana 	2	21
d.d. 	1	21
blato 	1	21
vala 	1	21
ulica velimira škorpika 	3	21
kanalski 	1	21
sportska 	1	21
vlahe bukovca 	2	21
ispod 	1	21
da 	1	21
trg dr. franje tuđmana 	4	20
bolnička 	1	20
pivnica 	1	20
ulica hrvatske 	2	20
iž 	1	20
vijenac ivana 	2	20
draškovića 	1	20
bregovita 	1	20
ulica kneza ljudevita 	3	20
kosa 	1	20
lovraka 	1	20
jože 	1	20
mlinska 	1	20
ulica kneza ljudevita posavskog 	4	20
rujna 	1	20
servisno-industrijska 	1	20
kroz 	1	20
petra i 	2	20
dunavska 	1	20
fast food 	2	20
kustošijanska 	1	20
antuna reljkovića 	2	20
hermana 	1	20
branimirova 	1	20
maria 	1	20
car 	1	20
moru 	1	20
r.t. 	1	20
slavenskog 	1	20
mislava 	1	20
rimski 	1	20
viteza 	1	20
petrinjska 	1	20
ulica ive 	2	20
servisno-industrijska cesta 	2	20
izlaz 	1	20
bilogorska 	1	20
i pavla 	2	20
filipa 	1	20
špira 	1	20
karlovac 	1	20
road 	1	20
kozari put i odvojak 	4	20
auto 	1	20
gornje 	1	20
trg dr. franje 	3	20
čulinečka cesta 	2	20
otp banka 	2	20
ulica hrvatskog 	2	20
ledine 	1	20
vrančića 	1	20
lastovska 	1	19
vodovodna 	1	19
vladimir 	1	19
ferde rusana 	2	19
trnjanski 	1	19
x 	1	19
autopraonica 	1	19
matije antuna reljkovića 	3	19
sajmište 	1	19
cvjetna ulica 	2	19
lovački put 	2	19
iza 	1	19
zrinsko 	1	19
ulica gustava 	2	19
končara 	1	19
petrova 	1	19
moslavačka 	1	19
zavod za 	2	19
sokola 	1	19
njivice 	1	19
bizek 	1	19
sv. križa 	2	19
ulica gustava krkleca 	3	19
marjan 	1	19
rovinjska 	1	19
ulica dr. franje tuđmana 	4	19
kvarnerska 	1	19
odvojak v 	2	19
novo naselje 	2	19
keršovanija 	1	19
gundulićeva 	1	19
ulica braće radić 	3	19
šibenik 	1	19
valpovačka 	1	19
sela 	1	19
glazbena 	1	19
zvonimirova 	1	19
kneza mislava 	2	19
petra krešimira iv. 	3	19
ilirska 	1	19
oktavijana 	1	19
bogdana 	1	19
rotor 	1	19
kustošijanska ulica 	2	19
velikana 	1	19
hrvatskog sokola 	2	19
ksavera 	1	19
cvjetno 	1	19
gojka 	1	19
slatina 	1	19
rade končara 	2	19
jurišića 	1	19
uznesenja blažene djevice 	3	19
sv 	1	19
vukovarska ulica 	2	19
čakovec 	1	19
farmacia 	1	19
antona 	1	19
rusana 	1	19
mate lovraka 	2	19
šetalište ivana 	2	19
polo 	1	19
svetog leopolda 	2	19
zapad 	1	19
croatia 	1	19
vatrogasni dom 	2	19
krešimira iv. 	2	19
uznesenja blažene 	2	19
frane bulića 	2	19
ulica marka 	2	19
borisa 	1	19
galovića 	1	19
konzum 	1	19
franje račkog 	2	19
solinska 	1	18
bogdana mandića 	2	18
svetice 	1	18
tadije smičiklasa 	2	18
gora 	1	18
berislavića 	1	18
karlovačka cesta 	2	18
remetinečki gaj 	2	18
slavonika 	1	18
glazbena škola 	2	18
mihovil 	1	18
šestinski 	1	18
ozaljska 	1	18
prva 	1	18
vas 	1	18
pl 	1	18
slavonski 	1	18
pavla radića 	2	18
o. 	1	18
bukovačka 	1	18
žganca 	1	18
presvetog 	1	18
matije vlačića 	2	18
brigada 	1	18
janka draškovića 	2	18
krešimirova 	1	18
trstenik 	1	18
na moru 	2	18
ulica milana 	2	18
društveni 	1	18
špira puovića 	2	18
motovunska 	1	18
tadije 	1	18
leopolda bogdana mandića 	3	18
labinski planinarski put 	3	18
josip 	1	18
svilajska 	1	18
house 	1	18
labinski 	1	18
žegar 	1	18
uspon 	1	18
šibenska 	1	18
boat 	1	18
višeslava 	1	18
trg ante 	2	18
petra katančića 	2	18
a. 	1	18
stinice 	1	18
uznesenja blažene djevice marije 	4	18
leopolda bogdana 	2	18
trenka 	1	18
milice 	1	18
ž 	1	18
jankomir 	1	18
frana galovića 	2	18
rapska 	1	18
cvjetno naselje 	2	18
dvorac 	1	18
veli 	1	18
lovrića 	1	18
nazor 	1	18
makadam 	1	18
remetinečki 	1	18
tomislav 	1	18
društveni dom 	2	18
hosti 	1	18
hrvatskih velikana 	2	18
franjevački 	1	18
amfora 	1	18
župna crkva sv. 	3	18
njemačke 	1	18
dvorište 	1	18
poštanski 	1	18
ulica mali 	2	18
smičiklasa 	1	18
nextbike 	1	18
trg hrvatskih 	2	18
labinski planinarski 	2	18
bukovačka cesta 	2	18
šetalište vladimira 	2	18
savezne republike 	2	18
kulture 	1	18
veterinarska ambulanta 	2	18
mladena 	1	18
puovića 	1	18
via 	1	18
proljeća 	1	18
pošesi 	1	18
vlačića 	1	18
zemljoradnicka 	1	18
ravna 	1	18
to 	1	18
doverska 	1	18
katančića 	1	18
makarska 	1	18
ilije 	1	18
vlade 	1	18
savezne 	1	18
avenija dubrovnik 	2	18
ix 	1	18
mihovilići 	1	18
vladka 	1	18
maslina 	1	18
vrtna 	1	17
vrbje 	1	17
hegedušića 	1	17
lidl 	1	17
republike njemačke 	2	17
humsko 	1	17
emila 	1	17
od zdravlja 	2	17
toni 	1	17
a 	1	17
ive tijardovića 	2	17
šuška 	1	17
božje 	1	17
monte 	1	17
barbare 	1	17
u zagrebu 	2	17
svetog leopolda bogdana 	3	17
svetog leopolda bogdana mandića 	4	17
opća 	1	17
kreditna 	1	17
kuhača 	1	17
pavlinovića 	1	17
markovića 	1	17
k 	1	17
akademija 	1	17
krapinska ulica 	2	17
narodnog 	1	17
bojne hv termiti 	3	17
svetih 	1	17
petra i pavla 	3	17
andrića 	1	17
franje kuhača 	2	17
općinski sud u 	3	17
sidro 	1	17
tijardovića 	1	17
kono 	1	17
gardijske bojne hv termiti 	4	17
bojne hv 	2	17
hrvatske mladeži 	2	17
ana 	1	17
hv termiti 	2	17
vladimir nazor 	2	17
ulica mali iž 	3	17
dominika 	1	17
baranjska 	1	17
savezne republike njemačke 	3	17
crkva sv. nikole 	3	17
gardijske bojne hv 	3	17
ulica bana josipa 	3	17
sv. mihovila 	2	17
hrvatskog proljeća 	2	17
hrvoja 	1	17
public 	1	17
gardijske bojne 	2	17
ksavera šandora 	2	17
kapela sv. 	2	17
oporovec 	1	17
miramarska 	1	17
ulica hrvatske bratske zajednice 	4	17
raj 	1	17
termiti 	1	17
savica 	1	17
maksimirska cesta 	2	17
ulica hrvatske bratske 	3	17
vinka žganca 	2	17
ronjgova 	1	17
gojka šuška 	2	17
miramarska cesta 	2	17
buzin 	1	17
mihovila pavlinovića 	2	17
stari grad 	2	17
kozari bok 	2	17
palma 	1	17
savski gaj 	2	17
zagrebu 	1	17
resort 	1	17
vukova 	1	17
kneza višeslava 	2	17
velog 	1	17
barca 	1	17
trg eugena 	2	17
mali iž 	2	17
more 	1	17
maksimirska 	1	17
krste hegedušića 	2	17
pazinska 	1	17
vladka mačeka 	2	17
poštanski ured 	2	17
trg ante starčevića 	3	17
težačka 	1	17
jadranska ulica 	2	17
ulica bana josipa jelačića 	4	17
kaštelana 	1	16
grada wirgesa 	2	16
cesta za 	2	16
augustinčića 	1	16
bana ivana 	2	16
matetića ronjgova 	2	16
vijenac ivana meštrovića 	3	16
jalkovečka 	1	16
crkva sv. ivana 	3	16
šimuna 	1	16
matije petra katančića 	3	16
antuna šoljana 	2	16
petefija 	1	16
kardinala franje 	2	16
omiška 	1	16
ulica matka 	2	16
dom za 	2	16
majke božje 	2	16
strossmayerova 	1	16
horvatova 	1	16
ivana matetića 	2	16
wirgesa 	1	16
palih boraca 	2	16
josipa slavenskog 	2	16
zagorski put 	2	16
ivana matetića ronjgova 	3	16
jure kaštelana 	2	16
dr. vinka 	2	16
atm 	1	16
zagorski 	1	16
šoljana 	1	16
svetog antuna 	2	16
otokara 	1	16
sv. juraj 	2	16
žitnjak bogdani 	2	16
don frane 	2	16
dore 	1	16
zapadni 	1	16
rimski put 	2	16
antuna barca 	2	16
dolina 	1	16
orešje humsko 	2	16
naletilića 	1	16
ivanovci 	1	16
bogdani 	1	16
zona 	1	16
ulica ivana gundulića 	3	16
svih svetih 	2	16
franje kuharića 	2	16
ruždjaka 	1	16
put kumenta 	2	16
prisavlje 	1	16
kuharića 	1	16
franka 	1	16
kebab 	1	16
matetića 	1	16
pape ivana 	2	16
vladimira ruždjaka 	2	16
prešerna 	1	16
poljska 	1	16
kolodvorska ulica 	2	16
sveti križ 	2	16
slunj 	1	16
pejačević 	1	16
xiii 	1	16
đakovačka 	1	16
svih 	1	16
trg antuna 	2	16
ulica antuna šoljana 	3	16
trokut 	1	16
ulica hrvatskih branitelja 	3	16
kumenta 	1	16
preporoda 	1	16
zrinsko frankopanska 	2	16
izlaz buzin 	2	16
radnička ulica 	2	16
matije petra 	2	16
kreditna banka 	2	16
camp 	1	16
vrapčanska ulica 	2	16
otokara keršovanija 	2	16
lavoslava 	1	16
station 	1	16
stare 	1	16
kalvarija 	1	15
kralja petra krešimira iv. 	4	15
kovačevića 	1	15
drage gervaisa 	2	15
blata 	1	15
belajske 	1	15
antuna augustinčića 	2	15
kozari put iii odvojak iv 	5	15
istok 	1	15
velebitska ulica 	2	15
crkva uznesenja blažene djevice 	4	15
poljanice 	1	15
belvedere 	1	15
stella 	1	15
mateja 	1	15
bok odvojak 	2	15
kraljevec 	1	15
oranice 	1	15
omiš 	1	15
šetnica 	1	15
obala kralja petra 	3	15
galija 	1	15
kozari bok odvojak 	3	15
doktora luje 	2	15
hektorovića 	1	15
valića 	1	15
baretićevo 	1	15
babića 	1	15
oktavijana valića 	2	15
imotska 	1	15
sinj 	1	15
područna osnovna škola 	3	15
cindrića 	1	15
svetog ivana krstitelja 	3	15
odbor 	1	15
ulica miroslava 	2	15
iii odvojak iv 	3	15
bosanska 	1	15
franjevački samostan 	2	15
sv. jure 	2	15
obala kralja petra krešimira 	4	15
škurinje 	1	15
vojnovića 	1	15
podgorska 	1	15
njive 	1	15
ulika 	1	15
matije ivanića 	2	15
zdravka 	1	15
slastičarna 	1	15
belajske poljice 	2	15
sjever 	1	15
borne 	1	15
športska 	1	15
rupa 	1	15
kneza borne 	2	15
senjska 	1	15
baruna trenka 	2	15
kutinska 	1	15
pape ivana pavla 	3	15
luje naletilića 	2	15
sinjska 	1	15
trg josipa 	2	15
petra berislavića 	2	15
as 	1	15
škola za 	2	15
mihajla 	1	15
gorice 	1	15
d 	1	15
fra grge 	2	15
ulica doktora luje 	3	15
dr. vinka žganca 	3	15
klaića 	1	15
petra hektorovića 	2	15
doktora luje naletilića 	3	15
ivanića 	1	15
bosutska 	1	15
svetog lovre 	2	15
ćirila 	1	15
pavla šubića 	2	15
učka 	1	15
sv. marije 	2	15
lucića 	1	15
jadranski 	1	15
ulica marijana 	2	15
gervaisa 	1	15
crkva uznesenja blažene 	3	15
područna osnovna 	2	15
mesića 	1	15
bike 	1	15
bilice ii 	2	15
sveti duh 	2	15
policije 	1	15
poljice 	1	15
put iii odvojak iv 	4	15
lučića 	1	15
put ii odvojak 	3	15
lošinjska 	1	15
zagorska ulica 	2	15
jovići zapadni 	2	15
križanića 	1	15
bernarda 	1	15
bus 	1	15
perivoj 	1	15
trg petra 	2	15
ulica doktora luje naletilića 	4	15
paromlinska 	1	15
livadića 	1	15
šetalište ivana meštrovića 	3	15
trg eugena kvaternika 	3	15
jadranski most 	2	15
psunjska 	1	14
randića 	1	14
matije mesića 	2	14
vitez 	1	14
polja 	1	14
trešnjevka 	1	14
velika gorica 	2	14
ozaljska ulica 	2	14
sv. roko 	2	14
stube 	1	14
mjesni 	1	14
pere 	1	14
ulica radovanjica 	2	14
plitvice 	1	14
šipuša 	1	14
bože milanovića 	2	14
josipa pupačića 	2	14
primorska ulica 	2	14
slavka cindrića 	2	14
opatovina 	1	14
ulica slavka cindrića 	3	14
ulica josipa jurja 	3	14
augustina 	1	14
cesta dr. franje tuđmana 	4	14
masaryka 	1	14
požarinje 	1	14
trg slobode 	2	14
pupačića 	1	14
emilija randića 	2	14
policija 	1	14
street 	1	14
klanac 	1	14
ban 	1	14
privatna 	1	14
emilija 	1	14
brigade hv 	2	14
dračevac 	1	14
bakača 	1	14
uskočka 	1	14
pulac 	1	14
travnja 	1	14
posavska ulica 	2	14
opatijska 	1	14
vodice 	1	14
junija palmotića 	2	14
bukovački 	1	14
otok 	1	14
bolnička ulica 	2	14
no 	1	14
antonio 	1	14
svetog josipa 	2	14
milanovića 	1	14
poglavarstvo 	1	14
odmorište dobra 	2	14
slanik 	1	14
reciklažno dvorište 	2	14
joakima 	1	14
vinogradska ulica 	2	14
nedelišće 	1	14
crkva uznesenja blažene djevice marije 	5	14
blok 	1	14
pan 	1	14
radio 	1	14
sljemenska 	1	14
sv. mihovil 	2	14
dore pejačević 	2	14
strojarska 	1	14
topića 	1	14
marko 	1	14
junija 	1	14
biogradska 	1	14
cesta dr. franje 	3	14
nemčića 	1	14
plodine 	1	14
green 	1	14
taxi boat 	2	14
andree 	1	14
reciklažno 	1	14
franje lovrića 	2	14
veleposlanstvo 	1	14
sveučilište 	1	14
podbrežje 	1	14
trg ljudevita 	2	14
gornji kono 	2	14
frankopanska ulica 	2	14
učilište 	1	14
cesta dr. 	2	14
ulica viktora 	2	14
antuna nemčića 	2	14
anina 	1	14
plitvička ulica 	2	14
kate 	1	14
sv. lovre 	2	14
bunara 	1	14
raškaj 	1	14
radovanjica 	1	14
palmotića 	1	14
anđela 	1	14
bankomat 	1	14
harambašića 	1	14
šandora petefija 	2	14
stablinac 	1	14
kornatska 	1	14
jurja križanića 	2	14
basaričeka 	1	14
ulica rudolfa 	2	14
pavića 	1	14
gradina 	1	14
medulinska 	1	14
m 	1	14
kanalski put ii 	3	14
grigora 	1	13
novi put 	2	13
potočna 	1	13
bedemi zadarskih pobuna 	3	13
stipe 	1	13
srca 	1	13
car wash 	2	13
slave raškaj 	2	13
ivice lovinčića 	2	13
rudarska 	1	13
grigora viteza 	2	13
terezino 	1	13
rtić 	1	13
ante topića mimare 	3	13
planinarska 	1	13
ulica josipa jurja strossmayera 	4	13
grigor vitez 	2	13
josipa juraja 	2	13
gradska kavana 	2	13
kamenita 	1	13
art 	1	13
of 	1	13
fortuna 	1	13
svetog trojstva 	2	13
ribnjak 	1	13
put svetog 	2	13
domobranska 	1	13
wash 	1	13
bedemi zadarskih 	2	13
ljubića 	1	13
srdoči 	1	13
rimca 	1	13
jovići istočni 	2	13
alpe 	1	13
župa 	1	13
ferde livadića 	2	13
matačića 	1	13
vele 	1	13
rat 	1	13
cankara 	1	13
lonjica 	1	13
struge iii 	2	13
mia 	1	13
hp 	1	13
radnički 	1	13
pilepići 	1	13
vinkovci 	1	13
not 	1	13
đure basaričeka 	2	13
ulica petra preradovića 	3	13
blaža jurišića 	2	13
poljski put 	2	13
zinke kunc 	2	13
dvor 	1	13
nova ulica 	2	13
ante topića 	2	13
topića mimare 	2	13
republike hrvatske 	2	13
vice 	1	13
grigor 	1	13
vidovića 	1	13
gorička 	1	13
zemljoradnicka ulica 	2	13
puta 	1	13
božidara magovca 	2	13
glina 	1	13
pavlenski 	1	13
obala kneza domagoja 	3	13
križevci 	1	13
zadar 	1	13
padovanskog 	1	13
novoselski 	1	13
pobuna 	1	13
ice 	1	13
kanalski put ii odvojak 	4	13
tested 	1	13
gjalskog 	1	13
obala kralja zvonimira 	3	13
terezino polje 	2	13
bedemi 	1	13
izvor 	1	13
trogirska cesta 	2	13
duha 	1	13
josipa rimca 	2	13
sv. marija 	2	13
zinke 	1	13
kumrovečka 	1	13
zadarskih pobuna 	2	13
gradsko poglavarstvo 	2	13
labinska 	1	13
zavrtnica 	1	13
sv. petar 	2	13
sv. antuna 	2	13
š. 	1	13
gajnice 	1	13
adama 	1	13
i. odvojak 	2	13
creska 	1	13
nikole šipuša 	2	13
breg ivanovci 	2	13
osnovna škola ivana 	3	13
medicina 	1	13
kapelica svetog 	2	13
prijelaz 	1	13
ostravska 	1	13
borik 	1	13
lovinčića 	1	13
visoka 	1	13
kunc 	1	13
samoborska cesta 	2	13
dr. vlatka 	2	13
dragovoljaca 	1	13
delfin 	1	13
obrtnička ulica 	2	13
odeska 	1	13
zlatnog 	1	13
siget 	1	13
slave 	1	13
trg ivana 	2	13
novoselski odvojak 	2	13
telephone 	1	13
luna 	1	13
zadarskih 	1	13
poljski 	1	13
škola ivana 	2	13
ratarska 	1	13
grge novaka 	2	13
ivana cankara 	2	13
bribirska 	1	13
magovca 	1	13
dječji vrtić marjan 	3	13
bonaca 	1	13
mimare 	1	13
public telephone 	2	13
nk 	1	13
žuti 	1	13
mjesni odbor 	2	13
jasenice 	1	13
jarunska 	1	13
turka 	1	13
potočani 	1	13
ulica stjepana radića 	3	13
marune 	1	13
istočni 	1	13
center 	1	13
vrtić marjan 	2	13
mjenjačnica 	1	13
rastića 	1	12
time 	1	12
borongaj 	1	12
hrvata 	1	12
heruca 	1	12
dolenska 	1	12
marije grbac 	2	12
bench 	1	12
bune 	1	12
fausta vrančića 	2	12
budačka 	1	12
fizira 	1	12
volme 	1	12
slavonski brod 	2	12
val 	1	12
bistrička 	1	12
petrova ulica 	2	12
kraljevića 	1	12
između 	1	12
drenovski put 	2	12
pavlenski put 	2	12
hrvatske republike 	2	12
jvp 	1	12
lovačka 	1	12
šetalište vladimira gortana 	3	12
kninska 	1	12
oskara hermana 	2	12
premantura 	1	12
opatija 	1	12
žrtava domovinskog rata 	3	12
daruvar 	1	12
antuna matije 	2	12
ulica milice 	2	12
plava 	1	12
vjenceslava 	1	12
vatroslava jagića 	2	12
sv. petra i pavla 	4	12
wc 	1	12
stadionsko naselje 	2	12
lav 	1	12
put plokita 	2	12
glagoljaška 	1	12
vjekoslava klaića 	2	12
lešće 	1	12
soline 	1	12
ilija 	1	12
tome bakača 	2	12
vinogradarska 	1	12
plokita 	1	12
i odvojak v 	3	12
zrinske 	1	12
rudolfa fizira 	2	12
heroja 	1	12
ekonomska 	1	12
sesvetska 	1	12
martinska 	1	12
alpe adria 	2	12
kapelska 	1	12
šandora gjalskog 	2	12
androv 	1	12
kralja krešimira 	2	12
savica i 	2	12
habdelića 	1	12
oaza 	1	12
oš ivana 	2	12
kršnjavog 	1	12
tvrtka 	1	12
sarajevska cesta 	2	12
trnjanska cesta 	2	12
onbekend 	1	12
odgoj 	1	12
od nuncijate 	2	12
porezna uprava 	2	12
svetog marka 	2	12
čitaonica 	1	12
resnički 	1	12
nuncijate 	1	12
stjepan 	1	12
banjol-indije 	1	12
plaža 	1	12
porezna 	1	12
vida došena 	2	12
uvala 	1	12
kvaternikova 	1	12
odmorište marune 	2	12
stadionsko 	1	12
osiguranje 	1	12
jana 	1	12
došena 	1	12
sv. petra i 	3	12
kapela svetog 	2	12
hajduk 	1	12
ksavera šandora gjalskog 	3	12
lički 	1	12
marinero 	1	12
ružičke 	1	12
dalmacija 	1	12
savski nasip 	2	12
malešnica 	1	12
bol 	1	12
fra andrije 	2	12
vijenac josipa 	2	12
biograd 	1	12
klet 	1	12
ladislava 	1	12
grobljanska 	1	12
jagića 	1	12
svetog jurja 	2	12
bukovac 	1	12
ninska 	1	12
andrija 	1	12
male gospe 	2	12
kardinala franje kuharića 	3	12
androv breg 	2	12
osik 	1	12
obrazovanje 	1	12
tomića 	1	12
bjelovar 	1	12
martića 	1	12
drenovski 	1	12
rent 	1	12
ulica vladimira ruždjaka 	3	12
samobor 	1	12
pulska 	1	12
san marco 	2	12
fort 	1	12
ulica janka 	2	12
ribarska ulica 	2	12
ljube 	1	12
ulica sv. 	2	12
oskara 	1	12
budačka ulica 	2	12
putine 	1	12
bribirskih 	1	12
prigorska 	1	12
lički osik 	2	12
broza 	1	12
trnovčica 	1	12
gostionica 	1	12
petrovića 	1	12
trg republike 	2	12
bartula 	1	12
ulice 	1	12
drežnik 	1	12
hrvatinića 	1	12
lokvica 	1	12
grge martića 	2	12
vuka 	1	12
presvetog trojstva 	2	12
žrtava domovinskog 	2	12
skola 	1	12
hanibala 	1	12
franca 	1	12
barba 	1	12
fausta 	1	12
fra grge martića 	3	12
i obrazovanje 	2	12
vinodolska 	1	12
isusova 	1	12
sberbank 	1	12
ex 	1	12
dalmatino 	1	12
apostola 	1	12
franjevačka 	1	12
za odgoj 	2	12
željeznički 	1	12
modruš 	1	12
pujanke 	1	12
svetog nikole tavelića 	3	12
grbac 	1	12
not tested 	2	12
mirogojska 	1	11
križnog puta 	2	11
vrbovec 	1	11
klasična gimnazija 	2	11
lončara 	1	11
novoselečki 	1	11
seljačke bune 	2	11
malo 	1	11
hrvatski zavod za 	3	11
aleksandra 	1	11
lovre matačića 	2	11
dr. vlatka mačeka 	3	11
haulika 	1	11
vrapče 	1	11
i nemoćne 	2	11
krunoslava 	1	11
porečka 	1	11
hypo alpe 	2	11
st. 	1	11
ulica božidara 	2	11
pl. zajca 	2	11
jerolima 	1	11
centar za odgoj i obrazovanje 	5	11
velog jože 	2	11
za odgoj i 	3	11
hahlić 	1	11
korzo 	1	11
jadranska banka 	2	11
stonska 	1	11
galeb 	1	11
milice i 	2	11
centar za odgoj i 	4	11
ulica ivana gorana kovačića 	4	11
dulčića 	1	11
i čitaonica 	2	11
gennaria 	1	11
knjižnica i čitaonica 	3	11
panorama 	1	11
ruže 	1	11
pletenci 	1	11
križevačka 	1	11
joakima rakovca 	2	11
nemoćne 	1	11
oreškovićeva 	1	11
hrvoja vukčića 	2	11
šime ljubića 	2	11
paromlinska cesta 	2	11
retfala 	1	11
brig 	1	11
brinje 	1	11
ulica ivana gorana 	3	11
izidora kršnjavog 	2	11
crkva svetog ivana 	3	11
crkva presvetog 	2	11
ulica vatroslava 	2	11
ulica eugena 	2	11
franca prešerna 	2	11
hanibala lucića 	2	11
put piketa 	2	11
cerovlje 	1	11
novaki 	1	11
petruševec i odvojak v 	4	11
novačka 	1	11
krbavska 	1	11
dva 	1	11
vrlička 	1	11
svetog florijana 	2	11
tratinska 	1	11
petrića 	1	11
ulica dobriše cesarića 	3	11
barbara 	1	11
kapelica sv. 	2	11
melin 	1	11
dominika mandića 	2	11
bilogorska ulica 	2	11
ulica zrinskih 	2	11
leopolda mandića 	2	11
brezik 	1	11
toplice 	1	11
plavi 	1	11
ulica dobriše 	2	11
velikopoljska 	1	11
i turka 	2	11
za odgoj i obrazovanje 	4	11
žitnjačka 	1	11
seljačke 	1	11
ulica milice i 	3	11
alberta 	1	11
žitnjačka cesta 	2	11
od karmela 	2	11
kruge 	1	11
autobusna stanica 	2	11
odgoj i obrazovanje 	3	11
kupska 	1	11
tršćanska 	1	11
milice i turka 	3	11
strane 	1	11
medicine 	1	11
nove 	1	11
piketa 	1	11
struga 	1	11
dobri 	1	11
gruška 	1	11
okićka 	1	11
vladimira vidrića 	2	11
sunce 	1	11
klasična 	1	11
odjel za 	2	11
iseljenika 	1	11
badalića 	1	11
svete marije 	2	11
hrvatski zavod 	2	11
poljanska 	1	11
f. 	1	11
jurandvor 	1	11
augusta harambašića 	2	11
sv. ivana krstitelja 	3	11
ivekovićeva 	1	11
nad 	1	11
ive andrića 	2	11
odgoj i 	2	11
knjižnica i 	2	11
krse 	1	11
ulica svete 	2	11
paviljon 	1	11
svete barbare 	2	11
antuna matije reljkovića 	3	11
pablo 	1	11
sv. ilija 	2	11
adamovića 	1	11
škole 	1	11
trnjanski nasip 	2	11
zagrad 	1	11
davorina 	1	11
vlaška 	1	11
b 	1	11
maria gennaria 	2	11
kovačići 	1	11
kablarska cesta 	2	11
erste banka 	2	11
iločka 	1	11
lounge 	1	11
u splitu 	2	11
lepa 	1	11
žakalj 	1	11
velike 	1	11
maslenica 	1	11
cetinska 	1	11
rimska 	1	11
porto 	1	11
kablarska 	1	11
vidrića 	1	11
don frane bulića 	3	11
trilj 	1	11
tovarnik 	1	11
podravska banka 	2	11
zagrebačka obilaznica 	2	11
kostanjek 	1	11
roberta 	1	11
mornarska 	1	11
matije reljkovića 	2	11
xi 	1	11
dražice 	1	11
gradska ljekarna 	2	11
imex 	1	11
el 	1	11
autobusna 	1	11
vukčića 	1	11
vjekoslava paraća 	2	11
kovačić 	1	11
vlaška ulica 	2	11
vitezova 	1	11
jurja haulika 	2	11
feral 	1	11
kut 	1	11
kastavska 	1	11
paraća 	1	11
ulica milice i turka 	4	11
križnog 	1	11
atm erste 	2	11
most slobode 	2	11
centar za odgoj 	3	11
karmela 	1	11
medvinjak 	1	11
trg hrvatske 	2	11
vjenceslava novaka 	2	11
ambasada 	1	11
ploče 	1	11
vrinice 	1	11
mrežnička 	1	11
lonjska 	1	11
miroslava kraljevića 	2	11
splitu 	1	11
kučića 	1	10
i antuna 	2	10
domovinske zahvalnosti 	2	10
goranska 	1	10
luščić 	1	10
kožinčev 	1	10
kraljeva 	1	10
jelsa 	1	10
brest 	1	10
ulica milke trnine 	3	10
rezovac 	1	10
švarča 	1	10
bukva 	1	10
štefanovečka 	1	10
mohorovičića 	1	10
odmorište janjče 	2	10
jeretova 	1	10
ulica stanka 	2	10
forum 	1	10
bernardina 	1	10
xvi 	1	10
ulica divka 	2	10
jakšina 	1	10
banija 	1	10
ivana filipovića 	2	10
grbaste 	1	10
lavoslava ružičke 	2	10
tuškana 	1	10
damira 	1	10
lička ulica 	2	10
osoje 	1	10
krak 	1	10
hypo alpe adria 	3	10
sredice 	1	10
starije 	1	10
alan 	1	10
kosom 	1	10
rožat 	1	10
ivanečka 	1	10
rimska ulica 	2	10
umjetnosti 	1	10
fabijana 	1	10
narone 	1	10
božidara adžije 	2	10
rudina 	1	10
radeševo 	1	10
radovana 	1	10
narodnog preporoda 	2	10
opća bolnica 	2	10
stjepana i 	2	10
kosora 	1	10
kralja stjepana 	2	10
rikarda 	1	10
ulica viktora cara emina 	4	10
medveščak 	1	10
matija 	1	10
bani 	1	10
centralni 	1	10
kaštela 	1	10
zuzorić 	1	10
nikole fallera 	2	10
učenički 	1	10
vilima 	1	10
bartula kašića 	2	10
molo 	1	10
vid 	1	10
don ive 	2	10
hrvatska pošta 	2	10
leut 	1	10
varoš 	1	10
liechtensteinov 	1	10
doktora franje tuđmana 	3	10
vatikanska 	1	10
vrilo 	1	10
ulica ivane 	2	10
ličko 	1	10
liechtensteinov put 	2	10
dugo selo 	2	10
žitnjak kovačići 	2	10
puovića i 	2	10
lug 	1	10
zrinska 	1	10
turanj 	1	10
korčula 	1	10
desinec 	1	10
grgurev 	1	10
pukovnije 	1	10
vidovec 	1	10
magdalene 	1	10
crkva blažene 	2	10
andree benussia 	2	10
uzvišenja 	1	10
fra andrije kačića 	3	10
za starije 	2	10
lupoglav 	1	10
josipa juraja strossmayera 	3	10
otona župančića 	2	10
king 	1	10
rapska ulica 	2	10
trg žrtava 	2	10
dvorska 	1	10
crkva blažene djevice marije 	4	10
dinarska 	1	10
andrije mohorovičića 	2	10
gore 	1	10
ogulinca 	1	10
odmorište ličko 	2	10
vukčića hrvatinića 	2	10
opće 	1	10
katalinića 	1	10
domovinske 	1	10
ulica ivana kukuljevića 	3	10
lukovići 	1	10
ulica roberta 	2	10
maja 	1	10
marijina 	1	10
grožnjan 	1	10
terezije 	1	10
prilesje 	1	10
adžije 	1	10
žumberačka 	1	10
grge tuškana 	2	10
zir 	1	10
ličko lešće 	2	10
trg franje 	2	10
papandopulova 	1	10
ulica pavleka 	2	10
ina osijek 	2	10
usorska 	1	10
imex banka 	2	10
ulica hrvatskog sokola 	3	10
i antuna radića 	3	10
stjepana i antuna radića 	4	10
jose 	1	10
pod kosom 	2	10
dubrave 	1	10
graberje 	1	10
juraja strossmayera 	2	10
zlatnog polja 	2	10
lučica 	1	10
odmorište jasenice 	2	10
stjepana i antuna 	3	10
crkvena 	1	10
josipa kosora 	2	10
hrvoja vukčića hrvatinića 	3	10
maestral 	1	10
dugo 	1	10
proce 	1	10
trg kralja petra svačića 	4	10
serdara 	1	10
ulica viktora cara 	3	10
rogač 	1	10
kovača 	1	10
ves 	1	10
preko 	1	10
ulica drage 	2	10
cvijete zuzorić 	2	10
crkva svih 	2	10
špira puovića i 	3	10
ferenščica i. 	2	10
ploča 	1	10
svetoga 	1	10
trg mladosti 	2	10
hrvatskih dragovoljaca 	2	10
mlin 	1	10
pionirska 	1	10
ulica na 	2	10
odmorište ličko lešće 	3	10
misto 	1	10
cvijete 	1	10
stomatološka 	1	10
janjče 	1	10
antuna padovanskog 	2	10
dugi 	1	10
kbz 	1	10
učenički dom 	2	10
katarine zrinski 	2	10
ulica divka budaka 	3	10
lepa bukva 	2	10
fra andrije kačića miošića 	4	10
josipa bana 	2	10
zabočki 	1	10
viii 	1	10
put narone 	2	10
ulica pavleka miškine 	3	10
divka 	1	10
centralni objekt 	2	10
branimirova obala 	2	10
ulica luka 	2	10
katedrala 	1	10
markuševečki 	1	10
zelengaj 	1	10
partizanska 	1	10
kiša 	1	10
buzolića 	1	10
zlatka 	1	10
tifon bp 	2	10
katarina 	1	10
divka budaka 	2	10
gama 	1	10
zahvalnosti 	1	10
društvo 	1	10
crkva blažene djevice 	3	10
sudete 	1	10
ivana pl. 	2	10
ulica ivana matetića ronjgova 	4	10
horvatnica 	1	10
fallera 	1	10
benussia 	1	10
kapetana 	1	10
hvar 	1	10
ulica ivana matetića 	3	10
novigradska 	1	10
vižinada 	1	10
crkva sv. martina 	3	10
toilets 	1	10
ruža 	1	10
europa 	1	10
đure sudete 	2	10
o. š. 	2	10
ulica milke 	2	10
doktora franje 	2	10
mune 	1	10
dom za starije 	3	10
lučac 	1	10
oslobođenja 	1	10
crkva svih svetih 	3	10
maksimir 	1	10
svetonedeljska 	1	10
veleučilište 	1	10
dršćevka 	1	10
od gaja 	2	10
fažanska 	1	10
krunoslava heruca 	2	10
le 	1	10
uska 	1	10
župančića 	1	10
pile 	1	9
viii. 	1	9
kneza porina 	2	9
coki 	1	9
tomislavova 	1	9
horvati 	1	9
ulica silvija strahimira 	3	9
demetra 	1	9
rožat gornji 	2	9
pobjede 	1	9
put križa 	2	9
ratka 	1	9
dr. mile 	2	9
valpovo 	1	9
lisičina 	1	9
trg hrvatskih branitelja 	3	9
kelekova 	1	9
strukovna 	1	9
rikarda katalinića 	2	9
for 	1	9
g. 	1	9
crkva sv. petra 	3	9
street in 	2	9
jordanovac 	1	9
s. h. gutmanna 	3	9
voltino 	1	9
metoda 	1	9
perkovca 	1	9
cvetkovića 	1	9
porat bolskih 	2	9
ilić 	1	9
vintijan 	1	9
sljemenska cesta 	2	9
gutmanna 	1	9
ulica kneza domagoja 	3	9
šuškovići 	1	9
žorža 	1	9
mandićeva 	1	9
raiffeisenbank 	1	9
greda 	1	9
ivana žorža 	2	9
vasco da gama 	3	9
hiža 	1	9
don mihovila 	2	9
bolskih pomoraca 	2	9
benedikta 	1	9
odreda 	1	9
vrbani 	1	9
svetog mateja 	2	9
pp 	1	9
drinska 	1	9
nr. 	1	9
vrtic 	1	9
šetalište nikole 	2	9
botića 	1	9
tartaglie 	1	9
vasco 	1	9
sabora 	1	9
trg nikole šubića 	3	9
šižgorića 	1	9
kneževića 	1	9
šoltanska 	1	9
podsusedska 	1	9
vijenac s. 	2	9
ramani 	1	9
zaprešić 	1	9
istra 	1	9
vrila 	1	9
don mihovila pavlinovića 	3	9
trg nikole 	2	9
s. h. 	2	9
luje adamovića 	2	9
južna obala 	2	9
svetog petra 	2	9
carla 	1	9
bazeni 	1	9
sunekova 	1	9
bogoslava šuleka 	2	9
sport 	1	9
nike 	1	9
trogir 	1	9
gat 	1	9
kaptol 	1	9
oil 	1	9
i odvojak ii 	3	9
koranska 	1	9
dalmatinska ulica 	2	9
gornjodravska 	1	9
selje 	1	9
ivo 	1	9
lina 	1	9
h. 	1	9
straža 	1	9
trnje 	1	9
ulica janka draškovića 	3	9
mali raj 	2	9
vasco da 	2	9
munte 	1	9
ulica pavla šubića 	3	9
sopnički 	1	9
malinska 	1	9
celestina 	1	9
strukovna škola 	2	9
most vasco 	2	9
vratišinec 	1	9
ljube babića 	2	9
slavka nikolica 	2	9
srca isusova 	2	9
biograd na 	2	9
opće medicine 	2	9
most vasco da 	3	9
lisice 	1	9
ulica silvija 	2	9
nadinska 	1	9
grabova 	1	9
maslenička 	1	9
prima 	1	9
gornjodravska obala 	2	9
šetalište braće 	2	9
vrbišnica 	1	9
klovića 	1	9
ćirila i 	2	9
sv. luka 	2	9
stancija 	1	9
strojarska cesta 	2	9
meje 	1	9
vijenac s. h. 	3	9
starije i 	2	9
za starije i nemoćne 	4	9
sv. frane 	2	9
baltazara 	1	9
point 	1	9
drniška 	1	9
trgovačka 	1	9
radnički put 	2	9
radmanovačka 	1	9
ernesta 	1	9
vozarica 	1	9
ceste 	1	9
ljetno kino 	2	9
poreč 	1	9
jovića 	1	9
crkva majke 	2	9
sveti jakov 	2	9
zdenac 	1	9
mike tripala 	2	9
street in ramani 	3	9
milutina 	1	9
rok 	1	9
mario 	1	9
vlačića ilirika 	2	9
tin 	1	9
benz 	1	9
rakitovec 	1	9
zvonka 	1	9
splitska ulica 	2	9
mikulići 	1	9
mučenika 	1	9
karmelske 	1	9
ljetno 	1	9
ivana perkovca 	2	9
šumska 	1	9
kreditna banka zagreb 	3	9
dora 	1	9
piljenice 	1	9
jaruščica 	1	9
i metoda 	2	9
puđaka 	1	9
janiševac 	1	9
del 	1	9
tuškanac 	1	9
za starije i 	3	9
slatinska banka 	2	9
senjskih 	1	9
ul 	1	9
kamenjak 	1	9
banco popolare 	2	9
nikolica 	1	9
church 	1	9
grmoščica 	1	9
karlovačka banka 	2	9
benkovac 	1	9
domobranske pukovnije 	2	9
zagrebacka 	1	9
vilka 	1	9
naselje kralja 	2	9
ulica škurinje 	2	9
ulica ive tijardovića 	3	9
da gama 	2	9
ravna dolina 	2	9
bošnjaka 	1	9
porat bolskih pomoraca 	3	9
trail 	1	9
zavojna 	1	9
crna 	1	9
vuk-pavlovića 	1	9
dom za starije i 	4	9
vere 	1	9
trg žrtava fašizma 	3	9
pučko 	1	9
špansko 	1	9
klimno 	1	9
petar pan 	2	9
jablanska 	1	9
ante petravića 	2	9
crkva sv. mihovila 	3	9
gimnazije 	1	9
popolare 	1	9
night 	1	9
marino 	1	9
porina 	1	9
vrsar 	1	9
kumičićeva 	1	9
zdravka kučića 	2	9
velikogorička ulica 	2	9
šetalište nikole fallera 	3	9
oporovečki 	1	9
stari put 	2	9
šuleka 	1	9
hrvatske vojske 	2	9
staro 	1	9
pavla lončara 	2	9
crkva svetog ivana krstitelja 	4	9
ulica marka marulića 	3	9
gospe od zdravlja 	3	9
in ramani 	2	9
mora 	1	9
starije i nemoćne 	3	9
bolskih 	1	9
rovinjska ulica 	2	9
braće stipčić 	2	9
stipčić 	1	9
trnovec 	1	9
vojne 	1	9
bošt 	1	9
petravića 	1	9
podsusedska aleja 	2	9
aleja blaža 	2	9
štampara 	1	9
kralja tvrtka 	2	9
ulica vida 	2	9
pape ivana pavla ii 	4	9
sveti martin 	2	9
ivekovića 	1	9
vlaha 	1	9
adria oil 	2	9
podvrh 	1	9
luke botića 	2	9
di 	1	9
voćarska ulica 	2	9
domobranske 	1	9
by 	1	9
sedam 	1	9
markuševečki makadam 	2	9
jeronima 	1	9
h. gutmanna 	2	9
matije vlačića ilirika 	3	9
tripala 	1	9
miloša 	1	9
rehabilitaciju 	1	9
udruga 	1	9
josipa broza 	2	9
škola split 	2	9
aleja blaža jurišića 	3	9
rebro 	1	9
škola vladimira 	2	9
andrije štampara 	2	9
stoci 	1	9
marka kovača 	2	9
kuzme 	1	9
bana ivana mažuranića 	3	9
vojske 	1	9
cvrčak 	1	9
brda 	1	9
aquarius 	1	9
dr. mile budaka 	3	9
ulica stanka vraza 	3	9
vinko 	1	9
mike 	1	9
jere 	1	9
ulica marina 	2	9
virovitica 	1	9
studio 	1	9
gračanska cesta 	2	9
brajde 	1	9
zlatna 	1	9
stop 	1	9
vice vukova 	2	9
valentino 	1	9
savska ulica 	2	9
gračanska 	1	9
vijenac s. h. gutmanna 	4	9
bobovik 	1	9
rudeški 	1	9
xv 	1	9
obor 	1	9
lazarica 	1	9
terminal 	1	9
ilirika 	1	9
pl pl 	2	9
mejaši 	1	9
sveučilišna 	1	9
trojice 	1	9
selska ulica 	2	9
tesla 	1	9
jerka 	1	9
ulica ivane brlić 	3	9
vrbovečka 	1	9
marina tartaglie 	2	9
franjo 	1	9
korčulanska 	1	9
starog 	1	9
brezje 	1	9
bakarska 	1	9
bazen 	1	9
most vasco da gama 	4	9
gradska tržnica 	2	9
banco 	1	9
dom za starije i nemoćne 	5	9
poginulih 	1	9
ograda 	1	9
obrtnička škola 	2	9
porta 	1	9
sv. izidora 	2	9
ulica ivane brlić mažuranić 	4	9
uskoka 	1	9
paradiso 	1	9
rendićeva 	1	9
xiv 	1	9
đuke 	1	9
bogovića 	1	9
bogoslava 	1	9
brnik 	1	9
hitna 	1	9
sopnički odvojak 	2	9
galešnica 	1	9
pavla vuk-pavlovića 	2	9
kamila 	1	8
jurja habdelića 	2	8
xii 	1	8
djecji 	1	8
put gospe 	2	8
marka remsa 	2	8
ulica zvonimira 	2	8
save 	1	8
ribar 	1	8
obala maršala tita 	3	8
nodila 	1	8
rio 	1	8
peričića 	1	8
coffee 	1	8
josipa bana jelačića 	3	8
medovićeva 	1	8
srijemska 	1	8
hž 	1	8
julija klovića 	2	8
tamaris 	1	8
rokova 	1	8
florijana andrašeca 	2	8
alfirevića 	1	8
natka 	1	8
aerodrom 	1	8
bilo 	1	8
senjskih uskoka 	2	8
don petra 	2	8
crkve 	1	8
grič 	1	8
ekonomska škola 	2	8
stipan 	1	8
novoselečki put 	2	8
pirinova 	1	8
josipa radnika 	2	8
željeznički kolodvor 	2	8
natka nodila 	2	8
ćirila i metoda 	3	8
rikarda katalinića jeretova 	3	8
pomoć 	1	8
brezovička cesta 	2	8
breznička 	1	8
marco polo 	2	8
central 	1	8
obala dr. 	2	8
fraǌe 	1	8
svilkovići 	1	8
obala sv. 	2	8
sušačka 	1	8
pijaca 	1	8
hum 	1	8
svetonedeljska ulica 	2	8
franje lučića 	2	8
crkva svetog martina 	3	8
marof 	1	8
benkovačka 	1	8
rudeška 	1	8
ante kukure 	2	8
crnčićeva 	1	8
bojne vojne 	2	8
tiffany 	1	8
ferry 	1	8
pino 	1	8
rudine 	1	8
puljska 	1	8
ružićeva 	1	8
vukasa 	1	8
lozna 	1	8
bregi zabočki 	2	8
iva vojnovića 	2	8
borongajska 	1	8
sv. leopolda 	2	8
building:office leśniczówka 	2	8
ulica vice 	2	8
sv. luke 	2	8
svilno 	1	8
ede 	1	8
ulica domovisnkih žrtava 	3	8
trnjanska struga 	2	8
preloga 	1	8
viška 	1	8
sv. leopolda mandića 	3	8
banka d.d. 	2	8
pl building:office 	2	8
jandrića 	1	8
gomilica 	1	8
hrvatskog narodnog preporoda 	3	8
stenjevečka ulica 	2	8
put maslina 	2	8
crni 	1	8
sv. rok 	2	8
kukure 	1	8
pl pl building:office 	3	8
crkva sv. jurja 	3	8
bolesti 	1	8
trg hrvatskog 	2	8
blue 	1	8
divalta 	1	8
vila velebita 	2	8
česmičkog 	1	8
mlinarska 	1	8
studenca 	1	8
lim 	1	8
lucica 	1	8
trg franje tuđmana 	3	8
santa 	1	8
jarek 	1	8
spinčića 	1	8
otvoreno 	1	8
umjetnička 	1	8
hercega 	1	8
titov trg 	2	8
giuseppea 	1	8
domovisnkih 	1	8
baška 	1	8
josipa jovića 	2	8
gordana 	1	8
pomer 	1	8
bolnice 	1	8
malnarov odvojak 	2	8
kupa 	1	8
aleja narodnih 	2	8
vis 	1	8
buje 	1	8
otvoreno učilište 	2	8
brezovička 	1	8
jezerska 	1	8
selingera 	1	8
valentina 	1	8
sopnička 	1	8
hrnetić 	1	8
kanal 	1	8
grada gospića 	2	8
brodograditelja 	1	8
rebar 	1	8
gospića 	1	8
agroturizam 	1	8
markuševečka 	1	8
vrtli 	1	8
batušića 	1	8
obitelji 	1	8
bedekovića 	1	8
ulica josipa slavenskog 	3	8
ulica vice vukova 	3	8
aleja seljačke bune 	3	8
andrašeca 	1	8
dugoselska 	1	8
ivana pl. zajca 	3	8
narodnih heroja 	2	8
brezovačkog 	1	8
mihanovićeva obala 	2	8
bruna 	1	8
veruda 	1	8
pučko otvoreno učilište 	3	8
gospodska 	1	8
radnika 	1	8
out 	1	8
ulica ferde 	2	8
odmorište lički 	2	8
vrh lučac 	2	8
vijenac kardinala alojzija 	3	8
dom kulture 	2	8
trstenjaka 	1	8
seljine brigade 	2	8
starćevića 	1	8
popa 	1	8
sveti ivan 	2	8
ulica domovisnkih 	2	8
odmorište desinec 	2	8
duje 	1	8
bracera 	1	8
vjekoslava spinčića 	2	8
andriča 	1	8
luke poljanske 	2	8
starigradska 	1	8
remsa 	1	8
nina 	1	8
sveta marija 	2	8
prekrižje 	1	8
ulica žrtava 	2	8
črnomerec 	1	8
track 	1	8
erdodyja 	1	8
gortanova 	1	8
štrigova 	1	8
vicka 	1	8
belulovića 	1	8
fraǌe belulovića 	2	8
pejačevićeva 	1	8
franje ogulinca 	2	8
zvončić 	1	8
arena 	1	8
aleja seljačke 	2	8
strana 	1	8
adolfa 	1	8
vijenac kardinala alojzija stepinca 	4	8
vodovodna ulica 	2	8
seljine 	1	8
vinogradski 	1	8
odmorište lički osik 	3	8
trenkova 	1	8
matije gubca 	2	8
lijevi 	1	8
xviii 	1	8
bojne vojne policije 	3	8
veleposlanstvo republike 	2	8
pakračka 	1	8
bernarda vukasa 	2	8
kozjak 	1	8
ulica miroslava krleže 	3	8
strada 	1	8
taverna 	1	8
kotari 	1	8
crkva svetog antuna 	3	8
borongajska cesta 	2	8
ulica željka 	2	8
amadeus 	1	8
naselje monfiorenzo 	2	8
lukoranska 	1	8
klinika 	1	8
stadlera 	1	8
oporovečki vinogradi 	2	8
gold 	1	8
lukački 	1	8
ive andriča 	2	8
vode 	1	8
matije jandrića 	2	8
vučkovića 	1	8
vijenac kardinala 	2	8
dr. željka selingera 	3	8
hrvatskog narodnog 	2	8
krležina 	1	8
šetalište antuna 	2	8
kraljevečka 	1	8
best 	1	8
alojzije 	1	8
radoslava 	1	8
aleja narodnih heroja 	3	8
labin 	1	8
miklinovec 	1	8
trg vladimira 	2	8
ulica silvija strahimira kranjčevića 	4	8
jurija 	1	8
našička 	1	8
slavka batušića 	2	8
babić 	1	8
malnarov 	1	8
gubca 	1	8
duga ulica 	2	8
trg palih 	2	8
palada 	1	8
matulji 	1	8
café 	1	8
vinodolska ulica 	2	8
sv. marka 	2	8
don ante 	2	8
vojne policije 	2	8
narodno kazalište 	2	8
kraljevica 	1	8
adriatic 	1	8
milana langa 	2	8
sv. vida 	2	8
pl pl building:office leśniczówka 	4	8
srednjaci 	1	8
monfiorenzo 	1	8
ambroza 	1	8
odmorište brinje 	2	8
davorina trstenjaka 	2	8
ivana i 	2	8
leśniczówka 	1	8
osnovna škola vladimira 	3	8
big 	1	8
bregi 	1	8
šetalište antuna radića 	3	8
grgurev ante kukure 	3	8
joze ivakića 	2	8
langa 	1	8
stadionska 	1	8
dolenska ulica 	2	8
plava laguna 	2	8
xvii 	1	8
narodnih 	1	8
ulica mate 	2	8
breza 	1	8
pravoslavna 	1	8
kaufland 	1	8
rab 	1	8
gacka 	1	8
narodno 	1	8
dalmatinske 	1	8
područni ured 	2	8
sirena 	1	8
franje ogulinca selje 	3	8
varaždinska ulica 	2	8
crkva majke božje 	3	8
josipa stadlera 	2	8
jadova 	1	8
vladimira preloga 	2	8
gospe karmelske 	2	8
ignjata 	1	8
sisačka cesta 	2	8
draganići 	1	8
senjska ulica 	2	8
ulica tome 	2	8
ivakića 	1	8
martina divalta 	2	8
školski 	1	8
tomaševića 	1	8
goran 	1	8
ulica hrvatskog proljeća 	3	8
pl building:office leśniczówka 	3	8
ulica bobovik 	2	8
villas 	1	8
pećine 	1	8
strančica 	1	8
placa 	1	8
perića 	1	8
rock 	1	8
obala maršala 	2	8
crveni 	1	8
katalinića jeretova 	2	8
diving 	1	8
vukova gorica 	2	8
trg nikole šubića zrinskog 	4	8
shower 	1	8
crkva sv. antuna 	3	8
nazorova 	1	8
otona ivekovića 	2	8
cocktail 	1	8
lovačka kuća 	2	8
grgurev ante 	2	8
dr. željka 	2	8
dizdara 	1	8
koprivnička ulica 	2	8
vi. 	1	8
mala ulica 	2	8
veliki vrh 	2	8
trnskog 	1	8
plac 	1	8
katarine zrinske 	2	8
ivana česmičkog 	2	8
severa 	1	8
voćinska 	1	8
sušanj 	1	8
put na 	2	8
domovisnkih žrtava 	2	8
crkva presvetog trojstva 	3	8
building:office 	1	8
loža 	1	8
stube marka 	2	8
katuri 	1	8
blage 	1	8
poljanske 	1	8
zadra 	1	8
ulica frana supila 	3	8
lokve 	1	8
rešetari 	1	8
arka 	1	8
apartment 	1	8
stube marka remsa 	3	8
raiffaisen 	1	8
tehnički 	1	8
željka selingera 	2	8
ulica većeslava 	2	8
pčelica 	1	8
gospe od karmela 	3	8
jukića 	1	8
ogulinca selje 	2	8
oliva 	1	8
livadarska 	1	8
stenjevečka 	1	8
pučko otvoreno 	2	8
titov 	1	8
crkva svetog nikole 	3	8
željeznička ulica 	2	8
industrijska cesta 	2	7
zavnoh-a 	1	7
bednjanska 	1	7
nono 	1	7
navještenja 	1	7
biokovska ulica 	2	7
put bioca 	2	7
korena 	1	7
kulmerov 	1	7
broza tita 	2	7
donje svetice 	2	7
dmitrija demetra 	2	7
blanje 	1	7
narodni 	1	7
oboj 	1	7
sv. križ 	2	7
bistranska 	1	7
molo lozna 	2	7
l 	1	7
pravoslavna crkva 	2	7
konšćica 	1	7
dravska ulica 	2	7
starčevićeva 	1	7
put dragovoda 	2	7
livanjska 	1	7
zanatska 	1	7
trg maršala 	2	7
semić 	1	7
bidrovečka cesta 	2	7
sopot 	1	7
puśća 	1	7
enduro 	1	7
dr. josipa 	2	7
bijela 	1	7
bufaline 	1	7
partizanski put 	2	7
turizam 	1	7
bratstva 	1	7
avenija gojka 	2	7
doktora ante 	2	7
vrsarska 	1	7
ulica kneza trpimira 	3	7
srce 	1	7
većeslava kolara 	2	7
zdihovska 	1	7
bošković 	1	7
filipa i 	2	7
american 	1	7
vrlika 	1	7
livadarski 	1	7
šetalište braće radić 	3	7
franje račkoga 	2	7
marmontova 	1	7
casa 	1	7
ulica davorina 	2	7
gelateria 	1	7
reisnera 	1	7
gornji kraj 	2	7
cetina 	1	7
cesta za vještić 	3	7
mlaka 	1	7
krčka 	1	7
gosparevo 	1	7
crkva sv. josipa 	3	7
dujma 	1	7
odmorište vukova 	2	7
dietricha 	1	7
branovečka cesta 	2	7
lokvice 	1	7
mama 	1	7
ulica roberta frangeša 	3	7
glavice 	1	7
getaldićeva 	1	7
eco bike 	2	7
raskrižja 	1	7
ulica don frane 	3	7
primorja 	1	7
road vrsar 	2	7
drnek 	1	7
za vještić 	2	7
pera 	1	7
rabadana 	1	7
cinestar 	1	7
graničarska 	1	7
internet 	1	7
charlie 	1	7
cut 	1	7
ivana severa 	2	7
ulica rudolfa kolaka 	3	7
neptun 	1	7
blage zadra 	2	7
ulica junija 	2	7
škola josipa 	2	7
prilaz pavla vuk-pavlovića 	3	7
virska 	1	7
brodska 	1	7
trnjanski zavoj 	2	7
kralja dmitra 	2	7
trakoščanska 	1	7
sokacka 	1	7
rođenja 	1	7
crkva svetog križa 	3	7
josipa račića 	2	7
soblinečka 	1	7
diljska 	1	7
cista 	1	7
montiron 	1	7
ulica alojzija stepinca 	3	7
barutanski 	1	7
franka lisice 	2	7
calypso 	1	7
kozari put iii odvojak ii 	5	7
kaštelanska 	1	7
vinodolski 	1	7
zavrtna 	1	7
čiče 	1	7
novska 	1	7
planinska 	1	7
kapucinska 	1	7
dragutina rakovca 	2	7
ulica svetog nikole 	3	7
zlatni 	1	7
sv. nikole tavelića 	3	7
bistranska ulica 	2	7
dmitra zvonimira 	2	7
zlatarska 	1	7
popovača 	1	7
sv. duh 	2	7
kennedyja 	1	7
munida 	1	7
petrinja 	1	7
redarstvenika 	1	7
draganić 	1	7
vavlje 	1	7
kulmerov put 	2	7
ulica fra andrije 	3	7
ulica mirka 	2	7
bošnjaci 	1	7
hansa 	1	7
goru 	1	7
golubinka 	1	7
kružića 	1	7
zmaja 	1	7
cesta za lovransku 	3	7
kožinčev put 	2	7
jablanska ulica 	2	7
zdencu 	1	7
put diruna 	2	7
dvanaest redarstvenika 	2	7
čiovska 	1	7
kaktus 	1	7
fra ivana 	2	7
lounge bar 	2	7
gašparića 	1	7
venera 	1	7
slap 	1	7
koturaška 	1	7
turopoljska ulica 	2	7
monaco 	1	7
šestinska 	1	7
huguesa 	1	7
avenija gojka šuška 	3	7
venezia 	1	7
jezera 	1	7
županijski 	1	7
perjavica 	1	7
lipnja 	1	7
ružarija 	1	7
kršnjavoga 	1	7
put iza 	2	7
rudolfa kolaka 	2	7
julija merlića 	2	7
medovića 	1	7
stomatološka ordinacija 	2	7
zatonska 	1	7
iii odvojak ii 	3	7
dv 	1	7
bogorodice 	1	7
slavonija 	1	7
antića 	1	7
ankora 	1	7
zaton 	1	7
cres 	1	7
put supavla 	2	7
brestovečka 	1	7
partizanski 	1	7
bili 	1	7
posedarska 	1	7
resort belvedere 	2	7
seline 	1	7
pavičića 	1	7
hansa dietricha genschera 	3	7
potočna ulica 	2	7
žitnjak odvojak 	2	7
kraljevečka cesta 	2	7
lavanda 	1	7
medicinska 	1	7
miramare 	1	7
prometna 	1	7
preloška 	1	7
sokacka magistrala 	2	7
račkoga 	1	7
huzjanova ulica 	2	7
klis 	1	7
bukovački ogranak 	2	7
kraljica 	1	7
korajca 	1	7
pravni fakultet 	2	7
dragu 	1	7
bidrovečka 	1	7
cocktail bar 	2	7
put gospe od 	3	7
zelena magistrala 	2	7
južna odvojak 	2	7
ulica većeslava kolara 	3	7
ulica cvijete zuzorić 	3	7
zametskog 	1	7
ukrajinska 	1	7
hadrijana 	1	7
cesta za vještić goru 	4	7
diruna 	1	7
zajednica 	1	7
vinogradski put 	2	7
pizza cut 	2	7
franje tudjmana 	2	7
križanićeva 	1	7
banski 	1	7
lovransku dragu 	2	7
starjak 	1	7
glavičina 	1	7
gaza 	1	7
jarun 	1	7
kratka 	1	7
fruškogorska 	1	7
jankovića 	1	7
rendića 	1	7
supavla 	1	7
sremca 	1	7
mirka bogovića 	2	7
bujska 	1	7
starovalpovački 	1	7
ulica roberta frangeša mihanovića 	4	7
sv.mihovila 	1	7
vijenac josipa jurja 	3	7
ordinacija opće 	2	7
za lovransku 	2	7
ulica slavka batušića 	3	7
sutlanska 	1	7
i odvojak iv 	3	7
srednja ulica 	2	7
put glavičina 	2	7
dr. ivana 	2	7
strma 	1	7
vijenac josipa jurja strossmayera 	4	7
pečenjara 	1	7
lozica 	1	7
kuzam 	1	7
cavtatska 	1	7
prima pharme 	2	7
jadranska cesta 	2	7
eco bike road vrsar 	4	7
sveti petar 	2	7
livadarska ulica 	2	7
vodnika 	1	7
old 	1	7
police 	1	7
savska opatovina 	2	7
majstora 	1	7
gorička ulica 	2	7
jelena 	1	7
puškarićeva 	1	7
tutnovo 	1	7
voltića 	1	7
casablanca 	1	7
ulica cvijete 	2	7
opatije 	1	7
stjepana majdeka 	2	7
goričica 	1	7
petruševec i odvojak iv 	4	7
don ivana 	2	7
johna 	1	7
johna kennedyja 	2	7
kineski 	1	7
ramska 	1	7
umjetnička akademija 	2	7
od osojnika 	2	7
casino 	1	7
roberta frangeša mihanovića 	3	7
obala hrvatske 	2	7
ulica alojzija 	2	7
karla huguesa 	2	7
križine 	1	7
črnovečka 	1	7
maksimilijana 	1	7
hektorovićeva 	1	7
rotonda 	1	7
dvanaest 	1	7
kukučina 	1	7
golobreška 	1	7
dmitrija 	1	7
petra kružića 	2	7
barakovića 	1	7
hrvatski dom 	2	7
bioca 	1	7
marije magdalene 	2	7
p 	1	7
dobro 	1	7
hansa dietricha 	2	7
lovetovo 	1	7
eco 	1	7
mladost 	1	7
sv. ane 	2	7
kukučina strana 	2	7
rogoznica 	1	7
jurja barakovića 	2	7
isusa 	1	7
od ružarija 	2	7
skrb 	1	7
iva dulčića 	2	7
put od osojnika 	3	7
prekršajni sud 	2	7
ivankova 	1	7
crnočil 	1	7
domino 	1	7
ulica frane 	2	7
office 	1	7
račića 	1	7
obala hrvatske mornarice 	3	7
jurčića 	1	7
branovečka 	1	7
mažuranićevo šetalište 	2	7
merlića 	1	7
gundulićeva poljana 	2	7
lovransku 	1	7
inn 	1	7
vratnička 	1	7
prekršajni 	1	7
kvintička ulica 	2	7
planet 	1	7
steiermärkische 	1	7
jagode 	1	7
županijska 	1	7
crkvica 	1	7
sv.marije 	1	7
havana 	1	7
doma 	1	7
baščinska 	1	7
kvintička 	1	7
buzetska 	1	7
gračec 	1	7
trg johna 	2	7
svetog franje 	2	7
rudeška cesta 	2	7
put bunara 	2	7
osojnika 	1	7
minakovo 	1	7
bike road 	2	7
gruška ulica 	2	7
začeća 	1	7
roberta frangeša 	2	7
cara hadrijana 	2	7
pharme 	1	7
supetar 	1	7
chicaga 	1	7
laščinska cesta 	2	7
svi 	1	7
remetinečka cesta 	2	7
šumski 	1	7
tudjmana 	1	7
berse 	1	7
mup 	1	7
eugena tomića 	2	7
marcela 	1	7
dietricha genschera 	2	7
obala kneza trpimira 	3	7
hrvatsko 	1	7
svi sveti 	2	7
supilova 	1	7
ulica mihovila 	2	7
truhelke 	1	7
braće ilić 	2	7
huzjanova 	1	7
put gašparića 	2	7
fužinska 	1	7
izvora 	1	7
ludbreška 	1	7
vinogradska cesta 	2	7
vežica 	1	7
grand 	1	7
vještić 	1	7
ograde 	1	7
mažuranićevo 	1	7
cesta za lovransku dragu 	4	7
sv. duha 	2	7
vrlička ulica 	2	7
odmorište vukova gorica 	3	7
kolaka 	1	7
jelas 	1	7
iz 	1	7
srima xvi 	2	7
kula 	1	7
ulica puśća 	2	7
put raskrižja 	2	7
narodni trg 	2	7
vladimira novaka 	2	7
anke 	1	7
trg ljudevita gaja 	3	7
novigradska ulica 	2	7
put primorja 	2	7
županijski sud 	2	7
poljanska cesta 	2	7
kralja dmitra zvonimira 	3	7
vitezova domovinskog 	2	7
vrtlarska 	1	7
lastovska ulica 	2	7
trnavska 	1	7
vještić goru 	2	7
nicole 	1	7
pharm 	1	7
hvarska ulica 	2	7
krapina 	1	7
za vještić goru 	3	7
istarskih 	1	7
put iii odvojak ii 	4	7
vjekoslava karasa 	2	7
studentski 	1	7
pazin 	1	7
adama reisnera 	2	7
sv. antun 	2	7
bribirskih knezova 	2	7
apoteka 	1	7
laz 	1	7
sveučilište u 	2	7
genschera 	1	7
zeleni trg 	2	7
kaštanjež 	1	7
remetinečka 	1	7
ulica lipa 	2	7
and 	1	7
rent a 	2	7
von 	1	7
brajdice 	1	7
djecji vrtic 	2	7
eco bike road 	3	7
marofska 	1	7
grada chicaga 	2	7
mlinovi 	1	7
brce 	1	7
ogulin 	1	7
karasa 	1	7
brestovečka cesta 	2	7
presunac 	1	7
rudeški ogranak 	2	7
frata 	1	7
ordinacija opće medicine 	3	7
ulica junija palmotića 	3	7
vilima korajca 	2	7
crkva sv. roka 	3	7
prilaz pavla 	2	7
zametskog korena 	2	7
šurana 	1	7
ulica slobode 	2	7
vitezova domovinskog rata 	3	7
škola vladimira nazora 	3	7
trg maršala tita 	3	7
trg johna kennedyja 	3	7
dmitra 	1	7
sunset 	1	7
frangeša mihanovića 	2	7
resnički gaj 	2	7
nepomuka 	1	7
vukomerička 	1	7
celestina medovića 	2	7
prečko 	1	7
osnovna škola vladimira nazora 	4	7
soblinečka ulica 	2	7
bike road vrsar 	3	7
pravni 	1	7
selnička 	1	7
medulin 	1	7
frangeša 	1	7
podravska ulica 	2	7
grofa 	1	7
krk 	1	7
dragojla 	1	7
cvijetna 	1	7
dragovoda 	1	7
kornatska ulica 	2	7
koturaška cesta 	2	7
župni 	1	7
ladvenjak 	1	7
odvojak vi 	2	7
san polo 	2	7
sv. josip 	2	7
majdeka 	1	7
partner 	1	7
starovalpovački put 	2	7
ulica ignjata 	2	7
mareta 	1	7
za lovransku dragu 	3	7
i. ravnice 	2	7
laščinska 	1	7
lanište 	1	7
mikule 	1	7
vrtić varaždin 	2	6
vitezovića 	1	6
dječje 	1	6
trg andrije hebranga 	3	6
žitnjak odvojak ii 	3	6
šetalište andrije kačića 	3	6
velika cesta 	2	6
krautzeka 	1	6
kamova 	1	6
saloon 	1	6
pavla rittera vitezovića 	3	6
kapelička 	1	6
trg ruđera 	2	6
dobrovoljno vatrogasno 	2	6
belobrka 	1	6
slatine 	1	6
krka 	1	6
jablanovec 	1	6
milana nemičića 	2	6
kašteljir-dvigrad 	1	6
lungo 	1	6
centar za socijalnu 	3	6
side košutić 	2	6
šmrika 	1	6
aleja prekomorskih brigada 	3	6
jazz 	1	6
resa 	1	6
paje 	1	6
romanija 	1	6
odmorište jadova 	2	6
trg senjskih 	2	6
duga resa 	2	6
ispostava 	1	6
bleiburških 	1	6
kamenim svatovima 	2	6
predraga 	1	6
zapruđe 	1	6
grljevačka 	1	6
ciglarska 	1	6
corner 	1	6
sensimar makarska 	2	6
vumelje 	1	6
konjsko 	1	6
hrgovići 	1	6
matije slatinskog 	2	6
bistrica 	1	6
brače 	1	6
dr. ive 	2	6
jedinstva 	1	6
krešimira ćosića 	2	6
lovran 	1	6
čička poljana 	2	6
biševska 	1	6
gradišćanskih hrvata 	2	6
svetog vida 	2	6
ulica marijana čavića 	3	6
princ 	1	6
sv. stjepana 	2	6
ulica radoslava 	2	6
st 	1	6
strižića 	1	6
ulica leopolda 	2	6
danila 	1	6
begovića 	1	6
osječka ulica 	2	6
šestinska cesta 	2	6
smart 	1	6
trg svetog marka 	3	6
kozari put ii 	3	6
molunat 	1	6
stipana 	1	6
marjanska 	1	6
rittera 	1	6
josipa voltića 	2	6
augusta gustava matoša 	3	6
ul. josipa 	2	6
franje ogulinca selje odvojak 	4	6
plus 	1	6
čička 	1	6
mandla 	1	6
mazuranica 	1	6
plavnice 	1	6
grahovara 	1	6
put svetog lovre 	3	6
uz jadransku 	2	6
antuna grahovara 	2	6
night club 	2	6
ulica ledine 	2	6
gale 	1	6
janka polića 	2	6
ulica domovinskog rata 	3	6
zelinska 	1	6
čaplja 	1	6
zagrebački 	1	6
poljana pape 	2	6
sveti servul 	2	6
ka 	1	6
kopilica 	1	6
vučetića 	1	6
trgovina 	1	6
svetog šimuna 	2	6
dravska poljana 	2	6
nikola tesla 	2	6
jovanovića 	1	6
karisma 	1	6
karamarića 	1	6
pirovačka 	1	6
klinika za 	2	6
grohovski put 	2	6
krista 	1	6
križevčanina 	1	6
mornar 	1	6
vinogorska 	1	6
sv. antona 	2	6
za socijalnu skrb 	3	6
baburice 	1	6
travno 	1	6
sv. andrija 	2	6
ulica antuna gustava matoša 	4	6
ulica akcije maslenica 	3	6
tržna 	1	6
anžići 	1	6
ježevac 	1	6
kiss 	1	6
andrilovečka 	1	6
rovinj 	1	6
jurjevska ulica 	2	6
proljetna 	1	6
sigetje 	1	6
akcije 	1	6
dječji vrtić varaždin 	3	6
josipa hatzea 	2	6
gavza 	1	6
jurjevska 	1	6
baruna filipovića 	2	6
ulica ede 	2	6
ferde filipovića 	2	6
ogulinca selje odvojak 	3	6
delnička 	1	6
put izvora 	2	6
sensimar makarska by karisma 	4	6
beli 	1	6
uz potok 	2	6
maka 	1	6
remetska 	1	6
selje odvojak 	2	6
gajnički 	1	6
meglenjak 	1	6
put kralja 	2	6
grofova 	1	6
okićem 	1	6
dobar 	1	6
put sv. roka 	3	6
grozni 	1	6
makarska by karisma 	3	6
korčulanska ulica 	2	6
tomato 	1	6
ulica side 	2	6
gradišćanskih 	1	6
x. 	1	6
brekin put 	2	6
krivača 	1	6
koledovčina 	1	6
kidriča 	1	6
trg braće 	2	6
grabešćak 	1	6
janka matka 	2	6
ante šercera 	2	6
trg senjskih uskoka 	3	6
vrata od 	2	6
svetog antuna padovanskog 	3	6
ps 	1	6
rittera vitezovića 	2	6
komolac 	1	6
šercera 	1	6
ginekološka ordinacija 	2	6
svetog ante 	2	6
kaleta 	1	6
ul. braće 	2	6
lučka 	1	6
crkveni 	1	6
klana 	1	6
pavla rittera 	2	6
šetalište marina tartaglie 	3	6
skradinska 	1	6
tratinčica 	1	6
brloška 	1	6
by karisma 	2	6
sv. jakova 	2	6
janka polića kamova 	3	6
bjelovarska ulica 	2	6
preradovićeva 	1	6
sabunike 	1	6
vatrogasno 	1	6
pleška 	1	6
kotromanić 	1	6
šubićeva 	1	6
ulica domovinske zahvalnosti 	3	6
od sniga 	2	6
nikole jurišića 	2	6
dobrovoljno 	1	6
brnino 	1	6
put iza nove bolnice 	4	6
trg ljudevita posavskog 	3	6
sensimar 	1	6
prilaz baruna filipovića 	3	6
vela luka 	2	6
sv.roka 	1	6
market 	1	6
don ive prodana 	3	6
župa sv. 	2	6
umag 	1	6
marka križevčanina 	2	6
brešca 	1	6
miševečka 	1	6
šetalište andrije 	2	6
jeličića 	1	6
soliter 	1	6
samostan sv. 	2	6
žminjska 	1	6
kaje 	1	6
putaljski 	1	6
cestu 	1	6
punte 	1	6
srednja strukovna škola 	3	6
garčin 	1	6
ćvor 	1	6
franića 	1	6
kurilovečka 	1	6
sustjepanska 	1	6
stubičke 	1	6
sud u zagrebu 	3	6
rocco 	1	6
osnovna skola 	2	6
borgo 	1	6
grozni grožnjan 	2	6
josipa eugena tomića 	3	6
martin pod okićem 	3	6
dječji vrtić grigora 	3	6
autoškola 	1	6
struge i 	2	6
skela 	1	6
admiral 	1	6
enduro grozni 	2	6
podsusedski 	1	6
vrtić petar pan 	3	6
nove bolnice 	2	6
trg svetog šimuna 	3	6
ivaniševića 	1	6
tratinska ulica 	2	6
šetalište josipa 	2	6
gradska knjižnica i čitaonica 	4	6
brodec 	1	6
aleja pomoraca 	2	6
planinarska staza 	2	6
kladare 	1	6
fortica 	1	6
vatrogasci 	1	6
miljenka 	1	6
mrežnička obala 	2	6
domobrana 	1	6
šepurine 	1	6
vukotinovića 	1	6
ratka petrovića 	2	6
markov 	1	6
gorenja 	1	6
slavićeva 	1	6
martin pod 	2	6
marija i 	2	6
mea 	1	6
glavinića 	1	6
roića 	1	6
crkva sv. ante 	3	6
jordanići 	1	6
socijalnu 	1	6
vrtić petar 	2	6
put iza nove 	3	6
trg ruđera boškovića 	3	6
eko 	1	6
marjanski 	1	6
podgorje 	1	6
franje hanamana 	2	6
vijenac augusta cesarca 	3	6
naselje jelas 	2	6
bratstvo 	1	6
rit 	1	6
tisak 	1	6
ulica ii 	2	6
dolje 	1	6
kestenova 	1	6
kučićki put 	2	6
knin 	1	6
dr 	1	6
vinički 	1	6
blatine 	1	6
smiljanićeva 	1	6
unska 	1	6
vukomerečka cesta 	2	6
donja poljana 	2	6
buzinski 	1	6
markovići 	1	6
socijalnu skrb 	2	6
dr. andrije 	2	6
brloška dubrava 	2	6
trogirska ulica 	2	6
konzula 	1	6
gradine 	1	6
srednja strukovna 	2	6
bundek 	1	6
ulica jurja dalmatinca 	3	6
špadići 	1	6
petefi 	1	6
štefanovečka cesta 	2	6
stari rezovac 	2	6
dječji vrtić petar pan 	4	6
lovrinačka 	1	6
paška ulica 	2	6
exchange 	1	6
ulica andrije hebranga 	3	6
bregana 	1	6
ulica dmitrija demetra 	3	6
brezovica 	1	6
dunajska 	1	6
maslačak 	1	6
ulica pavus 	2	6
most mladosti 	2	6
bihaćka 	1	6
kučar 	1	6
nemičića 	1	6
šetalište marina 	2	6
šantića 	1	6
block 	1	6
babilon 	1	6
ulica side košutić 	3	6
trg grada heidenheima 	3	6
vinka belobrka 	2	6
sanitary block 	2	6
lumbarajska 	1	6
palača 	1	6
ulica akcije 	2	6
sv. barbare 	2	6
slakovci 	1	6
europe 	1	6
sky 	1	6
put kruška 	2	6
bože peričića 	2	6
hinka 	1	6
i jakova 	2	6
perla 	1	6
sveučilišna knjižnica 	2	6
šare 	1	6
sorte 	1	6
cesta nad leskom 	3	6
prve 	1	6
sokolska 	1	6
dječja 	1	6
mirnovečka 	1	6
ekonomski fakultet 	2	6
brekin 	1	6
osobe 	1	6
servul 	1	6
ulica pavla radića 	3	6
mileve 	1	6
gunja 	1	6
ulica grada gospića 	3	6
koliba 	1	6
ćosića 	1	6
u zadru 	2	6
sv. martin pod 	3	6
lepoglava 	1	6
veleučilište u 	2	6
gusara 	1	6
donje selo 	2	6
krešimir 	1	6
britanski trg 	2	6
đalskog 	1	6
bosanka 	1	6
topusko 	1	6
bizek ii 	2	6
zdeslava 	1	6
putaljski put 	2	6
kosnica 	1	6
slavka krautzeka 	2	6
dječji vrtić zvončić 	3	6
babina 	1	6
makina 	1	6
lungo mare 	2	6
blagoja berse 	2	6
ive prodana 	2	6
tratice 	1	6
xx 	1	6
tadina 	1	6
male sredice 	2	6
pavlina 	1	6
maka dizdara 	2	6
korana 	1	6
nikole šopa 	2	6
gustav 	1	6
borisa kidriča 	2	6
fabijančića 	1	6
žuti breg 	2	6
ogulinska 	1	6
gorenja vas 	2	6
ulica milana langa 	3	6
ulica vatroslava jagića 	3	6
biograd na moru 	3	6
osnovna škola josipa 	3	6
ferata 	1	6
karisma resort 	2	6
put vele 	2	6
crkva sv. križa 	3	6
crkva uzvišenja 	2	6
ulica ivana perkovca 	3	6
pančića 	1	6
vrh visoke 	2	6
dječji vrtić grigora viteza 	4	6
čevapovića 	1	6
veljka 	1	6
kroz smrdečac 	2	6
disco 	1	6
lijeva 	1	6
pohođenja 	1	6
prva ulica 	2	6
bjelovarska cesta 	2	6
trsje 	1	6
sv. martin pod okićem 	4	6
dragutina mandla 	2	6
udbinja 	1	6
aleja prekomorskih 	2	6
čavalsko 	1	6
mr. 	1	6
nedešćina 	1	6
vrulje 	1	6
prekomorskih 	1	6
karažnik 	1	6
della 	1	6
budrovac lukački 	2	6
brace 	1	6
ferde hefelea 	2	6
ivana nepomuka 	2	6
žalosti 	1	6
ulica domovinske 	2	6
polića 	1	6
jagoda 	1	6
slavonska ulica 	2	6
side 	1	6
bijenička cesta 	2	6
mea culpa 	2	6
crkva sv. marije 	3	6
narodnjaka 	1	6
botićev 	1	6
mimoza 	1	6
kmanski prilaz 	2	6
mokrička 	1	6
nikolića 	1	6
belišće 	1	6
mire 	1	6
branka radičevića 	2	6
makarska by karisma resort 	4	6
gradska knjižnica i 	3	6
grohovski 	1	6
šetalište andrije kačića miošića 	4	6
ulica biskupa 	2	6
klarića 	1	6
huge 	1	6
caffè 	1	6
dom zdravlja zagreb 	3	6
batomalj 	1	6
hrvatskih iseljenika 	2	6
župna crkva svetog 	3	6
shop 	1	6
crkva sv. vida 	3	6
karlo 	1	6
dobri dol 	2	6
filakovca 	1	6
spasa 	1	6
zadru 	1	6
rada 	1	6
jelenje 	1	6
sv. kuzme 	2	6
tupekova 	1	6
basaričekova 	1	6
sniga 	1	6
sanitary 	1	6
dolec 	1	6
nuića 	1	6
croatia banka 	2	6
fran 	1	6
steiermärkische bank 	2	6
kmanski 	1	6
oboj odvojak 	2	6
vrtić grigora 	2	6
granični prijelaz 	2	6
sikirica 	1	6
novo brdo 	2	6
ulica josipa pupačića 	3	6
kučićki 	1	6
gušti 	1	6
crikvenička 	1	6
hatzea 	1	6
pilepića 	1	6
potočka 	1	6
anđela nuića 	2	6
grada heidenheima 	2	6
medicinski fakultet 	2	6
banski vinogradi 	2	6
dubravkin 	1	6
vukovića 	1	6
town 	1	6
milna 	1	6
bele 	1	6
ekonomski 	1	6
prekršajni sud u 	3	6
dominik 	1	6
naselje kralja zvonimira 	3	6
jadransku cestu 	2	6
culpa 	1	6
brežac 	1	6
golika 	1	6
dr. milana 	2	6
prišlinova 	1	6
stara gavza 	2	6
petrovac 	1	6
akcije maslenica 	2	6
ulica predraga 	2	6
ulica ruđera 	2	6
visoke 	1	6
južna ulica 	2	6
marijana čavića 	2	6
krstitelj 	1	6
budrovac 	1	6
medicinski 	1	6
zubar 	1	6
rukavac 	1	6
iza nove bolnice 	3	6
sukoišanska 	1	6
enduro grozni grožnjan 	3	6
čakovečka ulica 	2	6
ulica dmitrija 	2	6
tibljaška 	1	6
prvić 	1	6
ulica domovinskog 	2	6
leskom 	1	6
jahorinska 	1	6
centar za socijalnu skrb 	4	6
molatska 	1	6
put vrila 	2	6
dječji vrtić petar 	3	6
radovana vidovića 	2	6
crkva svetog petra 	3	6
gospa od zdravlja 	3	6
biser 	1	6
obrove 	1	6
šopa 	1	6
lucija 	1	6
bijenička 	1	6
west 	1	6
tonžino 	1	6
horvata kiša 	2	6
milan 	1	6
ulica eugena kvaternika 	3	6
sa 	1	6
olge 	1	6
ulica jana 	2	6
doroteje 	1	6
nad leskom 	2	6
smrdečac 	1	6
makarska by 	2	6
biškupije 	1	6
jovanovića zmaja 	2	6
ružića 	1	6
sv. ivan krstitelj 	3	6
drava 	1	6
hanamana 	1	6
bleiburških žrtava 	2	6
našice 	1	6
martinci 	1	6
ulica ruđera boškovića 	3	6
trg vladimira gortana 	3	6
ivan krstitelj 	2	6
ratimira 	1	6
župni ured 	2	6
zdravlja zagreb 	2	6
granični 	1	6
ivana šimunovića 	2	6
blagoja 	1	6
mladih 	1	6
ulica dragutina mandla 	3	6
podgorska ulica 	2	6
ulica na moru 	3	6
rubin 	1	6
industrijska ulica 	2	6
dugi rat 	2	6
dubravka 	1	6
lungomare 	1	6
turnovac 	1	6
heidenheima 	1	6
vranska 	1	6
sv.nikole 	1	6
jadransku 	1	6
šetalište vladimira nazora 	3	6
prilaz vala 	2	6
kupreška 	1	6
teškovec 	1	6
tenja 	1	6
ulica aleksandra 	2	6
crkva svetog antuna padovanskog 	4	6
trg grada 	2	6
sensimar makarska by 	3	6
carićeva 	1	6
miline 	1	6
tibljaška cesta 	2	6
krčma 	1	6
sv. josipa radnika 	3	6
antuna cvetkovića 	2	6
pavus 	1	6
solina 	1	6
majmajola 	1	6
obala dr. franje 	3	6
vukomerečka 	1	6
mane 	1	6
leonardo 	1	6
britanski 	1	6
prilaz baruna 	2	6
verona 	1	6
stjepana držislava 	2	6
josipa broza tita 	3	6
holiday 	1	6
sajmišna cesta 	2	6
ordinacija dr. 	2	6
trg andrije 	2	6
mirni 	1	6
svatovima 	1	6
trattoria 	1	6
trondheimska 	1	6
august 	1	6
mileve sušanj 	2	6
polića kamova 	2	6
radičevića 	1	6
iza nove 	2	6
grof 	1	6
pod okićem 	2	6
ljekarna zagreb 	2	6
castel 	1	6
zore 	1	6
jelenska 	1	6
laura 	1	6
mala kavana 	2	6
županije 	1	6
cesta nad 	2	6
leggiero 	1	6
obala vladimira nazora 	3	6
olge ban 	2	6
križovec 	1	6
vijenac augusta 	2	6
požeška 	1	6
markuševečka trnava 	2	6
vrtić zvončić 	2	6
muzej 	1	6
ivanečka ulica 	2	6
hall 	1	6
svete trojice 	2	6
tri ruže 	2	6
uz jadransku cestu 	3	6
trg bana jelačića 	3	6
tomašića 	1	6
put kamenim svatovima 	3	6
sensimar makarska by karisma resort 	5	6
ulica antuna gustava 	3	6
kruška 	1	6
drage ivaniševića 	2	6
barilićeva 	1	6
starogradska ulica 	2	6
zatvor 	1	6
new 	1	6
box 	1	6
hr 	1	6
domca 	1	6
botićev trg 	2	6
prekomorskih brigada 	2	6
mane jarnovića 	2	6
tripolski 	1	6
trnava iv 	2	6
s 	1	6
put kralja tomislava 	3	6
prodana 	1	6
vijeća 	1	6
jazbina 	1	6
draškovec 	1	6
ulica svetog nikole tavelića 	4	6
by karisma resort 	3	6
gospinica 	1	6
zoranićeva 	1	6
gortanova ulica 	2	6
škola ante 	2	6
obala vladimira 	2	6
ginekološka 	1	6
slatinskog 	1	6
star 	1	6
sv. jakov 	2	6
ante starćevića 	2	6
trg palih boraca 	3	6
hrvatske državnosti 	2	6
državnosti 	1	6
ulica kralja petra 	3	6
grožnjanska 	1	6
music 	1	6
borongaj aerodrom 	2	6
čavića 	1	6
gajnički vidikovac 	2	6
lubanjski uspon 	2	6
kalnička ulica 	2	6
svačićeva 	1	6
kum 	1	6
josipa eugena 	2	6
jarak 	1	6
kamenim 	1	6
jakšića 	1	6
šetalište kneza 	2	6
nikole karamarića 	2	6
geistlicha 	1	6
captain 	1	6
starogradska 	1	6
red 	1	6
vladimira filakovca 	2	6
mosećka 	1	6
put kamenim 	2	6
doo 	1	6
emila geistlicha 	2	6
anton 	1	6
lubanjski 	1	6
nikole zrinskog 	2	6
giuseppe 	1	6
za socijalnu 	2	6
prilesje odvojak 	2	6
ulica brune 	2	6
prolog 	1	6
košutić 	1	6
augusta gustava 	2	6
banda 	1	6
jarnovića 	1	6
trg petra zrinskog 	3	6
bakića 	1	6
ribnjaka 	1	6
potočnica 	1	6
hefelea 	1	6
vrtić grigora viteza 	3	6
bolnica za 	2	6
tome strižića 	2	6
dračevice 	1	6
vrt 	1	6
lošinjskih 	1	5
bambi 	1	5
slemenska cesta 	2	5
sestre 	1	5
bakotićeva 	1	5
lovinac 	1	5
borova 	1	5
poglavičkih 	1	5
mihaela 	1	5
petrekovića 	1	5
omladinsko 	1	5
jadranić 	1	5
platana 	1	5
ulica narodnog 	2	5
šetalište maršala 	2	5
mladine 	1	5
diana 	1	5
gradske 	1	5
dragutina tadijanovića 	2	5
rude 	1	5
bukovina 	1	5
uliza 	1	5
smokvina 	1	5
zorića 	1	5
vlačića flaciusa 	2	5
odakova ulica 	2	5
vojnić 	1	5
vijenac hrvatske 	2	5
prgomet 	1	5
ivana rendića 	2	5
stankovačka 	1	5
folnegovića 	1	5
mesekov put 	2	5
vertigo 	1	5
banovec 	1	5
butorovića 	1	5
hambi 	1	5
zeleni otok 	2	5
ulica frana krste frankopana 	4	5
ulica julija 	2	5
vrtić šumska jagoda 	3	5
karlovo 	1	5
braće hlača 	2	5
pentekostna 	1	5
poglavičkih žrtava 	2	5
filipa i jakova 	3	5
dječji vrtić šumska 	3	5
stankovačka ulica 	2	5
novoselska 	1	5
marijanski 	1	5
obala stjepana radića 	3	5
zalogajnica 	1	5
bratstvo i 	2	5
čeminac 	1	5
ulica damira tomljanovića 	3	5
pojišanska 	1	5
sunčani 	1	5
krešana 	1	5
grabar 	1	5
butorac 	1	5
vrboran 	1	5
presvetog srca 	2	5
froudea 	1	5
marcela kiepacha 	2	5
village 	1	5
božić 	1	5
ravna gora 	2	5
prigorska ulica 	2	5
za starije i nemoćne osobe 	5	5
unp 	1	5
ćićarijska 	1	5
školski put 	2	5
vijenac hrvatske republike 	3	5
grana 	1	5
put škole 	2	5
morski 	1	5
tramontana 	1	5
vaše 	1	5
klementa 	1	5
liburnska 	1	5
iz kastva 	2	5
vlaha bukovca 	2	5
ulica svete doroteje 	3	5
mirila 	1	5
jaskanski planinarski 	2	5
drenje 	1	5
vrhovčev 	1	5
kralja stjepana držislava 	3	5
jaglaca 	1	5
zagradina 	1	5
put zaratića 	2	5
djurkov put 	2	5
josipa zorića 	2	5
kastavska cesta 	2	5
trpinjska 	1	5
remetinec 	1	5
žrtava rata 	2	5
raosa 	1	5
fra luje 	2	5
šimunića 	1	5
bedekovčina 	1	5
prestige 	1	5
ulica dr. ante starčevića 	4	5
jana masaryka 	2	5
bolero 	1	5
ulica dragojla kušlana 	3	5
hitna pomoć 	2	5
vijeća europe 	2	5
šepera 	1	5
franje markovića 	2	5
oscar 	1	5
rim 	1	5
ulica vlatka 	2	5
stjepana radica 	2	5
premanturska 	1	5
jengića 	1	5
zlodijeva 	1	5
viriusa 	1	5
pansion 	1	5
tourist 	1	5
kapistrana 	1	5
vanke 	1	5
antunovac 	1	5
kiepacha 	1	5
stjepana tomaševića 	2	5
lalin 	1	5
vrhovčev vijenac 	2	5
ulica vlahe 	2	5
sveučilišni 	1	5
kacana 	1	5
šetalište jurija 	2	5
peroj 	1	5
marina držića odvojak 	3	5
vrba 	1	5
l. 	1	5
zelena laguna 	2	5
gavrana 	1	5
tijardovićeva 	1	5
humboldta 	1	5
ulica đure 	2	5
desni odvojak 	2	5
bunarska 	1	5
damira tomljanovića gavrana 	3	5
vodnjanska 	1	5
milice jadranić 	2	5
trg sv. josipa 	3	5
libero 	1	5
internacionalnih 	1	5
miroševečka cesta 	2	5
kulturni 	1	5
ivana danila 	2	5
kocka 	1	5
damira tomljanovića 	2	5
višnjan 	1	5
obala stjepana 	2	5
brolo 	1	5
sv. spasa 	2	5
dr. milana rojca 	3	5
fakultetsko 	1	5
mrnjaki 	1	5
bartoka 	1	5
zlatana sremca 	2	5
kninski 	1	5
gornje obuljeno 	2	5
adventistička crkva 	2	5
sajmišna ulica 	2	5
ulica gordana 	2	5
pentekostna crkva 	2	5
vilka novaka 	2	5
bratonje 	1	5
preobraženja 	1	5
radauša 	1	5
katastar 	1	5
bačića 	1	5
duilova 	1	5
srima vii 	2	5
boskova 	1	5
psihijatrijska bolnica 	2	5
pohođenja blažene djevice marije 	4	5
jarunska obala 	2	5
mihovići 	1	5
crkva svete ane 	3	5
šćitarjevska 	1	5
put poglavičkih 	2	5
puovića ii 	2	5
poljačka 	1	5
brune francetića 	2	5
biljska cesta 	2	5
ulica vladimira gortana 	3	5
ernesta miloša 	2	5
filip 	1	5
albatros 	1	5
naselje tina ujevića 	3	5
turk 	1	5
murtića 	1	5
junkovićev put 	2	5
jaskanski 	1	5
adventistička 	1	5
perana 	1	5
i jakov 	2	5
kocunarski 	1	5
fuzine 	1	5
svibnja odvojak 	2	5
put bože felkera 	3	5
uprave 	1	5
en in 	2	5
bende 	1	5
crveni križ 	2	5
mel 	1	5
prigornica 	1	5
code 	1	5
felkera 	1	5
svetošimunska 	1	5
hypo alpe-adria bank 	3	5
snježne 	1	5
fra jerolima milete 	3	5
napoli 	1	5
teute 	1	5
opatička 	1	5
petra jurčića 	2	5
hlača 	1	5
vugrinšćak 	1	5
vinceta iz 	2	5
ulica popa 	2	5
franje horvata 	2	5
ulica ivana cankara 	3	5
grofova erdodyja 	2	5
sokolska ulica 	2	5
surf 	1	5
nadvina 	1	5
bara 	1	5
put stinic 	2	5
jablanička 	1	5
mesekov 	1	5
sitnice 	1	5
selčinska 	1	5
letnička 	1	5
trnjanske ledine 	2	5
od pila 	2	5
ii. odvojak 	2	5
barbo 	1	5
ulica mane jarnovića 	3	5
ulica matice 	2	5
rezovački 	1	5
ulica fra ive 	3	5
drazice 	1	5
ina donji 	2	5
city ex 	2	5
petrinjska ulica 	2	5
antuna vrančića 	2	5
dragi 	1	5
ulica gordana lederera 	3	5
istarska kreditna 	2	5
klanci 	1	5
bačvice 	1	5
mamma mia 	2	5
proveni put 	2	5
stjepana ivičevića 	2	5
ulica svete ane 	3	5
hrvatskih kraljeva 	2	5
petefi šandora 	2	5
ulica jurja haulika 	3	5
sv. marko 	2	5
cream 	1	5
hrvatsko narodno 	2	5
prilaz sv. 	2	5
dvorska ulica 	2	5
internacionalnih brigada 	2	5
rezovački put 	2	5
lovački dom 	2	5
murska ulica 	2	5
veziljevi 	1	5
oko 	1	5
sv.jure 	1	5
al 	1	5
osnovna škola ante 	3	5
trg antuna cvetkovića 	3	5
vela draga 	2	5
francetića 	1	5
ariša 	1	5
humski 	1	5
petra studenca 	2	5
josipovićeva 	1	5
ulica poginulih 	2	5
vranjički 	1	5
križišće 	1	5
ponte 	1	5
ix. 	1	5
kozala 	1	5
ulica maršala 	2	5
ulica jana masaryka 	3	5
put gradine 	2	5
cabunska 	1	5
ulica tina ujevića 	3	5
jove 	1	5
prigradica 	1	5
victoria 	1	5
stenjevec 	1	5
prolaz carla bende 	3	5
ratkajev 	1	5
ivandvor 	1	5
bonus 	1	5
ulica andrije kačića 	3	5
pino budicin 	2	5
antuna relkovića 	2	5
odsjek 	1	5
iza palaca 	2	5
alexandera von humboldta 	3	5
camping 	1	5
ljudevita jonkea 	2	5
dobrovoljno vatrogasno društvo 	3	5
ulica ignjata đorđića 	3	5
suha 	1	5
gaženička cesta 	2	5
specijalna bolnica 	2	5
ulica fra jerolima 	3	5
ulica fra andrije kačića miošića 	5	5
lopašića 	1	5
đorđića 	1	5
hrvatske nezavisnosti 	2	5
samoborski 	1	5
huttlera 	1	5
alexandera von 	2	5
orljavska 	1	5
zaratića 	1	5
ede murtića 	2	5
mali potok 	2	5
mol 	1	5
crkva gospe od zdravlja 	4	5
lukovica 	1	5
antuna bauera 	2	5
ivičevića 	1	5
vitezićeva 	1	5
milete 	1	5
trg male gospe 	3	5
vide 	1	5
ćiril-metodova 	1	5
jasenova 	1	5
mirna ulica 	2	5
obuljeno 	1	5
lumbinov most 	2	5
liješće 	1	5
sandwich 	1	5
divinića 	1	5
špira puovića ii 	3	5
ulica ratimira 	2	5
po 	1	5
ulica ivana meštrovića 	3	5
von humboldta 	2	5
jerolima milete 	2	5
zdravljak 	1	5
gordana lederera 	2	5
kolombarica 	1	5
raška 	1	5
vatrogasna postaja 	2	5
put pazdigrada 	2	5
jurja divinića 	2	5
pokupska 	1	5
nehruov 	1	5
obala petra 	2	5
ulica mladena 	2	5
sax 	1	5
sedam žalosti 	2	5
naselje kardinala franje kuharića 	4	5
gualda 	1	5
slovenska 	1	5
gualda tadina 	2	5
ulica franje račkog 	3	5
varoška 	1	5
arkanđela 	1	5
sustjepanski 	1	5
piccadilly 	1	5
ročića 	1	5
bale 	1	5
fresh 	1	5
svete doroteje 	2	5
ivana raosa 	2	5
soši 	1	5
ulica fra andrije kačića 	4	5
ulica andrije kačića miošića 	4	5
zlatana 	1	5
ulica damira tomljanovića gavrana 	4	5
kurekov breg 	2	5
park pobjede 	2	5
ante mike tripala 	3	5
ružina 	1	5
tekijska 	1	5
kolnik 	1	5
proveni 	1	5
dankovečka ulica 	2	5
kostrena 	1	5
mali princ 	2	5
mrkše 	1	5
klin 	1	5
giovanni 	1	5
societe 	1	5
margarete 	1	5
mihovila kombola 	2	5
mije haleuša 	2	5
jadranka 	1	5
vicka butorovića 	2	5
ratimira hercega 	2	5
cvetkov trg 	2	5
medicinska škola 	2	5
turića 	1	5
koralj 	1	5
vučkovići 	1	5
pehlin 	1	5
ignjata đorđića 	2	5
banova 	1	5
ulica fra grge 	3	5
langov 	1	5
velog jose 	2	5
kapelička ulica 	2	5
vatrogasno društvo 	2	5
primapharme 	1	5
josipovac 	1	5
kutnjački put 	2	5
stari mlin 	2	5
vjekoslava majera 	2	5
dječji vrtić špansko 	3	5
frana kurelca 	2	5
capraška 	1	5
becića 	1	5
bruna valentija 	2	5
stošije 	1	5
kestenova ulica 	2	5
zelengajska 	1	5
frana kršinića 	2	5
solin 	1	5
a. gašparini 	2	5
marin 	1	5
gricko 	1	5
bijenik 	1	5
šćitarjevo 	1	5
budicin 	1	5
starigradska ulica 	2	5
ulica sveti 	2	5
miroševečka 	1	5
kraljeva velika 	2	5
tomljanovića gavrana 	2	5
savski odvojak 	2	5
ivanovićeva 	1	5
matića 	1	5
mala banda 	2	5
turopoljsko-posavskog odreda 	2	5
mirka viriusa 	2	5
milana rojca 	2	5
bdm 	1	5
kordunska 	1	5
istočna 	1	5
krste odaka 	2	5
pečenjarnica 	1	5
zvonimira dražića 	2	5
franje jukića 	2	5
marijanski hodočasnički put 	3	5
kaštelska 	1	5
komin 	1	5
mačak 	1	5
željezničar 	1	5
na sutli 	2	5
prilaz sv. josipa 	3	5
fakultetsko dobro 	2	5
viii. mediteranskih 	2	5
za gosparevo 	2	5
berse prilaz 	2	5
lopatinečka 	1	5
brijunska 	1	5
ohridska 	1	5
apartman 	1	5
kurelca 	1	5
ratna cesta 	2	5
ulica nike 	2	5
stubište 	1	5
ulica davorina trstenjaka 	3	5
humska 	1	5
sportska dvorana 	2	5
trstenička 	1	5
trg josipa jurja 	3	5
hodočasnički put 	2	5
bazana 	1	5
istarska kreditna banka 	3	5
put pod 	2	5
price 	1	5
don boskova 	2	5
medarska 	1	5
skalice 	1	5
podrum 	1	5
tiha 	1	5
pazdigrada 	1	5
odaka 	1	5
zlodijeva ulica 	2	5
bunar 	1	5
grgića 	1	5
petračića 	1	5
gašparini 	1	5
ulica fra jerolima milete 	4	5
meterize 	1	5
križanci 	1	5
mariborska 	1	5
gaženička 	1	5
alexandera 	1	5
resnički gaj ii 	3	5
franje horvata kiša 	3	5
ulica nova cesta 	3	5
ulica ratimira hercega 	3	5
šetalište vijeća 	2	5
koreničani 	1	5
viševica 	1	5
bratstva jedinstva 	2	5
jazine 	1	5
dječji vrtić vrapče 	3	5
bajer 	1	5
prof. 	1	5
kršinića 	1	5
novi petruševec 	2	5
group 	1	5
pohođenja blažene djevice 	3	5
radica 	1	5
krežme 	1	5
sutli 	1	5
runjacica 	1	5
resnik ii 	2	5
haleuša 	1	5
buie 	1	5
lipovljani 	1	5
praonica 	1	5
prvi 	1	5
prelčeva 	1	5
lopatinečka ulica 	2	5
crkva svete marije 	3	5
ulica vida ročića 	3	5
filip i 	2	5
treća 	1	5
fra jerolima 	2	5
ivana kapistrana 	2	5
nada 	1	5
ulica grada gualda 	3	5
primorska ceste 	2	5
hrv. 	1	5
krajiška 	1	5
lipanjska 	1	5
županići 	1	5
antuna vugrina 	2	5
kiwi 	1	5
ulica maršala tita 	3	5
stjepana konzula 	2	5
diving center 	2	5
skopska 	1	5
ulica krešimira 	2	5
slemenska 	1	5
alojzije stepinca 	2	5
pension 	1	5
gračani 	1	5
uzvišenja svetog 	2	5
reihl-kira 	1	5
franje glavinića 	2	5
šetalište sv. petra 	3	5
kušlana 	1	5
roje 	1	5
frana folnegovića 	2	5
sjenjak 	1	5
tonija 	1	5
ivana viteza 	2	5
ulica matije divkovića 	3	5
ulica grgura 	2	5
vukasova ulica 	2	5
pustodol 	1	5
siloboda bolšića 	2	5
poslovna 	1	5
lumbinov 	1	5
foškići 	1	5
ulica matice hrvatske 	3	5
županija 	1	5
grge franje puđaka 	3	5
dr. franje tudjmana 	3	5
route 	1	5
bek 	1	5
medulića 	1	5
trg joakima rakovca 	3	5
crkva pohođenja 	2	5
kažotića 	1	5
medicina rada 	2	5
ratna 	1	5
grge franje 	2	5
županjska 	1	5
rosandića 	1	5
lomnička 	1	5
andrije medulića 	2	5
tomaša 	1	5
paljetka 	1	5
belostenca 	1	5
škola antuna 	2	5
prilaz kikova 	2	5
kantun 	1	5
psihijatrijska 	1	5
dragojla kušlana 	2	5
paklenica 	1	5
trg hrvatskog proljeća 	3	5
devčića 	1	5
bumbar 	1	5
nezavisnosti 	1	5
za rehabilitaciju 	2	5
trogiranina 	1	5
alpe-adria bank 	2	5
dugopolje 	1	5
xxv 	1	5
carpe 	1	5
pila 	1	5
pazinske 	1	5
kninski trg 	2	5
ktc 	1	5
tadijanovića 	1	5
grmoščica desna 	2	5
zdenka 	1	5
rakarska 	1	5
naselje kardinala 	2	5
tome rosandića 	2	5
dado 	1	5
ulica kralja stjepana 	3	5
vukasova 	1	5
ulica leopolda sorte 	3	5
ulica vinceta 	2	5
antona mihića 	2	5
ulica gojka šuška 	3	5
vuka karadžića 	2	5
srida 	1	5
šetalište pazinske gimnazije 	3	5
willama 	1	5
voćarska cesta 	2	5
rtić i 	2	5
ul. ante 	2	5
kocunarski prilaz 	2	5
od anđela 	2	5
darda 	1	5
biljska 	1	5
ulica lu-pa 	2	5
đački 	1	5
podgrađe 	1	5
mystic 	1	5
societe generale 	2	5
rogovske opatije 	2	5
franje krežme 	2	5
santa maria 	2	5
hrastovac 	1	5
mirakul 	1	5
anice bošković 	2	5
trg kralja petra krešimira iv. 	5	5
grada gualda tadina 	3	5
maksimilijana vanke 	2	5
uzvišenja svetog križa 	3	5
sv. fabijana 	2	5
sućidar 	1	5
ulica fra ive perana 	4	5
ulica mane 	2	5
kumrovečka cesta 	2	5
ulica gojka 	2	5
ure 	1	5
vrtna ulica 	2	5
radost 	1	5
osnovna škola vladimir 	3	5
vrtić vrapče 	2	5
marekovićeva 	1	5
ulica vinceta iz kastva 	4	5
bolšića 	1	5
miroslava mrkše 	2	5
vijećnica 	1	5
ulica vlade 	2	5
policijska uprava 	2	5
mozart 	1	5
tituša brezovačkog 	2	5
kvarner 	1	5
cvijića 	1	5
willama froudea 	2	5
zvonimir 	1	5
josipa huttlera 	2	5
mrkšina 	1	5
kukuljevićeva 	1	5
sova 	1	5
put poglavičkih žrtava 	3	5
ulica drage gervaisa 	3	5
vivode 	1	5
bilaje 	1	5
royal 	1	5
priko 	1	5
put sv. lovre 	3	5
hzzo 	1	5
zdravlje 	1	5
ulica dr. ante 	3	5
viii. mediteranskih igara 	3	5
mediteranskih 	1	5
manestri 	1	5
put solina 	2	5
vrtić šumska 	2	5
doktora ante starčevića 	3	5
ulica doktora ante 	3	5
gospin put 	2	5
kikova 	1	5
gagarina 	1	5
cvetkov 	1	5
ulica doktora ante starčevića 	4	5
vita 	1	5
kastva 	1	5
martinšćica 	1	5
viktora vide 	2	5
ratarska ulica 	2	5
hum na sutli 	3	5
slavoljuba 	1	5
centar banka 	2	5
grabovca 	1	5
matije antuna relkovića 	3	5
kunca 	1	5
specijalna bolnica za 	3	5
enigma 	1	5
ulica ernesta 	2	5
bijačka 	1	5
panda 	1	5
bernardina frankopana 	2	5
turopolje 	1	5
domoljuba 	1	5
ulica dragojla 	2	5
rezine 	1	5
guvno 	1	5
bosanska ulica 	2	5
matije vlačića flaciusa 	3	5
trnava cabunska 	2	5
vjekoslava babukića 	2	5
san rocco 	2	5
istarskih narodnjaka 	2	5
goričan 	1	5
tvornica 	1	5
tituša 	1	5
težaka 	1	5
umirovljenika 	1	5
dankovečka 	1	5
trstenika 	1	5
jonkea 	1	5
hrvace 	1	5
trg male 	2	5
mrkopaljska ulica 	2	5
viva 	1	5
odakova 	1	5
bože felkera 	2	5
ive perana 	2	5
balokovićeva 	1	5
livade 	1	5
djurkov 	1	5
hum na 	2	5
pohođenja blažene 	2	5
lazina 	1	5
opg 	1	5
batale 	1	5
post 	1	5
karela 	1	5
blagoja berse prilaz 	3	5
zdravstveno 	1	5
fabijančića jape 	2	5
paška baburice 	2	5
diem 	1	5
širokobriješka 	1	5
od gale 	2	5
piccolo 	1	5
sš 	1	5
ulica willama 	2	5
rojca 	1	5
rogovske 	1	5
klaićeva 	1	5
vinko bek 	2	5
gradske ljekarne 	2	5
put duilova 	2	5
šetalište maršala tita 	3	5
remetska cesta 	2	5
ulica doktora franje tuđmana 	4	5
riječka ulica 	2	5
mihajla siloboda 	2	5
antonia 	1	5
igara 	1	5
kerestinečkih 	1	5
ozalj 	1	5
anke butorac 	2	5
marijanski hodočasnički 	2	5
novo čiče 	2	5
senjanina 	1	5
rakovica 	1	5
šumska jagoda 	2	5
jeronim 	1	5
ulica tina 	2	5
hrvatsko narodno kazalište 	3	5
risnjačka 	1	5
rizzijeva 	1	5
prilaz sv. josipa radnika 	4	5
trg joakima 	2	5
jove jovanovića zmaja 	3	5
žirjanska 	1	5
hrvatskih pavlina 	2	5
vrtić špansko 	2	5
naselje kardinala franje 	3	5
mihe 	1	5
male kolombarica 	2	5
dragice 	1	5
antifašizma 	1	5
lukšići 	1	5
cerska 	1	5
bonifačića 	1	5
moela 	1	5
šetalište kneza branimira 	3	5
posedarski 	1	5
fra ive perana 	3	5
siloboda 	1	5
ive senjanina 	2	5
jure petrekovića 	2	5
kebap 	1	5
damjana 	1	5
od sedam 	2	5
bužana 	1	5
i lina 	2	5
palaca 	1	5
ulica manestri 	2	5
rtić iii 	2	5
himper 	1	5
kerestinečkih žrtava 	2	5
otona kučere 	2	5
kasandrića 	1	5
čulig 	1	5
nemoćne osobe 	2	5
ciglenica 	1	5
it 	1	5
ivana belostenca 	2	5
vrata od pila 	3	5
stinic 	1	5
rosa 	1	5
babukića 	1	5
markov put 	2	5
marojice 	1	5
bodulska 	1	5
groblja 	1	5
lederera 	1	5
jelengradska 	1	5
filipa grabovca 	2	5
gaj ii 	2	5
ulica grada gualda tadina 	4	5
slatinska ulica 	2	5
billa 	1	5
sv. stipan 	2	5
javora 	1	5
lu-pa 	1	5
desni 	1	5
mediteranskih igara 	2	5
vanje 	1	5
leonarda 	1	5
divkovića 	1	5
chapel 	1	5
mihića 	1	5
stjepana fabijančića jape 	3	5
hypo alpe-adria 	2	5
poljana zvonimira dražića 	3	5
mrkopaljska 	1	5
ulica uz 	2	5
ulica grge 	2	5
vinička 	1	5
ulica bogoslava 	2	5
vidilica 	1	5
school 	1	5
bulićeva 	1	5
masješi 	1	5
ante mike 	2	5
miličića 	1	5
šetalište pazinske 	2	5
medeni 	1	5
majdakova 	1	5
b. 	1	5
svetog petra i 	3	5
ružmarin 	1	5
gajeta 	1	5
braće bukovina 	2	5
naklice 	1	5
kuzmanića 	1	5
majera 	1	5
ulica sveti križ 	3	5
gospe od anđela 	3	5
mihajla siloboda bolšića 	3	5
krsonjin 	1	5
omladinsko šetalište 	2	5
ulica doktora franje 	3	5
bauera 	1	5
anice 	1	5
put punte 	2	5
mikuševa 	1	5
šetalište sv. 	2	5
stančića 	1	5
toti 	1	5
rudolfa horvata 	2	5
sasi 	1	5
starije i nemoćne osobe 	4	5
kučere 	1	5
bečić 	1	5
valentija 	1	5
od sedam žalosti 	3	5
dr.franje 	1	5
retfala nova 	2	5
braće cetina 	2	5
rudera 	1	5
podsusedski trg 	2	5
lubenice 	1	5
kolodvorski 	1	5
noćni 	1	5
isusovo 	1	5
ulica ernesta miloša 	3	5
karadžića 	1	5
vijenac josipa kozarca 	3	5
josipa bedekovića 	2	5
baluni 	1	5
diračje 	1	5
ulica vilima korajca 	3	5
braće čulig 	2	5
jape 	1	5
stancija barbo 	2	5
kvart 	1	5
hodočasnički 	1	5
belišćanska 	1	5
desna 	1	5
dr. andrije štampara 	3	5
svetog leonarda 	2	5
javni 	1	5
ulica vinceta iz 	3	5
martinuzzi 	1	5
jelašićka 	1	5
naselje tina 	2	5
negrija 	1	5
pile i 	2	5
junkovićev 	1	5
turopoljsko-posavskog 	1	5
filozofski 	1	5
strossmayer 	1	5
i nemoćne osobe 	3	5
carla bende 	2	5
turistička ulica 	2	5
sutivan 	1	5
bilo lokvica 	2	5
crkva svetog josipa 	3	5
višnjevac 	1	5
ii. ferenščica 	2	5
specijalna 	1	5
svetište 	1	5
sv. kuzam 	2	5
šetalište jurija gagarina 	3	5
lovranska 	1	5
šestinski kraljevec 	2	5
anina ulica 	2	5
ulica matka laginje 	3	5
zaprešićka 	1	5
vida ročića 	2	5
marijan 	1	5
bazilika 	1	5
vojka 	1	5
tomljanovića 	1	5
kaniška ulica 	2	5
frana alfirevića 	2	5
sokak 	1	5
pave 	1	5
jaskanski planinarski put 	3	5
ulica bogoslava šuleka 	3	5
jarek donji 	2	5
kutnjački 	1	5
kneževine 	1	5
ulica grge novaka 	3	5
davora 	1	5
xxi 	1	5
fra ive 	2	5
lađa 	1	5
black 	1	5
dražića 	1	5
popaj 	1	5
obitelj 	1	5
žrnovnica 	1	5
škola antun 	2	5
stan 	1	5
vranjički put 	2	5
vugrina 	1	5
vladimira becića 	2	5
naselje viševica 	2	5
kaniška 	1	5
scuola 	1	5
lenca 	1	5
kozlikovo 	1	5
vinceta 	1	5
obala kneza branimira 	3	5
trnjanske 	1	5
dječji vrtić šumska jagoda 	4	5
dubokovića 	1	5
nehruov trg 	2	5
julia 	1	5
papillon 	1	5
jesenovica 	1	5
istočna gomilica 	2	5
maris 	1	5
dinamo 	1	5
kurekov 	1	5
jože šurana 	2	5
ulica fra grge martića 	4	5
stjepana fabijančića 	2	5
hrast 	1	5
držića odvojak 	2	5
relkovića 	1	5
lovac 	1	5
vinceta iz kastva 	3	5
baldini 	1	5
marmontova aleja 	2	5
generale 	1	5
sanitar 	1	5
carpe diem 	2	5
skoljik 	1	5
duška 	1	5
banjalučka 	1	5
cuglini 	1	5
mesnička 	1	5
leopolda sorte 	2	5
vladislava 	1	5
dubovac 	1	5
jasenovac 	1	5
mljetska 	1	5
xix 	1	5
biogradska cesta 	2	5
filip i jakov 	3	5
radoslava lopašića 	2	5
od batale 	2	5
jarnević 	1	5
put preko 	2	5
šalata 	1	5
zadruga 	1	5
ulica vilima 	2	5
priljevo 	1	5
karlovića 	1	5
put trstenika 	2	5
velo 	1	5
autopraona 	1	5
pregled 	1	5
boduli 	1	5
gregurića 	1	5
braće božić 	2	5
škola karlovac 	2	5
marija i lina 	3	5
plase 	1	5
brkljačića 	1	5
omladinska ulica 	2	5
ratkajev prolaz 	2	5
franje puđaka 	2	5
put bože 	2	5
sušnja 	1	5
borje 	1	5
od kaštela 	2	5
poljana zvonimira 	2	5
jove jovanovića 	2	5
tkon 	1	5
pazinske gimnazije 	2	5
dražička 	1	5
vere bratonje 	2	5
zagrebački odvojak 	2	5
opatička ulica 	2	5
žiškovec 	1	5
šetalište vijeća europe 	3	5
migalovica 	1	5
hak 	1	5
bijačka ulica 	2	5
matije divkovića 	2	5
konoba porat 	2	5
izidora kršnjavoga 	2	5
flaciusa 	1	5
baštijana 	1	5
kombola 	1	5
pink 	1	5
ulica kardinala 	2	5
vocarska 	1	5
en 	1	5
veslačka 	1	5
škola vladimir 	2	5
mosorska ulica 	2	5
trg kneza 	2	5
donja švarča 	2	5
setaliste 	1	5
frane supila 	2	5
gospin 	1	5
grada gualda 	2	5
ulica frana krste 	3	5
automat 	1	5
resnički put 	2	5
kustošija 	1	5
baltazar 	1	5
sustjepanski put 	2	5
skaline 	1	5
josipa reihl-kira 	2	5
bgw 	1	5
mamma 	1	5
mirka jengića 	2	5
jurija gagarina 	2	5
ivanovićeva ulica 	2	5
euro 	1	5
pašmanska 	1	5
baza 	1	5
ulica jurja barakovića 	3	5
dani 	1	5
ulica willama froudea 	3	5
super 	1	5
prolaz carla 	2	5
emila bošnjaka 	2	5
ulica nova 	2	5
božidara kunca 	2	5
krĉka 	1	5
alpe-adria 	1	5
casper 	1	5
špina 	1	5
splavarska 	1	5
sv.ivana 	1	5
omiška ulica 	2	5
coffe 	1	5
glagoljaša 	1	5
langov trg 	2	5
cerje 	1	5
vaše zdravlje 	2	5
virovska 	1	5
obala petra krešimira 	3	5
jakuševečka 	1	5
tunel 	1	5
ulica damira 	2	5
