cesta 	1	2007
námestie 	1	1142
škola 	1	1135
na 	1	838
pod 	1	828
hlavná 	1	718
svätého 	1	703
u 	1	697
jána 	1	622
snp 	1	594
základná 	1	552
úrad 	1	498
pri 	1	487
základná škola 	2	479
a 	1	408
márie 	1	403
školská 	1	401
sv. 	1	386
mája 	1	358
štefánika 	1	345
slovenská 	1	344
materská 	1	338
milana 	1	336
materská škola 	2	327
hviezdoslavova 	1	325
rastislava 	1	322
rastislava štefánika 	2	320
milana rastislava 	2	320
partizánska 	1	320
milana rastislava štefánika 	3	320
štúrova 	1	319
trieda 	1	319
okružná 	1	318
pub 	1	312
panny 	1	310
panny márie 	2	305
bar 	1	302
nová 	1	302
obecný 	1	300
andreja 	1	298
obecný úrad 	2	297
družstevná 	1	294
komenského 	1	284
hostinec 	1	282
železničná 	1	281
banka 	1	266
lekáreň 	1	262
janka 	1	256
jozefa 	1	256
mlynská 	1	252
pavla 	1	249
cintorínska 	1	246
armády 	1	242
nábrežie 	1	241
športová 	1	241
svätej 	1	237
kráľa 	1	236
rad 	1	227
slovnaft 	1	225
dom 	1	220
zš 	1	218
sládkovičova 	1	216
bratislavská 	1	214
záhradná 	1	210
štefánikova 	1	202
ľudovíta 	1	201
martina 	1	198
poľná 	1	198
za 	1	195
kostol 	1	192
sporiteľňa 	1	191
michala 	1	191
mieru 	1	190
pošta 	1	190
reštaurácia 	1	187
svobodu 	1	182
slovenská sporiteľňa 	2	181
jesenského 	1	178
staničná 	1	174
krátka 	1	172
lipová 	1	172
štúra 	1	172
club 	1	169
gymnázium 	1	168
pohostinstvo 	1	167
československej 	1	167
kukučínova 	1	166
cafe 	1	166
nálepku 	1	165
štefana 	1	164
centrum 	1	162
československej armády 	2	161
s 	1	160
lesná 	1	159
stredná 	1	159
ľudovíta štúra 	2	158
nad 	1	157
slobody 	1	156
mierová 	1	155
jilemnického 	1	155
hlinku 	1	154
dlhá 	1	153
ružová 	1	153
vúb 	1	152
pizza 	1	150
andreja hlinku 	2	149
kaplnka 	1	149
knižnica 	1	147
café 	1	146
slnečná 	1	145
janka kráľa 	2	142
továrenská 	1	141
stará 	1	141
svätých 	1	138
bufet 	1	136
osloboditeľov 	1	135
bernolákova 	1	134
potočná 	1	134
v 	1	133
obchodná 	1	133
hrdinov 	1	132
petra 	1	131
hollého 	1	130
gen. 	1	130
vajanského 	1	130
bistro 	1	129
kapitána 	1	129
pizzeria 	1	127
k 	1	127
košická 	1	127
lúčna 	1	125
dolina 	1	124
dolná 	1	122
generála 	1	120
obrancov mieru 	2	119
obrancov 	1	119
restaurant 	1	117
dr. 	1	117
sídlisko 	1	116
ladislava 	1	116
agátová 	1	115
osada 	1	115
cesta na 	2	114
kapitána nálepku 	2	113
hurbanova 	1	113
stanica 	1	113
budovateľská 	1	113
juraja 	1	111
kollárova 	1	110
horná 	1	110
mš 	1	110
poštová 	1	109
moyzesova 	1	109
cyrila 	1	108
metoda 	1	106
letná 	1	106
svätoplukova 	1	105
svätého michala 	2	103
mládeže 	1	103
bratislava 	1	102
tatra 	1	102
antona 	1	102
trnavská 	1	102
omv 	1	101
nitrianska 	1	99
pribina 	1	99
tatranská 	1	98
popradská 	1	97
gaštanová 	1	97
tomášikova 	1	96
mikuláša 	1	96
parkovisko 	1	96
cyrila a 	2	95
tehelná 	1	95
námestie snp 	2	95
a metoda 	2	94
krčma 	1	94
tajovského 	1	94
cyrila a metoda 	3	92
dvor 	1	92
tatra banka 	2	92
trenčianska 	1	92
čsob 	1	91
záhradnícka 	1	91
vajnorská 	1	91
nemocnica 	1	91
ku 	1	90
záhradkárska 	1	89
stredisko 	1	88
hlboká 	1	88
ulica 	1	88
krížna 	1	88
piváreň 	1	87
boženy 	1	87
generála svobodu 	2	86
odborná 	1	86
odborná škola 	2	86
priemyselná 	1	86
kúpeľná 	1	86
brezová 	1	85
stredná odborná 	2	85
veterná 	1	85
stredná odborná škola 	3	85
koliba 	1	84
alexandra 	1	84
námestie slobody 	2	83
novomeského 	1	83
záhradkárska osada 	2	83
kostolná 	1	83
škola s 	2	82
sadová 	1	82
duklianska 	1	82
poliklinika 	1	81
gorkého 	1	80
kuzmányho 	1	80
tichá 	1	80
mudr. 	1	80
radlinského 	1	79
robotnícka 	1	79
umelecká 	1	78
kpt. 	1	77
ivana 	1	77
umelecká škola 	2	77
trieda snp 	2	77
školou 	1	77
kvetná 	1	76
slovenskej 	1	76
južná 	1	76
fraňa 	1	76
hostinec u 	2	75
prešovská 	1	75
karola 	1	75
slovenského 	1	74
nábrežná 	1	74
malá 	1	74
bajkalská 	1	73
pribinova 	1	73
mestská 	1	73
základná škola s 	3	73
bystrická 	1	73
františka 	1	73
pre 	1	73
shell 	1	73
s materskou 	2	72
materskou 	1	72
panónska 	1	71
tesco 	1	71
hviezdoslava 	1	71
svätého jána 	2	71
caffe 	1	71
mestský 	1	71
s.r.o. 	1	71
škola s materskou 	3	70
augusta 	1	70
topoľová 	1	70
panónska cesta 	2	69
ambulancia 	1	69
kultúrny 	1	69
park 	1	69
základná umelecká škola 	3	68
veľvyslanectvo 	1	68
základná umelecká 	2	68
jánošíkova 	1	68
kultúrny dom 	2	67
s materskou školou 	3	67
povstania 	1	67
materskou školou 	2	67
súkromná 	1	67
pavla országha hviezdoslava 	3	66
országha hviezdoslava 	2	66
országha 	1	66
pavla országha 	2	66
šafárikova 	1	65
gagarinova 	1	65
škola s materskou školou 	4	65
most 	1	65
bank 	1	64
chata 	1	64
základná škola s materskou 	4	64
severná 	1	64
zdravotné stredisko 	2	64
javorová 	1	64
do 	1	64
zdravotné 	1	64
vansovej 	1	63
podjavorinskej 	1	63
anny 	1	62
kríža 	1	62
zelená 	1	61
ludvíka 	1	61
orechová 	1	61
hotel 	1	61
jarná 	1	61
základná škola s materskou školou 	5	61
mateja 	1	61
mládežnícka 	1	60
republiky 	1	60
ludvíka svobodu 	2	60
svätej márie 	2	60
arm. 	1	60
sama 	1	60
puškinova 	1	60
penzión 	1	59
otp 	1	59
rastislavova 	1	59
karpatská 	1	59
staré 	1	59
mestský úrad 	2	59
fraňa kráľa 	2	59
námestie sv. 	2	59
bojnická 	1	59
račianska 	1	58
arm. gen. 	2	58
chalupku 	1	58
polícia 	1	58
trojice 	1	58
palackého 	1	57
piešťanská 	1	57
fakulta 	1	57
němcovej 	1	57
max 	1	57
hasičská 	1	57
ivanská 	1	57
horská 	1	57
nemocničná 	1	56
unicredit 	1	56
štvrť 	1	56
kostol sv. 	2	56
trnavská cesta 	2	56
pionierska 	1	56
banícka 	1	56
ivanská cesta 	2	55
nádražná 	1	55
la 	1	55
zimná 	1	55
úzka 	1	55
unicredit bank 	2	55
rázusova 	1	55
farská 	1	55
akadémia 	1	54
domov 	1	54
rybárska 	1	54
čerešňová 	1	54
východná 	1	54
terézie 	1	53
jedáleň 	1	53
sládkoviča 	1	53
vodárenská 	1	53
rožňavská 	1	53
novozámocká 	1	53
švermova 	1	53
nivy 	1	52
sedembolestnej 	1	52
andreja sládkoviča 	2	52
zbrojnica 	1	52
kalinčiakova 	1	52
svätého kríža 	2	51
bratská 	1	51
levočská 	1	51
narodenia 	1	51
dunajská 	1	51
kamenná 	1	51
boženy němcovej 	2	51
benku 	1	50
srdca 	1	50
zvolenská 	1	50
hronská 	1	50
kebab 	1	50
ii 	1	50
palárikova 	1	50
moskovská 	1	49
jána hollého 	2	49
malinovského 	1	49
kmeťa 	1	49
sama chalupku 	2	49
národného 	1	49
vinohradnícka 	1	49
saratovská 	1	49
galvaniho 	1	48
gemerská 	1	48
dubová 	1	48
národného povstania 	2	48
jurki 	1	48
veľká 	1	48
svätej anny 	2	48
mlynské 	1	48
otp banka 	2	48
sedembolestnej panny 	2	47
oddelenie 	1	47
podhorská 	1	47
slovenská pošta 	2	47
cesta mládeže 	2	47
sv. cyrila 	2	47
andreja kmeťa 	2	47
lamačská 	1	47
sedembolestnej panny márie 	3	47
lamačská cesta 	2	47
obecná 	1	46
trieda andreja 	2	46
kaviareň 	1	46
lidl 	1	46
dolnozemská cesta 	2	46
dolnozemská 	1	46
cukráreň 	1	46
bernoláka 	1	46
slovenského národného 	2	46
martina benku 	2	46
slovenského národného povstania 	3	46
hlinkova 	1	46
trieda andreja hlinku 	3	46
terézie vansovej 	2	45
topoľčianska 	1	45
a pavla 	2	45
petra a 	2	45
prima 	1	45
antona bernoláka 	2	45
zámocká 	1	45
bottova 	1	45
petra a pavla 	3	45
služieb 	1	45
dr. max 	2	45
vysoká 	1	45
krajinská 	1	44
fučíkova 	1	44
škultétyho 	1	44
spojená 	1	44
svätého martina 	2	44
jakuba 	1	44
smreková 	1	44
bela 	1	44
francisciho 	1	44
ladislava novomeského 	2	43
ľudmily 	1	43
narodenia panny 	2	43
hrnčiarska 	1	43
miestny 	1	43
karloveská 	1	43
kováčska 	1	43
rusovská 	1	43
miestny úrad 	2	43
stromová 	1	43
archanjela 	1	43
pezinská 	1	42
pz 	1	42
mateja bela 	2	42
bratislavská cesta 	2	42
rybničná 	1	42
turecký 	1	42
legionárska 	1	42
stará cesta 	2	42
rusovská cesta 	2	42
narodenia panny márie 	3	42
kpt. nálepku 	2	42
červenej armády 	2	41
bottu 	1	41
jána bottu 	2	41
petra jilemnického 	2	41
šoltésovej 	1	41
nanebovzatia 	1	41
ľudmily podjavorinskej 	2	41
starý 	1	41
mlynské nivy 	2	41
apríla 	1	41
kysucká 	1	41
nitra 	1	41
turecký rad 	2	41
svätého mikuláša 	2	41
nové 	1	41
červenej 	1	41
moldavská 	1	40
údolie 	1	40
ocú 	1	40
nanebovzatia panny 	2	40
svätého štefana 	2	40
kino 	1	40
dobšinského 	1	40
mostná 	1	40
poštová banka 	2	40
spojená škola 	2	40
fándlyho 	1	40
ves 	1	40
sr 	1	40
riaditeľstvo 	1	40
fontána 	1	39
narcisová 	1	39
gen. milana rastislava 	3	39
fatranská 	1	39
senecká 	1	39
ježišovho 	1	39
všetkých 	1	39
lučenecká 	1	39
prima banka 	2	39
gen. milana rastislava štefánika 	4	39
moyzesa 	1	39
železničiarska 	1	39
pivovarská 	1	39
gen. milana 	2	39
nanebovzatia panny márie 	3	39
sv. jána 	2	39
vladimíra 	1	39
hodonínska 	1	39
háj 	1	39
jána krstiteľa 	2	38
dolný 	1	38
garrigue 	1	38
espresso 	1	38
masaryka 	1	38
krstiteľa 	1	38
jiráskova 	1	38
garrigue masaryka 	2	38
všetkých svätých 	2	38
srdca ježišovho 	2	38
viničná 	1	38
kollára 	1	38
partizánska cesta 	2	38
timravy 	1	38
partizánov 	1	38
matice 	1	38
matice slovenskej 	2	38
viedenská 	1	38
klub 	1	38
horný 	1	37
sv. cyrila a 	3	37
sv. cyrila a metoda 	4	37
jelšová 	1	37
orgovánová 	1	37
caffé 	1	37
parková 	1	37
bočná 	1	37
nový 	1	37
riečna 	1	37
prievozská 	1	37
michala archanjela 	2	37
motorest 	1	37
amosa 	1	36
košického 	1	36
národná 	1	36
mlyne 	1	36
i 	1	36
hradská 	1	36
janka jesenského 	2	36
košice 	1	36
moldavská cesta 	2	36
majerská 	1	36
alžbety 	1	36
amosa komenského 	2	36
jana 	1	36
kalváriou 	1	36
viedenská cesta 	2	36
cesta k 	2	35
vinohrady 	1	35
svätých petra a 	3	35
pána 	1	35
martina rázusa 	2	35
jarková 	1	35
masarykova 	1	35
svätých petra a pavla 	4	35
súd 	1	35
jaseňová 	1	35
šancová 	1	35
svätých petra 	2	35
rázusa 	1	35
tolstého 	1	35
čs 	1	34
slančíkovej 	1	34
trieda košického vládneho programu 	4	34
trieda košického vládneho 	3	34
košického vládneho programu 	3	34
sberbank 	1	34
michalská 	1	34
užhorodská 	1	34
jantárová 	1	34
mestská polícia 	2	34
trieda košického 	2	34
agip 	1	34
košického vládneho 	2	34
salaš 	1	34
clementisa 	1	34
slovanská 	1	34
zboru 	1	34
programu 	1	34
vládneho 	1	34
májová 	1	34
lesnícka 	1	34
gen. svobodu 	2	34
vládneho programu 	2	34
poľovnícka 	1	34
coffee 	1	33
alexyho 	1	33
pekná 	1	33
gen. ludvíka 	2	33
ústav 	1	33
požiarna 	1	33
gen. ludvíka svobodu 	3	33
horou 	1	33
nepomuckého 	1	33
sasinkova 	1	33
slovenských 	1	33
soš 	1	33
dostojevského 	1	33
najsvätejšej 	1	33
komárňanská 	1	33
vodná 	1	33
žilinská 	1	33
galéria 	1	33
zlatá 	1	33
jána kollára 	2	33
amfiteáter 	1	32
jarmočná 	1	32
bystrická cesta 	2	32
čs jurki 	2	32
mlyn 	1	32
dukelská 	1	32
arm. gen. ludvíka 	3	32
lomnická 	1	32
široká 	1	32
arm. gen. ludvíka svobodu 	4	32
jabloňová 	1	32
muškátová 	1	32
sokolská 	1	32
cukrovarská 	1	32
ondreja 	1	32
pod kalváriou 	2	32
okresný 	1	32
kmeťova 	1	32
divadlo 	1	31
garbiarska 	1	31
považská 	1	31
lučenecká cesta 	2	31
kaplnka sv. 	2	31
policajného zboru 	2	31
levice 	1	31
družby 	1	31
vinohradská 	1	31
boženy slančíkovej 	2	31
hrabovská 	1	31
mýtna 	1	31
kataríny 	1	31
autobusová 	1	31
nálepkova 	1	31
policajného 	1	31
senecká cesta 	2	31
autobusová stanica 	2	31
najsvätejšej trojice 	2	31
povýšenia 	1	31
jána nepomuckého 	2	31
eleny 	1	31
krasku 	1	31
hradná 	1	31
sociálnych 	1	30
bulharská 	1	30
obecná knižnica 	2	30
senec 	1	30
sabinovská 	1	30
obchodná akadémia 	2	30
priečna 	1	30
bardejovská 	1	30
dr.max 	1	30
záhradami 	1	30
dúbie 	1	30
jednota 	1	30
veterinárna 	1	30
červený 	1	30
internátna 	1	30
ivana krasku 	2	30
teplická 	1	29
bezručova 	1	29
studená 	1	29
božského 	1	29
mcdonald's 	1	29
tri 	1	29
boženy slančíkovej timravy 	3	29
kalinčiaka 	1	29
svätý 	1	29
námestie slovenského 	2	29
mirka 	1	29
slovenských partizánov 	2	29
vŕšok 	1	29
vladimíra clementisa 	2	29
murgašova 	1	29
duklianskych 	1	29
imricha 	1	29
stavbárska 	1	29
z 	1	29
pohoda 	1	29
slančíkovej timravy 	2	29
stavebná 	1	29
záhrady 	1	29
watsonova 	1	29
hečkova 	1	29
zdravotnícka 	1	28
cesta na senec 	3	28
štefana moyzesa 	2	28
na senec 	2	28
ii. 	1	28
holubyho 	1	28
evanjelický 	1	28
ľuda 	1	28
zubná 	1	28
antolská 	1	28
riadok 	1	28
revolučná 	1	28
krajná 	1	28
prešovská cesta 	2	28
billa 	1	28
cirkevná 	1	28
hostinec pod 	2	28
vihorlatská 	1	28
povýšenia svätého 	2	28
povýšenia svätého kríža 	3	28
a.s. 	1	27
duklianskych hrdinov 	2	27
botanická 	1	27
nešpora 	1	27
mostová 	1	27
bobrovec 	1	27
malý 	1	27
miletičova 	1	27
dolné 	1	27
liptovská 	1	27
svätého jána krstiteľa 	3	27
okresné 	1	27
pod horou 	2	27
námestie ľudovíta 	2	27
humenská 	1	27
banská 	1	27
poliklinikou 	1	27
mirka nešpora 	2	27
svätého juraja 	2	27
kolónia 	1	27
vojtecha 	1	27
coop 	1	27
námestie ľudovíta štúra 	3	27
kukučína 	1	27
hričovská 	1	27
tekovská 	1	27
farský 	1	27
prievidzská 	1	27
športovcov 	1	27
tomáše garrigue masaryka 	3	26
kraskova 	1	26
armádneho 	1	26
námestie slovenského národného 	3	26
opatovská 	1	26
majer 	1	26
iii 	1	26
rozmarínová 	1	26
bašta 	1	26
oravská 	1	26
betliarska 	1	26
vojenská 	1	26
višňová 	1	26
chalupkova 	1	26
ducha 	1	26
sv. michala 	2	26
drieňová 	1	26
námestie slovenského národného povstania 	4	26
martina kukučína 	2	26
s poliklinikou 	2	26
pažitná 	1	26
armádneho generála 	2	26
svätých cyrila a 	3	26
špeciálna 	1	26
urbana 	1	26
okresný súd 	2	26
sad 	1	26
tomáše 	1	26
tomáše garrigue 	2	26
dubčeka 	1	26
svätých cyrila a metoda 	4	26
svätého michala archanjela 	3	26
koniec 	1	26
božského srdca 	2	26
roľnícka 	1	26
prameň 	1	26
parking 	1	26
svätých cyrila 	2	26
city 	1	26
špitálska 	1	26
center 	1	26
okresné riaditeľstvo 	2	26
vody 	1	25
inovecká 	1	25
čajovňa 	1	25
bohorodičky 	1	25
mária 	1	25
alexandra dubčeka 	2	25
ondavská 	1	25
ľuda ondrejova 	2	25
bajzova 	1	25
arm. gen. svobodu 	3	25
house 	1	25
nemocnica s poliklinikou 	3	25
na vŕšku 	2	25
južná trieda 	2	25
trieda arm. 	2	25
armádneho generála svobodu 	3	25
vinianska 	1	25
m. 	1	25
vysokoškolákov 	1	25
vŕšku 	1	25
námestie hrdinov 	2	25
hasičská zbrojnica 	2	25
nižné 	1	25
novembra 	1	25
šport 	1	25
trieda arm. gen. svobodu 	4	25
hrdlo 	1	25
študentská 	1	25
púchovská 	1	25
ondrejova 	1	25
samuela 	1	25
trieda arm. gen. 	3	25
bosca 	1	25
nemocnica s 	2	25
obvodová 	1	24
toryská 	1	24
juh 	1	24
janka alexyho 	2	24
nábrežie arm. gen. ludvíka svobodu 	5	24
mojmírova 	1	24
bowling 	1	24
nábrežie arm. gen. 	3	24
ružencovej 	1	24
juraja fándlyho 	2	24
podhájska 	1	24
romanova 	1	24
nábrežie arm. 	2	24
škôlka 	1	24
cabajská 	1	24
púpavová 	1	24
kalvária 	1	24
bojnická cesta 	2	24
obvodné 	1	24
einsteinova 	1	24
hôrkou 	1	24
presvätej 	1	24
nábrežie arm. gen. ludvíka 	4	24
lúky 	1	24
modranská 	1	24
vlčie 	1	24
pod hradom 	2	24
vlčie hrdlo 	2	24
trhovisko 	1	24
krčma u 	2	24
presvätej bohorodičky 	2	24
vinianska cesta 	2	24
prístavná 	1	24
jesenná 	1	24
štefánikova trieda 	2	24
hradom 	1	24
štúrovo 	1	24
hurbana 	1	24
ružinovská 	1	23
práce 	1	23
dopravná 	1	23
lekáreň pri 	2	23
občerstvenie 	1	23
spišská 	1	23
alejová 	1	23
ul. 	1	23
svätého jozefa 	2	23
prvá 	1	23
mierové námestie 	2	23
kultúry 	1	23
hodžova 	1	23
pri mlyne 	2	23
obvodné oddelenie 	2	23
tulipánová 	1	23
váhom 	1	23
baštová 	1	23
automat 	1	23
jókaiho 	1	23
čajkovského 	1	23
nemocnici 	1	23
mierové 	1	23
pohostinstvo u 	2	23
požiarna zbrojnica 	2	23
nová ves 	2	23
krajinská cesta 	2	22
pavla horova 	2	22
rekreačná 	1	22
svätej kataríny 	2	22
chrám 	1	22
turistická 	1	22
slovnaftská 	1	22
i. 	1	22
rovná 	1	22
univerzita 	1	22
slovenskej republiky 	2	22
jána kalinčiaka 	2	22
ulička 	1	22
kostolom 	1	22
gregora 	1	22
fábryho 	1	22
úrad mč 	2	22
novoveská 	1	22
soblahovská 	1	22
jasná 	1	22
elektrárenská 	1	22
matušku 	1	22
horné 	1	22
horova 	1	22
malinová 	1	22
miloslava 	1	22
mudroňova 	1	22
hlohovecká 	1	22
hraničná 	1	22
coop jednota 	2	22
hájska 	1	22
pole 	1	22
miestny úrad mč 	3	22
potoku 	1	22
koháryho 	1	22
svätého jána nepomuckého 	3	22
svätej trojice 	2	22
estakáda 	1	22
pod záhradami 	2	22
mč 	1	22
vrt 	1	22
horvátha 	1	21
francúzskych 	1	21
murgaša 	1	21
dukelských 	1	21
električná 	1	21
šrobárova 	1	21
pražská 	1	21
the 	1	21
strážska 	1	21
nešporova 	1	21
odbojárov 	1	21
dom smútku 	2	21
clementisova 	1	21
francúzske veľvyslanectvo 	2	21
rúbanisko 	1	21
svornosti 	1	21
mariánske námestie 	2	21
priemyselná škola 	2	21
grunty 	1	21
strážska cesta 	2	21
matúša 	1	21
hlavné 	1	21
na horevaží 	2	21
nevädzová 	1	21
vináreň 	1	21
bulharská cesta 	2	21
klinika 	1	21
horevaží 	1	21
záborského 	1	21
padlých 	1	21
panda 	1	21
námestie osloboditeľov 	2	21
dukelských hrdinov 	2	21
nejedlého 	1	21
rudolfa 	1	21
hliník 	1	21
hviezdna 	1	21
limbová 	1	21
hati 	1	21
laca 	1	21
platanová 	1	21
zmrzlina 	1	21
kút 	1	21
smútku 	1	21
ševčenkova 	1	21
kaufland 	1	21
staré levice 	2	21
svätej alžbety 	2	21
zvolenská cesta 	2	21
záhorácka 	1	21
francúzske 	1	21
doktora 	1	21
padlých hrdinov 	2	21
mariánska 	1	21
mariánske 	1	21
dostojevského rad 	2	21
jazerná 	1	21
herňa 	1	21
gregora tajovského 	2	20
humenská cesta 	2	20
čachtická 	1	20
univerzitná 	1	20
emila 	1	20
čulenova 	1	20
božského srdca ježišovho 	3	20
jantárová cesta 	2	20
borová 	1	20
sibírska 	1	20
stredná priemyselná 	2	20
maxima 	1	20
kláštor 	1	20
mestská knižnica 	2	20
maxima gorkého 	2	20
nižné kapustníky 	2	20
protifašistických 	1	20
burger 	1	20
štadión 	1	20
nezábudková 	1	20
autoškola 	1	20
navštívenia 	1	20
júliusa 	1	20
admiral 	1	20
dom kultúry 	2	20
food 	1	20
mlynská dolina 	2	20
univerzity 	1	20
hlavné námestie 	2	20
hrdinov snp 	2	20
bojovníkov 	1	20
vinárska 	1	20
blok 	1	20
eleny maróthy 	2	20
jozefa murgaša 	2	20
jana amosa komenského 	3	20
floriána 	1	20
jaroša 	1	20
kapustníky 	1	20
vážska 	1	20
tehelňa 	1	20
eleny maróthy šoltésovej 	3	20
súkromné 	1	20
maróthy šoltésovej 	2	20
korytnická 	1	20
nedožerská cesta 	2	20
karadžičova 	1	20
detské 	1	20
navštívenia panny 	2	20
pivničná 	1	20
protifašistických bojovníkov 	2	20
jana amosa 	2	20
veľký 	1	20
fialková 	1	20
podzáhradná 	1	20
nedožerská 	1	20
nad váhom 	2	20
rodiny 	1	20
štefánikovo 	1	20
stredná priemyselná škola 	3	20
mladosť 	1	20
špeciálna základná 	2	20
maróthy 	1	20
špeciálna základná škola 	3	19
pivnica 	1	19
žitná 	1	19
trenčianska cesta 	2	19
generála milana rastislava štefánika 	4	19
ján 	1	19
kukorelliho 	1	19
daniela 	1	19
evanjelický kostol 	2	19
staré grunty 	2	19
martinská 	1	19
zlatý 	1	19
levická 	1	19
landererova 	1	19
jozefa gregora tajovského 	3	19
generála milana 	2	19
partizanov 	1	19
a. 	1	19
lipa 	1	19
francúzskych partizanov 	2	19
lúka 	1	19
remeselnícka 	1	19
astrová 	1	19
generála milana rastislava 	3	19
adyho 	1	19
krivá 	1	19
dúhová 	1	19
škola sv. 	2	19
voda 	1	19
kasárenská 	1	19
kolkáreň 	1	19
lii 	1	19
damiána 	1	19
brána 	1	19
matky 	1	19
jozefa gregora 	2	19
novohradská 	1	19
navštívenia panny márie 	3	19
de 	1	19
zlaté 	1	19
potok 	1	19
devínska 	1	19
festivalové 	1	18
lazovná 	1	18
gazdovský 	1	18
lekáreň u 	2	18
technická 	1	18
sídlisko lúky 	2	18
stropkovská 	1	18
krista 	1	18
dlhé 	1	18
ružencovej panny 	2	18
poisťovňa 	1	18
chrenovská 	1	18
sport 	1	18
reštaurácia u 	2	18
benkova 	1	18
tomáša 	1	18
dexia 	1	18
švermu 	1	18
cintorín 	1	18
volgogradská 	1	18
ružencovej panny márie 	3	18
nerudova 	1	18
nábrežie sv. 	2	18
mochovská 	1	18
jána bosca 	2	18
hronského 	1	18
námestie svätého 	2	18
laca novomeského 	2	18
jána švermu 	2	18
sady 	1	18
kaštieli 	1	18
najsvätejšieho 	1	18
royal 	1	18
námestie mieru 	2	18
novoveská cesta 	2	18
festivalové námestie 	2	18
železničná stanica 	2	18
sociálnych služieb 	2	18
kozmu 	1	18
zelený 	1	18
štóska 	1	18
keltská 	1	18
svätého ladislava 	2	18
kaštieľom 	1	18
petrovianska 	1	18
skalkou 	1	18
farský úrad 	2	18
tlmačská 	1	18
gorazdova 	1	18
tlmačská cesta 	2	18
kozmu a 	2	18
pizzéria 	1	18
svätého ducha 	2	17
ovocná 	1	17
exnárova 	1	17
malé 	1	17
s mš 	2	17
jedľová 	1	17
wilsonovo 	1	17
strmý 	1	17
vlárska 	1	17
zubná ambulancia 	2	17
mikuláša schneidera-trnavského 	2	17
gorazda 	1	17
boleslava 	1	17
poľana 	1	17
jána pavla 	2	17
wilsonovo nábrežie 	2	17
petržalka 	1	17
biela 	1	17
strojárenská 	1	17
pod lesom 	2	17
kozmu a damiána 	3	17
a damiána 	2	17
slavkovská 	1	17
hodžovo 	1	17
hrabovská cesta 	2	17
biskupická 	1	17
národná trieda 	2	17
and 	1	17
k nemocnici 	2	17
garden 	1	17
business 	1	17
solivarská 	1	17
stanici 	1	17
mederčská 	1	17
hoľu 	1	17
pri šajbách 	2	17
československých 	1	17
repište 	1	17
stráž 	1	17
mesto 	1	17
česká 	1	17
pedagogická 	1	17
tri vody 	2	17
škola internátna 	2	17
tovarnícka 	1	17
požiarnická 	1	17
slávičie 	1	17
kubranská 	1	17
smetanova 	1	17
river 	1	17
cígera 	1	17
pri hati 	2	17
sobôtka 	1	17
vysoká škola 	2	17
bellova 	1	17
schneidera-trnavského 	1	17
kutlíkova 	1	17
svätého ondreja 	2	17
kossutha 	1	17
niva 	1	17
kláštorská 	1	17
turčianska 	1	17
lpg 	1	17
j. 	1	17
šajbách 	1	17
sekčovská 	1	17
vavrinca 	1	17
music 	1	17
parkovací 	1	17
dobrianskeho 	1	17
lesom 	1	17
wolkerova 	1	17
detvianska 	1	17
kraľovu hoľu 	2	16
jozefa cígera 	2	16
starej 	1	16
kultúrne 	1	16
budatínska 	1	16
strelnici 	1	16
fakultná 	1	16
staničné námestie 	2	16
strmý vŕšok 	2	16
mukačevská 	1	16
kraľovu 	1	16
broskyňová 	1	16
pod hôrkou 	2	16
cesta na kraľovu 	3	16
mäsiarska 	1	16
námestie andreja hlinku 	3	16
západná 	1	16
vazovova 	1	16
krásna 	1	16
bazovského 	1	16
bartóka 	1	16
trh 	1	16
emila boleslava 	2	16
zemplínska 	1	16
auto 	1	16
na kraľovu 	2	16
úrad bratislava 	2	16
eisnerova 	1	16
emila boleslava lukáča 	3	16
osiková 	1	16
jozefa cígera hronského 	3	16
riaditeľstvo policajného zboru 	3	16
líščie 	1	16
vranovská 	1	16
hrádzi 	1	16
apollo 	1	16
mlynárska 	1	16
konopná 	1	16
tabaková 	1	16
sereďská 	1	16
najsvätejšieho srdca ježišovho 	3	16
hroznová 	1	16
bélu 	1	16
rock 	1	16
smreka 	1	16
nižná 	1	16
najsvätejšieho srdca 	2	16
muránska 	1	16
súkromná základná 	2	16
bélu bartóka 	2	16
myslavská 	1	16
priehradná 	1	16
baníkov 	1	16
staromestská 	1	16
hodžovo námestie 	2	16
karola kuzmányho 	2	16
riaditeľstvo policajného 	2	16
letecká 	1	16
na kraľovu hoľu 	3	16
alej 	1	16
námestie andreja 	2	16
boleslava lukáča 	2	16
kláštorná 	1	16
lukáča 	1	16
sv. jána bosca 	3	16
jula horvátha 	2	16
kostol svätého 	2	16
cesta na kraľovu hoľu 	4	16
kríži 	1	16
turecká 	1	16
jula 	1	16
konečná 	1	16
záhumenská 	1	16
staničné 	1	16
cígera hronského 	2	16
škola v 	2	16
tržnica 	1	15
pekárenská 	1	15
istrijská 	1	15
sečovská 	1	15
cesta na červený 	3	15
sobranecká 	1	15
kazanská 	1	15
plus 	1	15
slsp 	1	15
dvojkrížna 	1	15
ryba 	1	15
jozefa šafárika 	2	15
pavla jozefa šafárika 	3	15
kvetnica 	1	15
budovateľov 	1	15
supermarket 	1	15
šafárika 	1	15
suchá 	1	15
kopčianska 	1	15
slovenská reštaurácia 	2	15
námestie baníkov 	2	15
výstavná 	1	15
šmidkeho 	1	15
akademická 	1	15
štvrtiam 	1	15
šenk 	1	15
hájom 	1	15
českého ľudu 	2	15
grill 	1	15
buková 	1	15
zberný 	1	15
houdeka 	1	15
mikovíniho 	1	15
mestské 	1	15
jána pavla ii. 	3	15
žitavská 	1	15
gallery 	1	15
lúčky 	1	15
vnútorná 	1	15
ľudová 	1	15
ochrany 	1	15
žiarska 	1	15
viestova 	1	15
jánska 	1	15
bystrica 	1	15
tulská 	1	15
seniorov 	1	15
daňový úrad 	2	15
predmestie 	1	15
ihrisku 	1	15
cesta na červený most 	4	15
daňový 	1	15
harmincova 	1	15
pekárska 	1	15
herlianska 	1	15
červený most 	2	15
za humnami 	2	15
humnami 	1	15
metodova 	1	15
štúrovo námestie 	2	15
podzámska 	1	15
trnková 	1	15
svätých kozmu a 	3	15
bar u 	2	15
na červený most 	3	15
vyšný 	1	15
hodžu 	1	15
hornádska 	1	15
na červený 	2	15
vrakunská 	1	15
tranovského 	1	15
zberný dvor 	2	15
moravská 	1	15
dôchodcov 	1	15
bufet u 	2	15
svätého cyrila 	2	15
jána amosa komenského 	3	15
štadióne 	1	15
ľudu 	1	15
benedikta 	1	15
handlovská 	1	15
river park 	2	15
ivana houdeka 	2	15
kpt. jaroša 	2	15
svätých kozmu 	2	15
poničana 	1	15
sobranecká cesta 	2	15
hypermarket 	1	15
golianova 	1	15
žilinská cesta 	2	15
pavla ii. 	2	15
sociálna 	1	15
ku štvrtiam 	2	15
urbárska 	1	15
janka matušku 	2	15
liesková 	1	15
pavla jozefa 	2	15
fakultná nemocnica 	2	15
tyršova 	1	15
deti 	1	15
parku 	1	15
českého 	1	15
jána amosa 	2	15
ručná 	1	14
perlová 	1	14
slovakia 	1	14
laborecká 	1	14
rázusovo nábrežie 	2	14
ďumbierska 	1	14
eva 	1	14
cesta pod 	2	14
brehom 	1	14
koceľova 	1	14
nepoškvrneného 	1	14
g 	1	14
hasičská stanica 	2	14
študentský 	1	14
nábrežie mládeže 	2	14
šintavská 	1	14
hontianska 	1	14
huta 	1	14
šípková 	1	14
jelenecká 	1	14
hospodárska 	1	14
terchovská 	1	14
majerníkova 	1	14
kremnická 	1	14
krista kráľa 	2	14
wash 	1	14
prostějovská 	1	14
záhrada 	1	14
zš s 	2	14
drevárska 	1	14
hradca králové 	2	14
stodolu 	1	14
lekár 	1	14
trebišovská 	1	14
šafárikovo námestie 	2	14
bytčianska 	1	14
cesta k nemocnici 	3	14
slovenského raja 	2	14
synagóga 	1	14
pivovar 	1	14
námestie republiky 	2	14
miestny úrad bratislava 	3	14
bagetéria 	1	14
šafárikovo 	1	14
detský 	1	14
sv. mikuláša 	2	14
námestie svätej 	2	14
oc 	1	14
sídlisko poľana 	2	14
martin 	1	14
študentský domov 	2	14
svätého cyrila a 	3	14
králové 	1	14
lamač 	1	14
bazová 	1	14
trieda hradca 	2	14
chorvátska 	1	14
francúzska 	1	14
strana 	1	14
nová cesta 	2	14
oslobodenia 	1	14
záhumnie 	1	14
slávičie údolie 	2	14
kozmonautov 	1	14
magdalény 	1	14
parkovací automat 	2	14
kostolné 	1	14
obchodu 	1	14
trieda hradca králové 	3	14
terasa 	1	14
zariadenie 	1	14
raja 	1	14
piváreň u 	2	14
bosákova 	1	14
pri kríži 	2	14
strmá 	1	14
top 	1	14
borovicová 	1	14
snežienková 	1	14
lekáreň na 	2	14
spol. 	1	14
hradca 	1	14
pri kaštieli 	2	14
jurkovičova 	1	14
svätého františka 	2	14
starom 	1	14
svätých kozmu a damiána 	4	14
pekná cesta 	2	14
palárika 	1	14
kozia 	1	14
marka 	1	14
dúbravská 	1	14
času 	1	14
jazykom 	1	14
rázusovo 	1	14
kostolné námestie 	2	14
elokované 	1	14
medňanského 	1	14
matúškova 	1	14
oáza 	1	14
námestie sv. jána 	3	14
suvorovova 	1	14
fullu 	1	14
jurská 	1	14
b 	1	14
trstené 	1	14
zuš 	1	14
mamateyova 	1	13
ťahanovská 	1	13
úrad práce 	2	13
jána palárika 	2	13
odbojárska 	1	13
tesco hypermarket 	2	13
gašpara 	1	13
vyšná 	1	13
odborárska 	1	13
spš 	1	13
dlhý 	1	13
šustekova 	1	13
mýto 	1	13
kmeťku 	1	13
central 	1	13
ochrany presvätej bohorodičky 	3	13
slovenské 	1	13
tupolevova 	1	13
pre deti 	2	13
veterinárna ambulancia 	2	13
hečku 	1	13
slnečné 	1	13
kutuzovova 	1	13
kysucká cesta 	2	13
modrá 	1	13
biskupa 	1	13
zvonica 	1	13
petőfiho 	1	13
textilná 	1	13
októbrová 	1	13
strojnícka 	1	13
upjš 	1	13
balkánska 	1	13
jahodová 	1	13
americká 	1	13
lajosa 	1	13
čerpacia stanica 	2	13
zoltána 	1	13
šarišská 	1	13
irish 	1	13
korzo 	1	13
hurbanovo 	1	13
mlynom 	1	13
lieskovská 	1	13
fresh 	1	13
brnianska 	1	13
valentína 	1	13
hraničiarska 	1	13
čierny 	1	13
pracovisko 	1	13
jiřího 	1	13
petöfiho 	1	13
potraviny 	1	13
lánska 	1	13
vyučovacím jazykom 	2	13
kráľovnej 	1	13
okresné riaditeľstvo policajného zboru 	4	13
bistro u 	2	13
štiavnická 	1	13
ružinov 	1	13
hony 	1	13
zbor 	1	13
školy 	1	13
daxnerova 	1	13
jazmínová 	1	13
nové záhrady 	2	13
magurská 	1	13
s vyučovacím jazykom 	3	13
zdenka 	1	13
námestie sv. jána bosca 	4	13
jazdecká 	1	13
kvačalova 	1	13
haburská 	1	13
biely 	1	13
slovanská cesta 	2	13
vŕškom 	1	13
elektrotechnická 	1	13
šianec 	1	13
dhz 	1	13
vyučovacím 	1	13
dominika 	1	13
braneckého 	1	13
čerpacia 	1	13
kúty 	1	13
moskovská trieda 	2	13
miloša 	1	13
a služieb 	2	13
viecha 	1	13
hostinec na 	2	13
svätého jakuba 	2	13
vinice 	1	13
ferka 	1	13
tower 	1	13
námestie gen. 	2	13
karola kmeťku 	2	13
cirkvi 	1	13
halny 	1	13
senník 	1	13
grunt 	1	13
ochrany presvätej 	2	13
kultúrne stredisko 	2	13
sídlisko juh 	2	13
božieho 	1	13
tótha 	1	13
pod hájom 	2	13
českej 	1	13
okresné riaditeľstvo policajného 	3	13
bankomat 	1	13
izba 	1	13
viliama 	1	13
trnovská 	1	13
veľká okružná 	2	13
kežmarská 	1	13
hoštáky 	1	13
s vyučovacím 	2	13
zš s mš 	3	13
perecká 	1	13
súkromné gymnázium 	2	13
studni 	1	13
posed 	1	12
jonáša 	1	12
čulena 	1	12
lukoil 	1	12
na štadión 	2	12
sihoti 	1	12
dušana 	1	12
cesta na štadión 	3	12
petzvalova 	1	12
kalvárska 	1	12
námestie štefana 	2	12
dedinská 	1	12
haanova 	1	12
tomáša garrigue 	2	12
jána roba 	2	12
svetozára 	1	12
veľvyslanectvo slovenskej 	2	12
letisku 	1	12
obchodu a 	2	12
sv. alžbety 	2	12
na sihoti 	2	12
ukrajinská 	1	12
pivničná štvrť 	2	12
roba poničana 	2	12
kamzík 	1	12
hydinárska 	1	12
jurská cesta 	2	12
jiřího wolkera 	2	12
hlboká cesta 	2	12
miloslava hurbana 	2	12
včelárska 	1	12
u sv. 	2	12
tomáša garrigue masaryka 	3	12
aleja 	1	12
maďarským 	1	12
františka hečku 	2	12
rondel 	1	12
samova 	1	12
zdenka nejedlého 	2	12
rudohorská 	1	12
ignáca 	1	12
pri hrádzi 	2	12
pub u 	2	12
wolkera 	1	12
na karlove 	2	12
jastrabia 	1	12
dohnányho 	1	12
dráhou 	1	12
jána smreka 	2	12
stredná zdravotnícka 	2	12
jurkoviča 	1	12
základna 	1	12
balkán 	1	12
vŕbová 	1	12
pri starom 	2	12
javorinská 	1	12
rákoš 	1	12
skalou 	1	12
hnilecká 	1	12
orechom 	1	12
konvalinková 	1	12
egídia 	1	12
za dráhou 	2	12
slanecká 	1	12
šulekova 	1	12
gemerská cesta 	2	12
pasienku 	1	12
rusínska 	1	12
roba 	1	12
penzion 	1	12
aupark 	1	12
milosrdenstva 	1	12
uk 	1	12
ing. 	1	12
sv. františka 	2	12
pod kaštieľom 	2	12
trojičné námestie 	2	12
vrch 	1	12
aleja slobody 	2	12
kráľovská 	1	12
nimnická 	1	12
gazdovská 	1	12
sv. anny 	2	12
popradská cesta 	2	12
spol. s 	2	12
čadca 	1	12
pod orechom 	2	12
vápenka 	1	12
paulínyho 	1	12
štefánikovo nábrežie 	2	12
karlove 	1	12
adama 	1	12
fiľakovská 	1	12
žilina 	1	12
obchodu a služieb 	3	12
bufet pod 	2	12
záhumní 	1	12
sputniková 	1	12
trojičné 	1	12
jozefa miloslava hurbana 	3	12
gazdovský dvor 	2	12
jána roba poničana 	3	12
veľvyslanectvo slovenskej republiky 	3	12
švábska 	1	12
zdravotnícka škola 	2	12
dlhý rad 	2	12
bory 	1	12
na záhumní 	2	12
stredná zdravotnícka škola 	3	12
kyjevská 	1	12
hattalova 	1	12
svorada 	1	12
ružová dolina 	2	12
poľnohospodárska 	1	12
sliačska 	1	12
jozefa miloslava 	2	12
m 	1	12
autoumyváreň 	1	12
chmeľová 	1	11
radničné námestie 	2	11
námestie padlých hrdinov 	3	11
pažite 	1	11
malinovská 	1	11
súkromná materská 	2	11
špačinská 	1	11
irish pub 	2	11
žofie 	1	11
nábrežie generála milana rastislava 	4	11
lieskovská cesta 	2	11
majstra 	1	11
hálkova 	1	11
svetozára hurbana vajanského 	3	11
dospelých 	1	11
povstania českého ľudu 	3	11
vajanského nábrežie 	2	11
hlinách 	1	11
gas 	1	11
strážnická 	1	11
sushi 	1	11
jasenovská 	1	11
bagarova 	1	11
krajský 	1	11
rajecká 	1	11
art 	1	11
námestie padlých 	2	11
pažiť 	1	11
postupimské 	1	11
domovina 	1	11
ecav 	1	11
drevená 	1	11
pavlova 	1	11
kadnárova 	1	11
vyšné 	1	11
medzi 	1	11
sv. floriána 	2	11
špačinská cesta 	2	11
domov sociálnych 	2	11
základna škola 	2	11
hotelová 	1	11
piesočná 	1	11
jozefa kozáčeka 	2	11
skala 	1	11
pz sr 	2	11
č. 	1	11
predmierska 	1	11
vojtaššákova 	1	11
hviezda 	1	11
peter 	1	11
petržalská 	1	11
námestie milana rastislava štefánika 	4	11
bella 	1	11
kozáčeka 	1	11
vendelína 	1	11
márie magdalény 	2	11
sv. martina 	2	11
univerzitná nemocnica 	2	11
aréna 	1	11
zámočnícka 	1	11
lány 	1	11
bátovská cesta 	2	11
detská 	1	11
myjavská 	1	11
spojovacia 	1	11
retro 	1	11
pajštúnska 	1	11
pri strelnici 	2	11
perla 	1	11
predmierska cesta 	2	11
kamenný 	1	11
piesková 	1	11
radničné 	1	11
jazykom maďarským 	2	11
pod skalkou 	2	11
košovská 	1	11
hurbana vajanského 	2	11
sokolovská 	1	11
nábrežie generála milana 	3	11
námestie milana 	2	11
domov sociálnych služieb 	3	11
nový rad 	2	11
nábrežie generála 	2	11
taxi 	1	11
s r.o. 	2	11
gen. štefánika 	2	11
svätého cyrila a metoda 	4	11
plachého 	1	11
námestie milana rastislava 	3	11
diel 	1	11
pri parku 	2	11
svetozára hurbana 	2	11
bronzová 	1	11
sovietskej armády 	2	11
jasovská 	1	11
rudlovská cesta 	2	11
rudlovská 	1	11
sovietskej 	1	11
škola jána 	2	11
ladislava medňanského 	2	11
šalviová 	1	11
štátna 	1	11
na hlinách 	2	11
novozámocká cesta 	2	11
svätej panny 	2	11
svätý ján 	2	11
nábrežie generála milana rastislava štefánika 	5	11
mila 	1	11
dubnica 	1	11
jégého 	1	11
priateľstva 	1	11
postupimské námestie 	2	11
nad hronom 	2	11
d 	1	11
čínska 	1	11
family 	1	11
hronom 	1	11
bárdošova 	1	11
pavla dobšinského 	2	11
líščie údolie 	2	11
ristorante 	1	11
dubník 	1	11
námestie jozefa 	2	11
hostinského 	1	11
pri štadióne 	2	11
hypernova 	1	11
družstvo 	1	11
rákócziho 	1	11
fiľakovská cesta 	2	11
bátovská 	1	11
svätého imricha 	2	11
gulf 	1	11
majeri 	1	11
svätého antona 	2	11
miestna 	1	11
na pasienku 	2	11
toporcerova 	1	11
spojná 	1	11
komárno 	1	11
relax 	1	11
r.o. 	1	11
povstania českého 	2	11
gustáva 	1	11
le 	1	11
spojená škola internátna 	3	11
maximiliána 	1	10
urbánkova 	1	10
uhra 	1	10
majstra pavla 	2	10
rio 	1	10
s vyučovacím jazykom maďarským 	4	10
beskydská 	1	10
na hôrke 	2	10
cirkevná základná 	2	10
michala miloslava 	2	10
pustá 	1	10
krčméryho 	1	10
merkury 	1	10
osada perlová dolina 	3	10
bratislave 	1	10
námestie majstra pavla 	3	10
pod skalou 	2	10
casa 	1	10
s. 	1	10
žižkova 	1	10
svätej márie magdalény 	3	10
dargovská 	1	10
kaštieľska 	1	10
priehrada 	1	10
kynceľovská 	1	10
mestský majer 	2	10
dvorčianska 	1	10
družba 	1	10
podhradská 	1	10
piešťany 	1	10
svorada a 	2	10
správa 	1	10
kolomana 	1	10
ázijské 	1	10
úbočou 	1	10
medvedia 	1	10
pod úbočou 	2	10
petra hostinského 	2	10
západ 	1	10
súkromná materská škola 	3	10
gymnázium sv. 	2	10
ústav na výkon 	3	10
westend 	1	10
centrum voľného 	2	10
ferka urbánka 	2	10
cbc 	1	10
bufet na 	2	10
ihrisko 	1	10
podtatranská 	1	10
veľkomoravská 	1	10
termálna 	1	10
prostredná 	1	10
furmanská 	1	10
miloslava hodžu 	2	10
kupeckého 	1	10
market 	1	10
nábrežie sv. cyrila 	3	10
železničný 	1	10
za kostolom 	2	10
hôrke 	1	10
brigády 	1	10
vecí a 	2	10
junácka 	1	10
sídlisko duklianskych 	2	10
sun 	1	10
urbánka 	1	10
terno 	1	10
maloveská 	1	10
alžbetina 	1	10
márie kráľovnej 	2	10
kope 	1	10
vúb banka 	2	10
deti a 	2	10
prvá stavebná 	2	10
jasle 	1	10
svorada a benedikta 	3	10
domov dôchodcov 	2	10
roľníckej školy 	2	10
spol. s r.o. 	3	10
veľké 	1	10
na kope 	2	10
vecí 	1	10
námestie majstra 	2	10
pustý 	1	10
voľného času 	2	10
šimona 	1	10
sv. svorada 	2	10
ústav na 	2	10
msp 	1	10
ázijské bistro 	2	10
cirkevná základná škola 	3	10
kapušianska 	1	10
na výkon 	2	10
hanulova 	1	10
caffe bar 	2	10
súkennícka 	1	10
halalovka 	1	10
plynárenská 	1	10
rozálie 	1	10
sociálnych vecí a rodiny 	4	10
belopotockého 	1	10
od 	1	10
medená 	1	10
roľníckej 	1	10
polícia sr 	2	10
trenčín 	1	10
rosinská 	1	10
sociálnych vecí a 	3	10
subway 	1	10
maróthy-šoltésovej 	1	10
lukáša 	1	10
baňa 	1	10
vincenta 	1	10
chodník 	1	10
podunajská 	1	10
vila 	1	10
royova 	1	10
business center 	2	10
majoránová 	1	10
pod kostolom 	2	10
kostru 	1	10
viva 	1	10
križovatka 	1	10
ľudovíta fullu 	2	10
hámor 	1	10
osada perlová 	2	10
tehelňou 	1	10
černicová 	1	10
jelenia 	1	10
a benedikta 	2	10
devínska cesta 	2	10
lietavská 	1	10
apollo ii 	2	10
jaskový 	1	10
mvdr. 	1	10
dionýza 	1	10
sídlisko duklianskych hrdinov 	3	10
hviezdoslavova trieda 	2	10
výkon 	1	10
vyučovacím jazykom maďarským 	3	10
bratov 	1	10
tačevská 	1	10
r. 	1	10
a rodiny 	2	10
materská škôlka 	2	10
pod vinbargom 	2	10
sv. urbana 	2	10
pri potoku 	2	10
rezedová 	1	10
hraničiarov 	1	10
tesco supermarket 	2	10
slávičia 	1	10
vnútorná okružná 	2	10
sídlisko mladosť 	2	10
vrbová 	1	10
horný koniec 	2	10
mila urbana 	2	10
grand 	1	10
novomestská 	1	10
cabanova 	1	10
krátky 	1	10
kapitulská 	1	10
jaskový rad 	2	10
sociálnych vecí 	2	10
perlová dolina 	2	10
gogoľova 	1	10
všeobecná 	1	10
jašíka 	1	10
vinbargom 	1	10
ovručská 	1	10
svätej panny márie 	3	10
kynceľovská cesta 	2	10
el 	1	10
lipami 	1	10
michala miloslava hodžu 	3	10
rudolfa jašíka 	2	10
októbra 	1	10
závadská 	1	10
iv 	1	10
country 	1	10
lehotská 	1	10
skalica 	1	10
diely 	1	10
presso 	1	10
stavebná sporiteľňa 	2	10
kúria 	1	10
varšavská 	1	10
trstínska 	1	10
or 	1	10
red 	1	10
závoz 	1	10
eleny maróthy-šoltésovej 	2	10
borodáča 	1	10
hutnícka 	1	10
vecí a rodiny 	3	10
nitre 	1	10
čierna 	1	10
božieho milosrdenstva 	2	10
centrum voľného času 	3	10
voľného 	1	10
krušovská 	1	9
zakladná 	1	9
mudroňa 	1	9
pri vápenickom potoku 	3	9
k smrečine 	2	9
cesta osloboditeľov 	2	9
laténska 	1	9
dolný šianec 	2	9
námestie kossutha 	2	9
pre seniorov 	2	9
ďatelinová 	1	9
ukf 	1	9
karla 	1	9
jazyková škola 	2	9
zdravia 	1	9
sáru 	1	9
curie 	1	9
vrbovská 	1	9
lahôdky 	1	9
stráňou 	1	9
l. 	1	9
smrečine 	1	9
súkromná základná umelecká škola 	4	9
cafe bar 	2	9
černyševského 	1	9
do dielca 	2	9
panny márie kráľovnej 	3	9
cesta k smrečine 	3	9
košická cesta 	2	9
nade 	1	9
židovská 	1	9
beer 	1	9
hora 	1	9
garáž 	1	9
hotelová akadémia 	2	9
plzenská 	1	9
bartolomeja 	1	9
križovatkách 	1	9
kaplnka panny márie 	3	9
pri vápenickom 	2	9
vápenickom 	1	9
pri starom letisku 	3	9
gerlachovská 	1	9
srdiečko 	1	9
klenová 	1	9
f 	1	9
pribinu 	1	9
skalka 	1	9
sklárska 	1	9
hrebendova 	1	9
harmónia 	1	9
hornozoborská 	1	9
streďanská 	1	9
páričkova 	1	9
prvá stavebná sporiteľňa 	3	9
sv. michala archanjela 	3	9
husitská 	1	9
mičinská 	1	9
klačno 	1	9
vagonárska 	1	9
hella 	1	9
viliama paulínyho tótha 	3	9
strieborná 	1	9
hradovou 	1	9
rumanova 	1	9
oddelenie policajného zboru 	3	9
ciglianska 	1	9
paulínyho tótha 	2	9
zápotočná 	1	9
magic 	1	9
jama 	1	9
koruna 	1	9
veľkonecpalská 	1	9
kniežaťa 	1	9
beckovská 	1	9
mučeníkov 	1	9
mliekomat 	1	9
rak 	1	9
strážovská 	1	9
kpt. jána 	2	9
lekára 	1	9
kaplnka panny 	2	9
tankistov 	1	9
bernolákovo 	1	9
gabriela 	1	9
šariš 	1	9
zlatovská 	1	9
zochova 	1	9
pod hradovou 	2	9
oddelenie policajného 	2	9
tepličkou 	1	9
nitrianska cesta 	2	9
rotunda 	1	9
rohu 	1	9
sv. svorada a 	3	9
dielca 	1	9
slivková 	1	9
hany 	1	9
janského 	1	9
brestová 	1	9
za školou 	2	9
červeného 	1	9
ostrov 	1	9
wine 	1	9
elokované pracovisko 	2	9
na stráni 	2	9
robotníka 	1	9
hájik 	1	9
žarnova 	1	9
slovanské nábrežie 	2	9
marka čulena 	2	9
j 	1	9
dolnej 	1	9
janka borodáča 	2	9
station 	1	9
schneider 	1	9
obvodné oddelenie policajného zboru 	4	9
jána janského 	2	9
jazyková 	1	9
thurzova 	1	9
pod brezinou 	2	9
pavla mudroňa 	2	9
miestna knižnica 	2	9
pieninská 	1	9
svätá 	1	9
taverna 	1	9
rúbanisko iii 	2	9
žofie bosniakovej 	2	9
panská 	1	9
brezinou 	1	9
hradištná 	1	9
starom letisku 	2	9
kaplnka sedembolestnej panny márie 	4	9
súľovská 	1	9
jedlíkova 	1	9
bratke 	1	9
gurmán 	1	9
krtíšska 	1	9
počatia 	1	9
döner 	1	9
gagarina 	1	9
krosnianska 	1	9
súkromná základná umelecká 	3	9
slovanské 	1	9
bažantia 	1	9
kaplnka sedembolestnej panny 	3	9
nové mesto 	2	9
svätého petra 	2	9
nábrežie jána 	2	9
bosniakovej 	1	9
denný 	1	9
vápenickom potoku 	2	9
pažiti 	1	9
odborárske námestie 	2	9
učilište 	1	9
stráni 	1	9
radnica 	1	9
sv. svorada a benedikta 	4	9
krátky rad 	2	9
baničova 	1	9
vojtecha spanyola 	2	9
domino 	1	9
park angelinum 	2	9
steak 	1	9
pod tepličkou 	2	9
mestské kultúrne 	2	9
jána nálepku 	2	9
nay 	1	9
kalvárii 	1	9
jána kostru 	2	9
ku bratke 	2	9
tatrabanka 	1	9
alexandrijskej 	1	9
extra 	1	9
angelinum 	1	9
vinohradoch 	1	9
starohájska 	1	9
a.v. 	1	9
sv. štefana 	2	9
na pažiti 	2	9
odborárov 	1	9
hejnej 	1	9
ducha svätého 	2	9
sociálna poisťovňa 	2	9
československých tankistov 	2	9
reštaurácia pod 	2	9
v nitre 	2	9
jednoty 	1	9
jakubská 	1	9
ipeľská 	1	9
dlhé diely 	2	9
zelenečská 	1	9
základná škola sv. 	3	9
kataríny alexandrijskej 	2	9
leva 	1	9
spanyola 	1	9
demänovská 	1	9
v bratislave 	2	9
palkovičova 	1	9
sečovská cesta 	2	9
mestské kultúrne stredisko 	3	9
zakladná škola 	2	9
nepoškvrneného počatia 	2	9
zlatého 	1	9
nade hejnej 	2	9
mičinská cesta 	2	9
viliama paulínyho 	2	9
hurbanovo námestie 	2	9
podhradie 	1	9
odborné 	1	9
metro 	1	9
msp košice 	2	9
jána francisciho 	2	9
obvodné oddelenie policajného 	3	9
odborárske 	1	9
rímskokatolícky 	1	9
senica 	1	9
merkury market 	2	9
san 	1	9
odborné učilište 	2	9
na križovatkách 	2	9
pod lipami 	2	9
michalovská 	1	9
fakulta upjš 	2	9
raka 	1	9
tematínska 	1	9
kaplnka sedembolestnej 	2	9
sv. jána nepomuckého 	3	9
malacká 	1	9
nám. 	1	9
žltá 	1	9
alfa 	1	9
pri vinohradoch 	2	9
lekárska 	1	9
kubínska 	1	9
da 	1	9
kniežaťa pribinu 	2	9
cez 	1	9
šumperská 	1	9
kríž 	1	9
tunel 	1	9
plickova 	1	8
gastro 	1	8
baňou 	1	8
lazná 	1	8
don 	1	8
hrušková 	1	8
jadranská 	1	8
joliota 	1	8
palúčanská 	1	8
vyhnianska 	1	8
turzovská 	1	8
jakubská cesta 	2	8
sou 	1	8
demetera 	1	8
huncovská 	1	8
vrbové 	1	8
americká trieda 	2	8
veronika 	1	8
jahodná 	1	8
chata pod 	2	8
vodou 	1	8
pre deti a 	3	8
podskalka 	1	8
nanebovstúpenia 	1	8
strojárska 	1	8
junior 	1	8
sv. metoda 	2	8
lekáreň sv. 	2	8
mallého 	1	8
geologická 	1	8
disco 	1	8
podhradová 	1	8
marco 	1	8
dr. georga 	2	8
policajná 	1	8
r. štefánika 	2	8
veľkoúľanská 	1	8
raj 	1	8
modra 	1	8
hanzlíkovská 	1	8
kpt. jána nálepku 	3	8
prameni 	1	8
radová 	1	8
májového povstania 	2	8
záblatská 	1	8
kohútova 	1	8
obchodné 	1	8
gymnázium jána 	2	8
zechenterova 	1	8
kavečianska 	1	8
radničná 	1	8
sv. jána krstiteľa 	3	8
odborná škola obchodu 	3	8
kaplnka svätého 	2	8
priechodná 	1	8
červený rak 	2	8
pohostinstvo pod 	2	8
na rohu 	2	8
jazere 	1	8
šachtu 	1	8
furdekova 	1	8
zádielská 	1	8
ilkovičova 	1	8
kavečianska cesta 	2	8
mhd 	1	8
odorínska 	1	8
zvolen 	1	8
šúrska 	1	8
jelačičova 	1	8
pharma 	1	8
prievidza 	1	8
odborná škola obchodu a 	4	8
c 	1	8
kostol sv. jána 	3	8
sídlisko okulka 	2	8
hájnická 	1	8
k dolnej 	2	8
chladná 	1	8
hornočermánska 	1	8
zavadilova 	1	8
jána fraňa 	2	8
sokola 	1	8
obchodné centrum 	2	8
ambulancia mudr. 	2	8
jonáša záborského 	2	8
dionýza štúra 	2	8
fintická 	1	8
za parkom 	2	8
topvar 	1	8
štefánikovo námestie 	2	8
pobočka 	1	8
štúrovo nábrežie 	2	8
smrečianska 	1	8
probstnerova 	1	8
parašutistov 	1	8
závodská 	1	8
českej republiky 	2	8
mandľová 	1	8
trhová 	1	8
marie 	1	8
bánovská 	1	8
barbory 	1	8
materské 	1	8
bananská 	1	8
svätojánska 	1	8
angyalova 	1	8
madácha 	1	8
stredné 	1	8
potokom 	1	8
cesta pod hradovou 	3	8
kollárovo 	1	8
olivová 	1	8
božej 	1	8
palisády 	1	8
kvašná voda 	2	8
svätého bartolomeja 	2	8
point 	1	8
vlkolínec 	1	8
sunpharma 	1	8
alberta 	1	8
brigádnická 	1	8
kvašná 	1	8
železnica 	1	8
tatran 	1	8
fakulta uk 	2	8
podlesná 	1	8
policajná stanica 	2	8
gril 	1	8
oravická 	1	8
smaragdová 	1	8
odborná škola obchodu a služieb 	5	8
česko-slovenskej armády 	2	8
májového 	1	8
nanebovstúpenia pána 	2	8
sekurisova 	1	8
banskobystrická 	1	8
odpočívadlo 	1	8
riaditeľstvo pz 	2	8
k dolnej stanici 	3	8
františkánov 	1	8
košovská cesta 	2	8
skuteckého 	1	8
hrabovská dolina 	2	8
schaefflera 	1	8
ave 	1	8
pod vŕškom 	2	8
del 	1	8
bartókova 	1	8
arena 	1	8
kostolianska cesta 	2	8
januára 	1	8
materské centrum 	2	8
stredná odborná škola obchodu a 	5	8
okulka 	1	8
hôrky 	1	8
farnosť 	1	8
brehu 	1	8
námestie sv. floriána 	3	8
morovnianska 	1	8
zš komenského 	2	8
štefana moysesa 	2	8
parkom 	1	8
pod dubinkou 	2	8
darmovise 	1	8
lúkach 	1	8
farský kostol 	2	8
kapustnicu 	1	8
šimona a 	2	8
hala 	1	8
car 	1	8
námestie hraničiarov 	2	8
stummerova 	1	8
vied 	1	8
lastomírska 	1	8
svätého vavrinca 	2	8
probstnerova cesta 	2	8
alžbetínska 	1	8
katedrála 	1	8
šebastovská 	1	8
veľkoúľanská cesta 	2	8
slnečnicová 	1	8
dolný koniec 	2	8
m. r. 	2	8
uľanská cesta 	2	8
andreja žarnova 	2	8
alstrova 	1	8
allianz 	1	8
benzinol 	1	8
nábrežie sv. metoda 	3	8
mesačná 	1	8
štiavnička 	1	8
víťazstva 	1	8
ludvika 	1	8
námestie jána 	2	8
svätého egídia 	2	8
tamaškovičova 	1	8
pri ihrisku 	2	8
rača 	1	8
eduarda 	1	8
denný bar 	2	8
zdravotná 	1	8
májového povstania českého 	3	8
škola obchodu 	2	8
ekonomická 	1	8
pošta bratislava 	2	8
svätého demetera 	2	8
orol 	1	8
rumunskej 	1	8
na brehu 	2	8
námestie ladislava 	2	8
dr. georga schaefflera 	3	8
kollárovo námestie 	2	8
červená 	1	8
raiffeisen 	1	8
svätého floriána 	2	8
ciglianska cesta 	2	8
škola obchodu a 	3	8
uľanská 	1	8
škola s vyučovacím 	3	8
napervilská 	1	8
ulica na 	2	8
jána hertela 	2	8
cesta na vlkolínec 	3	8
joliota curie 	2	8
česko-slovenskej 	1	8
športové 	1	8
golden 	1	8
zádielská tiesňava 	2	8
tehelni 	1	8
premenenia 	1	8
siesta 	1	8
mostom 	1	8
katolícky 	1	8
hertela 	1	8
rumunskej armády 	2	8
jarocká 	1	8
májového povstania českého ľudu 	4	8
landauova 	1	8
pri prameni 	2	8
zariadenie pre seniorov 	3	8
lidická 	1	8
necpalská cesta 	2	8
na kapustnicu 	2	8
škola obchodu a služieb 	4	8
dérera 	1	8
obrázok 	1	8
m. r. štefánika 	3	8
havana 	1	8
kutnohorská 	1	8
staromyjavská 	1	8
opavská 	1	8
polície 	1	8
moysesa 	1	8
bašty 	1	8
vojtaššáka 	1	8
bodrocká 	1	8
tehliarska 	1	8
piaristická 	1	8
hájky 	1	8
predná 	1	8
karvaša 	1	8
skladná 	1	8
mia 	1	8
pálenica 	1	8
u zlatého 	2	8
rampová 	1	8
povstalecká 	1	8
podzámok 	1	8
top wash 	2	8
zariadenie pre 	2	8
štefana kráľa 	2	8
škola s vyučovacím jazykom 	4	8
lúčna štvrť 	2	8
u jakuba 	2	8
na lúkach 	2	8
sever 	1	8
stredná odborná škola obchodu 	4	8
za mlynom 	2	8
koľajná 	1	8
grande 	1	8
štiavnická cesta 	2	8
georga schaefflera 	2	8
kuklovská 	1	8
kostiviarska 	1	8
dubinkou 	1	8
café bar 	2	8
žriedlová 	1	8
tatranská cesta 	2	8
tiesňava 	1	8
služby 	1	8
slovenskej jednoty 	2	8
sv. kataríny 	2	8
šamorínska 	1	8
františka z 	2	8
za vodou 	2	8
kaštieľ 	1	8
násypom 	1	8
pod násypom 	2	8
obvodný 	1	8
pokroku 	1	8
necpalská 	1	8
jána vojtaššáka 	2	8
vub 	1	8
euro 	1	8
kostolianska 	1	8
piesky 	1	8
na vlkolínec 	2	8
samuela jurkoviča 	2	8
georga 	1	8
shopping 	1	8
budova 	1	8
dolnej stanici 	2	8
víťazná 	1	8
sv. imricha 	2	8
mýte 	1	8
ľanová 	1	8
partizánske 	1	8
hať 	1	8
lesy 	1	7
záhradky 	1	7
krajské 	1	7
gusto 	1	7
ladislava exnára 	2	7
eurovea 	1	7
čachovo 	1	7
križku 	1	7
hrabová 	1	7
saloon 	1	7
orviská 	1	7
kostiviarska cesta 	2	7
dobrovičova 	1	7
ámosa komenského 	2	7
blatná 	1	7
riazanská 	1	7
dental 	1	7
slanská 	1	7
mierova 	1	7
exnára 	1	7
čierne 	1	7
starohorská 	1	7
jachtárska 	1	7
cinemax 	1	7
stratenský 	1	7
vinicami 	1	7
assisi 	1	7
svätých šimona a 	3	7
palacinkáreň 	1	7
na hrunku 	2	7
detský domov 	2	7
krčma pod 	2	7
sklenárska 	1	7
za potokom 	2	7
steak house 	2	7
nižná brána 	2	7
bilíkova 	1	7
ligetská 	1	7
prejtská 	1	7
kaplnka sv. jána 	3	7
lajosa kossutha 	2	7
ždiarska 	1	7
kalnická 	1	7
župná 	1	7
happy 	1	7
gála 	1	7
anjela 	1	7
svätého lukáša 	2	7
hoňovecká 	1	7
stella 	1	7
jarošova 	1	7
dobrého 	1	7
kalinovská 	1	7
osada hliník 	2	7
kocka 	1	7
svätokrížske 	1	7
valašská 	1	7
ľ. 	1	7
opletalova 	1	7
cádrova 	1	7
domček 	1	7
základná škola jána 	3	7
kamenný obrázok 	2	7
beniakova 	1	7
stupavská 	1	7
pastiera 	1	7
dubčekova 	1	7
dargovských hrdinov 	2	7
pod zlatým brehom 	3	7
verejná 	1	7
krasovského 	1	7
gavlovičova 	1	7
nábrežie andreja 	2	7
klimkovičova 	1	7
zvončeková 	1	7
kvitnúci ostrov 	2	7
dopravný 	1	7
pod lipou 	2	7
matky božej 	2	7
kálmána mikszátha 	2	7
železničiarov 	1	7
mokrohájska 	1	7
pri jazere 	2	7
na vyhliadke 	2	7
hasiči 	1	7
veľvyslanectvo českej 	2	7
komárňanská cesta 	2	7
veľkého 	1	7
van 	1	7
ulica č. 	2	7
orechový 	1	7
energetikov 	1	7
ivana bukovčana 	2	7
základná škola s vyučovacím 	4	7
ludvika van beethovena 	3	7
rímskokatolícky kostol 	2	7
vyhliadke 	1	7
blue 	1	7
čínska reštaurácia 	2	7
rosná 	1	7
nová doba 	2	7
sv. gorazda 	2	7
miroslavská 	1	7
námestie sv. mikuláša 	3	7
nepoškvrneného počatia panny márie 	4	7
drozdia 	1	7
nad ondavou 	2	7
ulica číslo 	2	7
detva 	1	7
socha 	1	7
zuzana 	1	7
námestie svätého egídia 	3	7
gráfova 	1	7
františka z assisi 	3	7
slnečné námestie 	2	7
chrásteka 	1	7
kodálya 	1	7
fornetti 	1	7
ľaliová 	1	7
zlaté moravce 	2	7
šugovská dolina 	2	7
sun pharma 	2	7
marxa 	1	7
zarevúca 	1	7
počatia panny 	2	7
hrad 	1	7
čordákova 	1	7
jaskyňa 	1	7
role 	1	7
námestie antona 	2	7
laskomerského 	1	7
grobská 	1	7
chotár 	1	7
žabinská 	1	7
hasičský 	1	7
maďarská 	1	7
súkromná stredná 	2	7
bruselská 	1	7
tepličská 	1	7
madáchova 	1	7
pod vinicami 	2	7
pre dospelých 	2	7
hontianska cesta 	2	7
pod kamennou baňou 	3	7
cajlanská 	1	7
závodná 	1	7
zakarpatská 	1	7
veľvyslanectvo českej republiky 	3	7
viktora 	1	7
jegorovova 	1	7
michala chrásteka 	2	7
vydrovo 	1	7
záhradkárska osada hliník 	3	7
bizetova 	1	7
školské námestie 	2	7
adámiho 	1	7
šugovská 	1	7
svit 	1	7
pavlova ves 	2	7
odbor 	1	7
grobská cesta 	2	7
bukovčana 	1	7
karla marxa 	2	7
kaňon 	1	7
rakovec nad ondavou 	3	7
dúbrava 	1	7
fast food 	2	7
snack 	1	7
kostol panny márie 	3	7
zoltána kodálya 	2	7
važecká 	1	7
centrálna 	1	7
ovocinárska 	1	7
kaplna 	1	7
tribečská 	1	7
pod zlatým 	2	7
vo 	1	7
zlatým brehom 	2	7
európska 	1	7
zajačia 	1	7
klinčeková 	1	7
sporitelňa 	1	7
žabotova 	1	7
cesta slobody 	2	7
šípoša 	1	7
svätokrížske námestie 	2	7
holčeka 	1	7
pastoračné 	1	7
banícka cesta 	2	7
ludvika van 	2	7
hrunku 	1	7
pri podlužianke 	2	7
saigon 	1	7
lichardova 	1	7
osuského 	1	7
lesná železnica 	2	7
veterinárna klinika 	2	7
maurerova 	1	7
rakovec nad 	2	7
číslo 	1	7
čajka 	1	7
brezovská 	1	7
ľupčianska 	1	7
bagetka 	1	7
jána ámosa 	2	7
svätého gorazda 	2	7
eso 	1	7
zlatobanská 	1	7
spu 	1	7
iliašovská 	1	7
divadelná 	1	7
laguna 	1	7
pustý chotár 	2	7
dobrého pastiera 	2	7
kaplnka božského 	2	7
dlhé hony 	2	7
ubytovňa 	1	7
unitas blok 	2	7
furčianska 	1	7
pionierov 	1	7
útulňa 	1	7
banská cesta 	2	7
istebnícka 	1	7
podharajch 	1	7
maršala 	1	7
majora 	1	7
rovniankova 	1	7
galantská 	1	7
predné 	1	7
hodská 	1	7
karola šmidkeho 	2	7
šenkvice 	1	7
lehotská cesta 	2	7
mdž 	1	7
predná huta 	2	7
matičná 	1	7
aloise jiráska 	2	7
stanislava 	1	7
hlinická 	1	7
pod zvonicou 	2	7
katolícka 	1	7
čierneho 	1	7
šenkvická 	1	7
aurela stodolu 	2	7
suchý 	1	7
lekára pre 	2	7
telocvičňa 	1	7
jiráska 	1	7
archaniela 	1	7
skalná 	1	7
tepličská cesta 	2	7
brečtanová 	1	7
topoľčianska cesta 	2	7
kamennou 	1	7
bulíkova 	1	7
pedagogická a 	2	7
palace 	1	7
šípová 	1	7
orviská cesta 	2	7
brižitská 	1	7
hronca 	1	7
jurija 	1	7
vsetínska 	1	7
zlatým 	1	7
nepoškvrneného počatia panny 	3	7
košiciach 	1	7
pod stráňou 	2	7
svätých šimona 	2	7
green 	1	7
ámosa 	1	7
osada u 	2	7
express 	1	7
sv. jozefa 	2	7
cirkevná materská 	2	7
podlužianke 	1	7
starhradská 	1	7
hrable 	1	7
rýchle 	1	7
vojtecha šípoša 	2	7
žatevná 	1	7
na kalvárii 	2	7
haškova 	1	7
parkovisko pri 	2	7
žerucha 	1	7
vietnamská 	1	7
š. 	1	7
súkromná základná škola 	3	7
ondavou 	1	7
škola pre 	2	7
kebap 	1	7
strmé sady 	2	7
kostol panny 	2	7
spasiteľa 	1	7
hutná 	1	7
donská 	1	7
nemocnica bratislava 	2	7
pastoračné centrum 	2	7
cez vody 	2	7
doba 	1	7
kláštorom 	1	7
veternicová 	1	7
pohotovosť 	1	7
alexandra moyzesa 	2	7
námestie svätej anny 	3	7
pavla križku 	2	7
poľská 	1	7
šiašovo 	1	7
okánika 	1	7
liptovský 	1	7
trstínska cesta 	2	7
školské 	1	7
soľná 	1	7
school 	1	7
podsadok 	1	7
big 	1	7
fast 	1	7
osada čachovo 	2	7
základná škola s vyučovacím jazykom 	5	7
clinic 	1	7
neštátna 	1	7
pútnická 	1	7
hostinec pri 	2	7
kamennou baňou 	2	7
premenenia pána 	2	7
evanjelické 	1	7
rozvojová 	1	7
jadran 	1	7
konzervatórium 	1	7
filipa 	1	7
záhradkárska osada u 	3	7
záhradkárska osada kvitnúci ostrov 	4	7
kultúrna 	1	7
rakovec 	1	7
baranecká 	1	7
lermontovova 	1	7
zadné 	1	7
daxnera 	1	7
lipou 	1	7
z assisi 	2	7
vančurova 	1	7
dargovských 	1	7
pod kamennou 	2	7
mišíkova 	1	7
švantnerova 	1	7
podbeľová 	1	7
kaplnka božského srdca ježišovho 	4	7
nitrianske 	1	7
via 	1	7
senická 	1	7
aloise 	1	7
svätej rodiny 	2	7
v košiciach 	2	7
tokajícka 	1	7
osada kvitnúci 	2	7
oo 	1	7
lomonosovova 	1	7
detské jasle 	2	7
dolnohorská 	1	7
pomocnice 	1	7
morušová 	1	7
marhuľová 	1	7
čergovská 	1	7
požiarnicka 	1	7
osada kvitnúci ostrov 	3	7
bránou 	1	7
haličská 	1	7
hať podharajch 	2	7
maximiliána hella 	2	7
poľnohospodárske 	1	7
van beethovena 	2	7
hrádza 	1	7
stodola 	1	7
unitas 	1	7
kaplnka božského srdca 	3	7
mikszátha 	1	7
kvitnúci 	1	7
príjazdná 	1	7
beethovena 	1	7
moravce 	1	7
zvonicou 	1	7
mladých 	1	7
záhumenice 	1	7
odorínska cesta 	2	7
hajnošová 	1	7
čemernianska 	1	7
hlinská 	1	7
jelšavská 	1	7
jána ámosa komenského 	3	7
trávniky 	1	7
počatia panny márie 	3	7
matejkovo 	1	7
u čierneho 	2	7
kovácsova 	1	7
europa 	1	7
družicová 	1	7
medzevská 	1	7
močarianska 	1	7
stratenský kaňon 	2	7
nad skalkou 	2	7
doner 	1	7
záhradkárska osada čachovo 	3	7
kamenárska 	1	7
ctiborova 	1	7
kálmána 	1	7
žarnovická 	1	7
sverepec 	1	7
aurela 	1	7
company 	1	7
ružový 	1	7
svätej rozálie 	2	7
strmé 	1	7
star 	1	7
škola s vyučovacím jazykom maďarským 	5	7
poľovník 	1	7
univerzitná nemocnica bratislava 	3	7
kľačany 	1	7
záhradkárska osada kvitnúci 	3	7
starinská 	1	7
slovenská záručná a rozvojová banka 	5	6
dunajský 	1	6
uhorského 	1	6
kostol povýšenia 	2	6
galaktická 	1	6
slniečko 	1	6
time 	1	6
kožucha 	1	6
havlíčkova 	1	6
sýpkou 	1	6
pod šibeňou horou 	3	6
teslova 	1	6
zš a 	2	6
pri habánskom 	2	6
kyseľovo 	1	6
letisko 	1	6
apoštola 	1	6
royal admiral 	2	6
dolinka 	1	6
slaná 	1	6
americké 	1	6
cementárenská 	1	6
komárovská 	1	6
matričný 	1	6
panna 	1	6
maxim 	1	6
csárda 	1	6
ina 	1	6
jána husa 	2	6
s materskou školou v 	4	6
átriová 	1	6
x 	1	6
dalloša 	1	6
kamilka 	1	6
zastávka 	1	6
uherova 	1	6
husa 	1	6
arnika 	1	6
pavla šifríka 	2	6
banka slovenska 	2	6
pri tehelni 	2	6
základná škola rakovec nad 	4	6
domové 	1	6
jeruzalemská 	1	6
gavloviča 	1	6
rubínová 	1	6
jozefa ignáca bajzu 	3	6
lesu 	1	6
hájová 	1	6
jánskeho 	1	6
ba 	1	6
beluša 	1	6
krušetnica 	1	6
dekréta 	1	6
obchodný 	1	6
podháj 	1	6
závodská cesta 	2	6
cesta na háj 	3	6
zoltána fábryho 	2	6
palác 	1	6
cinema 	1	6
mokrohájska cesta 	2	6
šibeňou 	1	6
weisseho 	1	6
kúpalisko 	1	6
pedagogická a sociálna 	3	6
magistrála 	1	6
dražovská 	1	6
ružový háj 	2	6
makovického 	1	6
námestie gen. milana rastislava štefánika 	5	6
kraya 	1	6
stojan 	1	6
orechový rad 	2	6
templom 	1	6
kockách 	1	6
zadunajská 	1	6
bodona 	1	6
plaváreň 	1	6
námestie martina 	2	6
znievska 	1	6
jána dalloša 	2	6
trestu 	1	6
opálová 	1	6
padličkovo 	1	6
odborná škola technická 	3	6
stars 	1	6
benediktiho 	1	6
nábrežie jána kalinčiaka 	3	6
damborského 	1	6
alexandra matušku 	2	6
zvonárska 	1	6
slovenská sporitelňa 	2	6
starý rad 	2	6
nižnianska 	1	6
za kaštieľom 	2	6
národná banka slovenska 	3	6
heleny 	1	6
splavu 	1	6
rozvojová banka 	2	6
červeného kríža 	2	6
štál 	1	6
na letisko 	2	6
most sverepec 	2	6
zlaté piesky 	2	6
turkovej 	1	6
bukovecká 	1	6
oo pz 	2	6
pod sokolice 	2	6
ponorka 	1	6
americké námestie 	2	6
napoli 	1	6
habánskom mlyne 	2	6
tkáčska 	1	6
krížom 	1	6
bažantnica 	1	6
borodáčova 	1	6
antona prídavka 	2	6
libresso 	1	6
moja 	1	6
akademika 	1	6
chrám sv. 	2	6
štefana uhorského 	2	6
live 	1	6
dom služieb 	2	6
švabľovkou 	1	6
školou v 	2	6
rákocziho 	1	6
idea 	1	6
suroviny 	1	6
tomášovská 	1	6
biskupa királya 	2	6
vrútocká 	1	6
maják 	1	6
vyšehradská 	1	6
oil 	1	6
prúdy 	1	6
dopravný inšpektorát 	2	6
škola rakovec nad 	3	6
pri kockách 	2	6
družstevnícka 	1	6
stráňami 	1	6
bauerova 	1	6
lesík 	1	6
belinského 	1	6
jadranská zmrzlina 	2	6
novosadská 	1	6
obvodné oddelenie košice 	3	6
victoria 	1	6
slovan 	1	6
avion 	1	6
reset 	1	6
knižnica petržalka 	2	6
makarenkova 	1	6
inšpektorát 	1	6
street 	1	6
modrý 	1	6
slepá 	1	6
pod kláštorom 	2	6
stredná umelecká 	2	6
slnečnica 	1	6
dubnica nad váhom 	3	6
druhá 	1	6
jána chalupku 	2	6
základná škola v 	3	6
spirit 	1	6
záručná 	1	6
caffee 	1	6
bajzu 	1	6
kostol sv. michala 	3	6
radvanská 	1	6
vígľašská 	1	6
dvorská 	1	6
v. 	1	6
podtatranského 	1	6
zohorská 	1	6
sitine 	1	6
pestovateľská 	1	6
stredná škola 	2	6
zadunajská cesta 	2	6
búda 	1	6
škola stavebná 	2	6
slovenska 	1	6
mikušovská 	1	6
hospoda 	1	6
umení 	1	6
meličkovej 	1	6
gymnázium ladislava 	2	6
rohozná 	1	6
ranč 	1	6
blich 	1	6
škola jozefa 	2	6
šport bar 	2	6
nové zámky 	2	6
potravinárska 	1	6
janošíkovská 	1	6
hviezdoslavová 	1	6
muštová 	1	6
cirkev 	1	6
osada poľnohospodár 	2	6
domkárska 	1	6
teplica 	1	6
zdravie 	1	6
venezia 	1	6
policia 	1	6
suchoňa 	1	6
hugolína gavloviča 	2	6
a rozvojová 	2	6
nižný 	1	6
národná banka 	2	6
jána lacu 	2	6
čermeľská cesta 	2	6
konzulát 	1	6
pri stanici 	2	6
jazero 	1	6
samosprávneho 	1	6
sihoť 	1	6
podlavická cesta 	2	6
slovenská záručná a 	3	6
košťála 	1	6
mier 	1	6
chmeľová dolina 	2	6
michal 	1	6
martinčekova 	1	6
cirkevná materská škola 	3	6
západný 	1	6
brodňanská 	1	6
domky 	1	6
tatarkova 	1	6
zupkova 	1	6
domové role 	2	6
leopoldov 	1	6
mr. 	1	6
matejovská 	1	6
sitnianska 	1	6
koperníkova 	1	6
nobelova 	1	6
márie terézie 	2	6
na háj 	2	6
tavárikova 	1	6
fučíka 	1	6
slowackého 	1	6
oktan 	1	6
štefana žáryho 	2	6
björnsonova 	1	6
šafárikova trieda 	2	6
černovská 	1	6
kováčova 	1	6
biliard 	1	6
starý blich 	2	6
základná škola rakovec nad ondavou 	5	6
majerská cesta 	2	6
a mš 	2	6
jozefa ignáca 	2	6
procare 	1	6
táborská 	1	6
švejka 	1	6
račianske mýto 	2	6
borovčina 	1	6
maja 	1	6
mikušovská cesta 	2	6
na kamenci 	2	6
veselá 	1	6
rúbanisko ii 	2	6
p. 	1	6
lacu 	1	6
habánskom 	1	6
základná škola rakovec 	3	6
imreho 	1	6
nemcovej 	1	6
veternícka 	1	6
madvu 	1	6
dolinský 	1	6
potôčky 	1	6
svätourbanská 	1	6
cintorínom 	1	6
pizza mizza 	2	6
barine 	1	6
prokopa 	1	6
matejovie 	1	6
eden 	1	6
vetvárska 	1	6
verejná knižnica 	2	6
cesta ku 	2	6
k surdoku 	2	6
gymnázium jozefa 	2	6
kaplnkou 	1	6
námestie gen. milana rastislava 	4	6
vintiška 	1	6
krakovská 	1	6
leknová 	1	6
dekréta matejovie 	2	6
zberné 	1	6
čermeľská 	1	6
družstevný rad 	2	6
hany meličkovej 	2	6
ignáca bajzu 	2	6
vrančovičova 	1	6
malokarpatská 	1	6
výkon trestu 	2	6
pavlovova 	1	6
haličská cesta 	2	6
kraja 	1	6
weberova 	1	6
gašpara košťála 	2	6
pred 	1	6
márie pomocnice 	2	6
pokojná 	1	6
doliny 	1	6
zemana 	1	6
pod stráňami 	2	6
sv. vincenta 	2	6
lucia 	1	6
múzejná 	1	6
sološnická 	1	6
cuba 	1	6
rybnická 	1	6
sídlisko lúčna 	2	6
imreho madácha 	2	6
kopaničná 	1	6
považská bystrica 	2	6
koneva 	1	6
pod švabľovkou 	2	6
jovická 	1	6
hornbach 	1	6
pavilon 	1	6
vita 	1	6
casino 	1	6
rosinská cesta 	2	6
f. 	1	6
stará klenová 	2	6
márie turkovej 	2	6
mizza 	1	6
fun 	1	6
priemyselný 	1	6
kresťanov 	1	6
in 	1	6
odboja 	1	6
doma 	1	6
floriánska 	1	6
abovská 	1	6
hlohová 	1	6
halašova 	1	6
maršala koneva 	2	6
za záhradami 	2	6
železničný rad 	2	6
majakovského 	1	6
tavárikova osada 	2	6
zvoničná 	1	6
zadné halny 	2	6
zberné suroviny 	2	6
prídavka 	1	6
as 	1	6
poľnohospodár 	1	6
coffeeshop 	1	6
alžbety uhorskej 	2	6
or pz 	2	6
a rozvojová banka 	3	6
lesík delostrelcov 	2	6
dolnozoborská 	1	6
allendeho 	1	6
odeská 	1	6
svetlá 	1	6
rádiová 	1	6
medza 	1	6
kamenecká 	1	6
tibavská 	1	6
medicentrum 	1	6
revolučná štvrť 	2	6
budyšínska 	1	6
slovenská záručná a rozvojová 	4	6
na výkon trestu 	3	6
mincova 	1	6
chyzerovecká 	1	6
márie ružencovej 	2	6
váhu 	1	6
račianske 	1	6
záručná a 	2	6
urban 	1	6
azalková 	1	6
námestie gen. milana 	3	6
hoffer 	1	6
súdna 	1	6
švabinského 	1	6
koreszkova 	1	6
umenia 	1	6
teodora 	1	6
záhradkárska osada poľnohospodár 	3	6
škola rakovec 	2	6
klapku 	1	6
tobrucká 	1	6
ždiar 	1	6
myslenická 	1	6
hugolína 	1	6
dlhom 	1	6
poľnohospodárske družstvo 	2	6
inštitút 	1	6
hríbiky 	1	6
svätej kataríny alexandrijskej 	3	6
čapajevova 	1	6
bošianska 	1	6
stredná odborná škola technická 	4	6
guothova 	1	6
surdoku 	1	6
súkromná mš 	2	6
továrenská štvrť 	2	6
nábrežie za 	2	6
tomašovská 	1	6
pod šibeňou 	2	6
chotárna 	1	6
imricha karvaša 	2	6
údernícka 	1	6
tuhovská 	1	6
martinengova 	1	6
škola rakovec nad ondavou 	4	6
marca 	1	6
u švejka 	2	6
corleone 	1	6
klčové 	1	6
zámkom 	1	6
stredná umelecká škola 	3	6
šport pub 	2	6
kamenci 	1	6
janka kalinčiaka 	2	6
zadná 	1	6
baumax 	1	6
rínok 	1	6
staré mesto 	2	6
jakuba kraya 	2	6
michala archaniela 	2	6
podkova 	1	6
obvodný úrad 	2	6
stredné odborné učilište 	3	6
lazianska 	1	6
drink 	1	6
gojdiča 	1	6
rúbanisko i 	2	6
coctail 	1	6
zimný 	1	6
traťou 	1	6
sadrovcová 	1	6
oľšavská 	1	6
stará vinárska 	2	6
obežná 	1	6
kaplnke 	1	6
don bosca 	2	6
žnatinská 	1	6
malohontská 	1	6
lihoveckého 	1	6
miestna knižnica petržalka 	3	6
oddelenie pz 	2	6
uhorskej 	1	6
šibeňou horou 	2	6
záručná a rozvojová banka 	4	6
na sitine 	2	6
júdu 	1	6
delostrelcov 	1	6
kašmírska 	1	6
toplianska 	1	6
vrátna 	1	6
lomená 	1	6
žáryho 	1	6
záručná a rozvojová 	3	6
šifríka 	1	6
malacká cesta 	2	6
black 	1	6
ústav na výkon trestu 	4	6
želiarska 	1	6
pri habánskom mlyne 	3	6
dubnica nad 	2	6
oddelenie košice 	2	6
raiffeisen bank 	2	6
stop 	1	6
medzierka 	1	6
svätého andreja 	2	6
horné vinice 	2	6
u adama 	2	6
brusnicová 	1	6
štrková 	1	6
lúčkami 	1	6
žofijská 	1	6
dobrovoľníkov 	1	6
zš a mš 	3	6
nonstop 	1	6
škola technická 	2	6
dolinský potok 	2	6
királya 	1	6
döner kebab 	2	6
pharmacy 	1	6
galanta 	1	6
farmácia 	1	6
astra 	1	6
holíčska 	1	6
ľudovíta okánika 	2	6
okresné riaditeľstvo pz 	3	6
studňa 	1	6
juraja holčeka 	2	6
kalnická cesta 	2	6
údolná 	1	6
nad lúčkami 	2	6
zámky 	1	6
šurianska 	1	6
svätého matúša 	2	6
pedagogická fakulta 	2	6
svätého štefana uhorského 	3	6
matričný úrad 	2	6
a sociálna 	2	6
jozefa weisseho 	2	6
obvodné oddelenie pz 	3	6
teplice 	1	6
pod kaplnkou 	2	6
koncová 	1	6
samosprávneho kraja 	2	6
slovenská záručná 	2	6
panorama 	1	6
družstevný 	1	6
lehota 	1	6
lomnica 	1	6
krtíšska cesta 	2	6
stredné odborné 	2	6
ambrova 	1	6
ruža 	1	6
tango 	1	6
sokolice 	1	6
svätého vendelína 	2	6
panna mária 	2	6
lagúna 	1	6
bus 	1	6
olejkárska 	1	6
materskou školou v 	3	6
triedy 	1	6
svet 	1	6
sv. márie 	2	6
krivánska 	1	6
hradné 	1	6
bellu 	1	6
vilová 	1	6
pod zámkom 	2	6
labutia 	1	6
škola elektrotechnická 	2	6
gábora 	1	6
villa 	1	6
záskalická 	1	6
močiarna 	1	6
podlavická 	1	6
coffe 	1	6
braxatorisa 	1	6
orlia 	1	6
lúke 	1	6
labuť 	1	5
jánošík 	1	5
malá okružná 	2	5
gyulu 	1	5
matunákova 	1	5
prachárni 	1	5
výhon 	1	5
na karasiny 	2	5
zelený kríčok 	2	5
clementisove sady 	2	5
borkut 	1	5
jozefa čabelku 	2	5
iii. 	1	5
kuneradská 	1	5
sk 	1	5
filozofická fakulta 	2	5
martina hattalu 	2	5
detské centrum 	2	5
jozefa braneckého 	2	5
kármána 	1	5
tatranská magistrála 	2	5
povýšenie svätého kríža 	3	5
javornícka 	1	5
ina kysuce 	2	5
hliníky 	1	5
morávku 	1	5
lipovec 	1	5
košických mučeníkov 	2	5
prístupová 	1	5
luna 	1	5
škorpióna 	1	5
železná 	1	5
raketová 	1	5
juraja kréna 	2	5
pomocnice kresťanov 	2	5
homolova 	1	5
búdková 	1	5
sofia 	1	5
filozofická 	1	5
medený hámor 	2	5
pizzeria la 	2	5
paul 	1	5
hlohovská 	1	5
privatbanka 	1	5
björnstjerna björnsona 	2	5
anjelov 	1	5
pod vežou 	2	5
ostrove 	1	5
kisdyho 	1	5
záhrade 	1	5
podzámocká 	1	5
držkovcov 	1	5
malacky 	1	5
kudlovská 	1	5
tokajská 	1	5
hrádok 	1	5
vd 	1	5
horánskej 	1	5
kľúčik 	1	5
vrchom 	1	5
tomášikovo 	1	5
st. 	1	5
tília 	1	5
klinickej 	1	5
š. m. daxnera 	3	5
šmeralova 	1	5
elektrárenská cesta 	2	5
psíky 	1	5
macharova 	1	5
spartakovská 	1	5
čabelku 	1	5
stará prievozská 	2	5
winterova 	1	5
nábrežie za hydrocentrálou 	3	5
kapitána morávku 	2	5
zdravotnícke 	1	5
sole 	1	5
fejova 	1	5
narodenia presvätej bohorodičky 	3	5
rudolfa dilonga 	2	5
dolná ružová 	2	5
trio 	1	5
baník 	1	5
martina sokola 	2	5
západný rad 	2	5
stražanská 	1	5
drotárska cesta 	2	5
val 	1	5
real-k 	1	5
husitská cesta 	2	5
korze 	1	5
hroboňova 	1	5
námestie eleny maróthy 	3	5
orion 	1	5
pedagogická a sociálna akadémia 	4	5
juhom 	1	5
kvp 	1	5
de paul 	2	5
ing. ondreja 	2	5
dominika tatarku 	2	5
panny márie pomocnice 	3	5
predné halny 	2	5
detská fakultná nemocnica 	3	5
eötvösova 	1	5
viničky 	1	5
alberta škarvana 	2	5
gorlická 	1	5
tir 	1	5
povýšenie 	1	5
malookočská 	1	5
umb 	1	5
a materská 	2	5
expres 	1	5
iľjiča 	1	5
valentína matrku 	2	5
cesta na klanec 	3	5
vrbenského 	1	5
právnická 	1	5
vrbovská cesta 	2	5
sladovnícka 	1	5
bašte 	1	5
králika 	1	5
čenčice 	1	5
čučmianska 	1	5
bakulíniho 	1	5
banícke 	1	5
čsl. 	1	5
kútoch 	1	5
studenohorská 	1	5
námestie sv. imricha 	3	5
gate 	1	5
zamarovská 	1	5
na lány 	2	5
puškina 	1	5
denné 	1	5
bunker 	1	5
kysihýbeľská 	1	5
tŕnie 	1	5
ladislava sáru 	2	5
a materská škola 	3	5
odňatia slobody 	2	5
kozákova dolina 	2	5
námestie kapitána nálepku 	3	5
filipa a jakuba 	3	5
jána jiskru 	2	5
mihálya 	1	5
andreja trúchleho 	2	5
beňovského 	1	5
ozorovská 	1	5
bedřicha 	1	5
šúdolská 	1	5
panny márie snežnej 	3	5
dr. vladimíra 	2	5
o. 	1	5
farbiarska 	1	5
urpínom 	1	5
mnešická 	1	5
štepnici 	1	5
zemiansky 	1	5
wc 	1	5
ústav na výkon trestu odňatia 	5	5
cechy 	1	5
generála štefánika 	2	5
ľudovej 	1	5
hajdóczyho 	1	5
kubačova 	1	5
litovská 	1	5
oremlaz 	1	5
nábrežie janka kráľa 	3	5
la putika 	2	5
predmestská 	1	5
agro 	1	5
škola a 	2	5
na klanec 	2	5
lípy 	1	5
zdiar 	1	5
paseka 	1	5
gábora steinera 	2	5
sv. trojice 	2	5
soblahov 	1	5
poľovská 	1	5
slovenskej armády 	2	5
krajské riaditeľstvo 	2	5
vladina 	1	5
lekáreň u sv. 	3	5
košútska 	1	5
u raka 	2	5
dilonga 	1	5
doner kebab 	2	5
magic club 	2	5
olbrachta 	1	5
štátna vedecká knižnica 	3	5
gronárska 	1	5
záhradkárska osada padličkovo 	3	5
alexandra rudnaya 	2	5
zádielska 	1	5
berlínska 	1	5
dúbravka 	1	5
ortútska 	1	5
sociálna akadémia 	2	5
hlinenská cesta 	2	5
zámková 	1	5
na dlhom 	2	5
pri majeri 	2	5
starorímska 	1	5
alojza 	1	5
šport club 	2	5
stará spišská cesta 	3	5
klokočova 	1	5
jiskru 	1	5
fortuna 	1	5
pod tehelňou 	2	5
vysoké 	1	5
osada padličkovo 	2	5
dr. martina 	2	5
zlatá baňa 	2	5
tržná 	1	5
kozla 	1	5
dk 	1	5
beniaka 	1	5
nováky 	1	5
velehradská 	1	5
februárového víťazstva 	2	5
vlčkova 	1	5
breh 	1	5
wolkrova 	1	5
klenovčok 	1	5
hôrka 	1	5
lekára pre dospelých 	3	5
truck 	1	5
bedřicha smetanu 	2	5
ružomberok 	1	5
hazz 	1	5
očovská 	1	5
apoštolov 	1	5
pod borinou 	2	5
malachovská cesta 	2	5
samoobslužná 	1	5
služba 	1	5
jahodnícka 	1	5
sobieskeho 	1	5
vrakunská cesta 	2	5
lúč 	1	5
cafe restaurant 	2	5
ondrášovská 	1	5
rudnaya 	1	5
uz 	1	5
sedlo 	1	5
u škorpióna 	2	5
michala kišša 	2	5
na výkon trestu odňatia 	4	5
škola s materskou školou v 	5	5
výkon trestu odňatia slobody 	4	5
k lesu 	2	5
ladislava novomestského 	2	5
pri nemocnici 	2	5
panny marie 	2	5
dolné bašty 	2	5
kostol sv. martina 	3	5
straku 	1	5
bôrická cesta 	2	5
banícke námestie 	2	5
detská fakultná 	2	5
snack bar 	2	5
palmová 	1	5
nová dubnica 	2	5
východ 	1	5
alcatraz 	1	5
sv. kríža 	2	5
little 	1	5
dózsova 	1	5
mekong 	1	5
zolnianska 	1	5
idanská 	1	5
grešáka 	1	5
učiteľská 	1	5
ivana horvátha 	2	5
bon 	1	5
vidrmoch 	1	5
penzión pod 	2	5
križkova 	1	5
pezinok 	1	5
opatovská cesta 	2	5
sklad 	1	5
dolná kolónia 	2	5
horný majer 	2	5
valentína beniaka 	2	5
stodolova 	1	5
vendelínska 	1	5
sergejeviča puškina 	2	5
povýšenie svätého 	2	5
alibaba 	1	5
uno 	1	5
žiakov 	1	5
iv. 	1	5
sergejeviča 	1	5
vincenta de 	2	5
kacvinského 	1	5
ráztocká 	1	5
dvoch 	1	5
moja samoška 	2	5
shanghai 	1	5
koniarekova 	1	5
kolpašská 	1	5
ľudovíta stárka 	2	5
björnsona 	1	5
odňatia 	1	5
ježiša 	1	5
postupimská 	1	5
klanec 	1	5
palešovo 	1	5
sanatórium 	1	5
brezno 	1	5
kubániho 	1	5
bitúnková 	1	5
borinou 	1	5
atm 	1	5
súťažná 	1	5
vincenta de paul 	3	5
sport pub 	2	5
sklabinská 	1	5
pavilón 	1	5
dneperská 	1	5
dobrá 	1	5
pokoja 	1	5
vedecká 	1	5
nostalgia 	1	5
zápotockého 	1	5
mládež 	1	5
luhy 	1	5
music club 	2	5
kotolňa 	1	5
ladislava dérera 	2	5
suchom 	1	5
záporožská 	1	5
a jakuba 	2	5
lysina 	1	5
tibora 	1	5
mudrochova 	1	5
ernesta 	1	5
školský 	1	5
športová hala 	2	5
malá strana 	2	5
a sociálna akadémia 	3	5
nábrežie janka 	2	5
józsefa 	1	5
jašíkova 	1	5
žu 	1	5
care 	1	5
drevený 	1	5
okrajová 	1	5
tanker 	1	5
dúbravská cesta 	2	5
ďurčanského 	1	5
kozákova 	1	5
technickej 	1	5
brnenská 	1	5
tatranská lomnica 	2	5
trenčianske 	1	5
svianteka 	1	5
saleziánov 	1	5
kálov 	1	5
nikolaja 	1	5
elokované triedy 	2	5
sytnianskeho 	1	5
bytča 	1	5
kadnára 	1	5
dolnokamenčianska 	1	5
prokuratúra 	1	5
stárka 	1	5
osada u splavu 	3	5
na záhrade 	2	5
kamenné 	1	5
marty 	1	5
pod dolami 	2	5
pri hornáde 	2	5
pajorova 	1	5
hubert 	1	5
eugena 	1	5
mena panny 	2	5
za hydrocentrálou 	2	5
vodáreň 	1	5
prof. 	1	5
autoumýváreň 	1	5
spišská cesta 	2	5
jána hajdóczyho 	2	5
andreja svianteka 	2	5
alexandra sergejeviča puškina 	3	5
sushi bar 	2	5
margity 	1	5
iliašská cesta 	2	5
priemyselná škola stavebná 	3	5
suchom mlyne 	2	5
štvrť snp 	2	5
profesora 	1	5
závodníka 	1	5
duna 	1	5
casa mia 	2	5
kramaisko 	1	5
jakub 	1	5
katolícky kostol 	2	5
technickej univerzity 	2	5
onkologický 	1	5
stará vajnorská 	2	5
univerzitná knižnica 	2	5
sv. juraja 	2	5
stratená 	1	5
bôrická 	1	5
zvonová 	1	5
pokrovnej 	1	5
svätého františka z 	3	5
pod vinicou 	2	5
košických 	1	5
salvator 	1	5
petejovská 	1	5
kopanice 	1	5
tatry 	1	5
azúrová 	1	5
pharmacia 	1	5
trnavské mýto 	2	5
medzev 	1	5
corgoň 	1	5
trestu odňatia 	2	5
clementisove 	1	5
horný rad 	2	5
svätého štefana kráľa 	3	5
vinicou 	1	5
výkon trestu odňatia 	3	5
ing. ondreja kožucha 	3	5
dunajský rad 	2	5
fitness 	1	5
alžbeta 	1	5
námestie mládeže 	2	5
dňa 	1	5
putika 	1	5
pod krížom 	2	5
devätinová 	1	5
štátna vedecká 	2	5
petroviča 	1	5
kišša 	1	5
kragujevská 	1	5
studničná 	1	5
bosorka 	1	5
ľ. štúra 	2	5
kamenica 	1	5
kováčová 	1	5
rýchle občerstvenie 	2	5
trestu odňatia slobody 	3	5
u dvoch 	2	5
mena panny márie 	3	5
viesta 	1	5
ondreja kožucha 	2	5
pod kopanicou 	2	5
vajanského námestie 	2	5
čaklovská 	1	5
presto 	1	5
zátišie 	1	5
marcheggská 	1	5
vežou 	1	5
námestie eleny 	2	5
u michala 	2	5
k horánskej 	2	5
maria 	1	5
beckov 	1	5
uherecká 	1	5
dolinská 	1	5
hradbách 	1	5
záhradkárska osada prútovisko 	3	5
kračanská 	1	5
vráble 	1	5
rakovce 	1	5
dolné hony 	2	5
myjava 	1	5
ambra 	1	5
night 	1	5
gold 	1	5
pko 	1	5
mosadzná 	1	5
ice 	1	5
real 	1	5
námestovo 	1	5
teplička 	1	5
giraltovská 	1	5
slovenský 	1	5
karasiny 	1	5
pri studni 	2	5
ternavská 	1	5
vet 	1	5
kremeľská 	1	5
poľná cesta 	2	5
hornádom 	1	5
okresná 	1	5
vasilieviča 	1	5
mlynské luhy 	2	5
kopanicou 	1	5
markuša 	1	5
v kútoch 	2	5
vu 	1	5
archa 	1	5
björnstjerna 	1	5
ostravská 	1	5
atletická 	1	5
dolami 	1	5
garage 	1	5
shop 	1	5
m. daxnera 	2	5
sv. ladislava 	2	5
manažmentu 	1	5
žabia 	1	5
bažant 	1	5
múzických umení 	2	5
steinera 	1	5
lidicka 	1	5
soľnobanská 	1	5
knižnica v 	2	5
lyžiarska 	1	5
na starej 	2	5
dolnočermánska 	1	5
onkologický ústav 	2	5
uralská 	1	5
krivínska 	1	5
burgundská 	1	5
ikea 	1	5
irkutská 	1	5
music bar 	2	5
kúpeľná cesta 	2	5
iliašská 	1	5
pri suchom mlyne 	3	5
u držkovcov 	2	5
snežná 	1	5
lúčka 	1	5
súmračná 	1	5
kaplnka sv. jána nepomuckého 	4	5
svätej barbory 	2	5
juraja hronca 	2	5
senný 	1	5
zimný štadión 	2	5
evanjelický a.v. 	2	5
venevská 	1	5
carrefour 	1	5
iris 	1	5
cementárska 	1	5
trati 	1	5
strelecká 	1	5
ľubovníková 	1	5
nám. š. m. daxnera 	4	5
ustecká 	1	5
autoumývarka 	1	5
spišská nová 	2	5
novosvetská 	1	5
námestie kapitána 	2	5
lányiho 	1	5
obuvnícka 	1	5
na korze 	2	5
trojka 	1	5
mozartova 	1	5
ivana stodolu 	2	5
kyrmezera 	1	5
hnilecká cesta 	2	5
pilárikova 	1	5
vi 	1	5
tatarku 	1	5
psychiatrická 	1	5
nad jazerom 	2	5
pri rajčanke 	2	5
inn 	1	5
stráne 	1	5
tematinská 	1	5
pod šiancom 	2	5
fabrická 	1	5
častá 	1	5
bradlianska 	1	5
of 	1	5
drotárska 	1	5
dlhá lúka 	2	5
bl. 	1	5
š. m. 	2	5
sv. jakuba 	2	5
základná škola internátna 	3	5
pod sýpkou 	2	5
kubínyho 	1	5
kysuce 	1	5
kamence 	1	5
súkromná stredná odborná škola 	4	5
fabiniho 	1	5
československých parašutistov 	2	5
hornáde 	1	5
kratina 	1	5
krupinská 	1	5
dr. vladimíra clementisa 	3	5
vínna 	1	5
úvrať 	1	5
sološnica 	1	5
u starej 	2	5
prútovisko 	1	5
beethovenova 	1	5
srnčia 	1	5
rajčanke 	1	5
levoča 	1	5
trieda dukelských 	2	5
palermo 	1	5
gessayova 	1	5
vináreň u 	2	5
nanebovzatej 	1	5
bella napoli 	2	5
streda 	1	5
pegas 	1	5
bradáčova 	1	5
mickiewiczova 	1	5
narodenia presvätej 	2	5
jozefa grešáka 	2	5
na mýte 	2	5
klubovňa 	1	5
gorazdovo nábrežie 	2	5
lazaretská 	1	5
white 	1	5
sv. petra 	2	5
žofijská osada 	2	5
snežnej 	1	5
líščie nivy 	2	5
filipa a 	2	5
samoška 	1	5
jazerom 	1	5
na výkon trestu odňatia slobody 	5	5
saleziánska 	1	5
horánskej studni 	2	5
univerzitné 	1	5
kurtaserská 	1	5
armádna 	1	5
pavla kyrmezera 	2	5
okruh 	1	5
stará spišská 	2	5
panoráma 	1	5
štefana majora 	2	5
arnica 	1	5
pod urpínom 	2	5
jozefa robotníka 	2	5
piano 	1	5
slovenské cechy 	2	5
restauracia 	1	5
library 	1	5
kréna 	1	5
vavrinca benedikta 	2	5
nám. š. m. 	3	5
krásnohorská 	1	5
námestie eleny maróthy šoltésovej 	4	5
štefana závodníka 	2	5
trnavské 	1	5
studienke 	1	5
bzovícka 	1	5
medený 	1	5
koliba u 	2	5
martina lányiho 	2	5
kempelenova 	1	5
t 	1	5
kapitána jaroša 	2	5
tretia 	1	5
trieda dukelských hrdinov 	3	5
šimona a júdu 	3	5
gúgska 	1	5
školská jedáleň 	2	5
sandrická 	1	5
prokofievova 	1	5
hornonitrianska 	1	5
langsfelda 	1	5
ivana olbrachta 	2	5
teheľňa 	1	5
farského 	1	5
palešovo námestie 	2	5
primi 	1	5
kríčok 	1	5
krajská 	1	5
trattoria 	1	5
dulovo 	1	5
dedina 	1	5
stomatologická 	1	5
matrku 	1	5
hubeného 	1	5
smetanu 	1	5
na hradbách 	2	5
sedmokrásková 	1	5
eugena suchoňa 	2	5
markušova 	1	5
právnická fakulta 	2	5
zvončínska 	1	5
spišská nová ves 	3	5
dolná trnovská 	2	5
furmanská krčma 	2	5
nemčianska cesta 	2	5
hore 	1	5
čerešňový 	1	5
novomestského 	1	5
marína 	1	5
tomášika 	1	5
trúchleho 	1	5
ix 	1	5
škola pavla 	2	5
priechod 	1	5
medzilaborecká 	1	5
wellness 	1	5
a júdu 	2	5
haina 	1	5
ortútska cesta 	2	5
seberíniho 	1	5
janotova 	1	5
športové gymnázium 	2	5
skladová 	1	5
tešedíkova 	1	5
záhradkárska osada u splavu 	4	5
lekárska fakulta 	2	5
metropol 	1	5
súkromná stredná odborná 	3	5
u kozla 	2	5
alexandra sergejeviča 	2	5
hattalu 	1	5
zlatná 	1	5
u splavu 	2	5
českej lípy 	2	5
škola pri 	2	5
aida 	1	5
havran 	1	5
svätého urbana 	2	5
márie snežnej 	2	5
matejkova 	1	5
brusník 	1	5
fesztyho 	1	5
čremchová 	1	5
kelt 	1	5
bystrický 	1	5
pplk. 	1	5
pod juhom 	2	5
biely dom 	2	5
molecova 	1	5
koliba pod 	2	5
blahoslavenej 	1	5
hydrocentrálou 	1	5
februárového 	1	5
národné 	1	5
konštantínova 	1	5
svrčinovec 	1	5
dulovo námestie 	2	5
škarvana 	1	5
nemčianska 	1	5
karola braxatorisa 	2	5
milana hodžu 	2	5
židovská synagóga 	2	5
rúdlová 	1	5
prokopa veľkého 	2	5
spodná 	1	5
m.r.štefánika 	1	5
námestie svätej trojice 	3	5
halašu 	1	5
hlinenská 	1	5
matuškova 	1	5
malodunajská 	1	5
kostku 	1	5
atrium 	1	5
malachovská 	1	5
rooseveltova 	1	5
požiarnícka 	1	5
bageta 	1	5
gymnázium ladislava novomeského 	3	5
osada prútovisko 	2	5
zdravotníctva 	1	5
zákostolie 	1	5
depo 	1	5
na ostrove 	2	5
kopaničky 	1	5
gazdovský rad 	2	5
kostol sv. jána krstiteľa 	4	5
lux 	1	5
life 	1	5
dr. martina sokola 	3	5
slatinská 	1	5
zoborská 	1	5
nový svet 	2	5
strečnianska 	1	5
šiancom 	1	5
priehradka 	1	5
pri suchom 	2	5
medzinárodného 	1	5
peklo 	1	5
zš sv. 	2	5
senný trh 	2	5
bošianska cesta 	2	5
zlatomoravecká 	1	5
árpáda fesztyho 	2	5
múzických 	1	5
k horánskej studni 	3	5
služieb a 	2	5
vedecká knižnica 	2	5
trend 	1	5
mena 	1	5
alexandra markuša 	2	5
jablonská 	1	5
bukovinská 	1	5
edisonova 	1	5
stavbárov 	1	5
kopčany 	1	5
nám. š. 	2	5
gašpara haina 	2	5
rajčianska 	1	5
árpáda 	1	5
gorazdovo 	1	5
