nguyễn 	1	2815
đường 	1	2517
lộ 	1	2025
văn 	1	1855
quốc 	1	1836
hẻm 	1	1702
số 	1	1639
quốc lộ 	2	1566
lê 	1	1367
cầu 	1	1268
trần 	1	1244
trường 	1	1186
đường số 	2	1068
ngõ 	1	1025
an 	1	775
học 	1	645
thị 	1	616
trung 	1	589
bình 	1	543
hoàng 	1	528
tân 	1	502
phú 	1	497
nguyễn văn 	2	484
phan 	1	462
đức 	1	461
phạm 	1	442
cao 	1	440
nhà 	1	436
nam 	1	430
lý 	1	426
công 	1	422
tháng 	1	420
long 	1	411
thái 	1	400
đình 	1	390
hàng 	1	388
thành 	1	386
quang 	1	384
đại 	1	382
atm 	1	380
tỉnh 	1	376
hồng 	1	372
ngô 	1	371
tiểu 	1	370
đông 	1	365
xuân 	1	360
sơn 	1	359
tiểu học 	2	354
hữu 	1	346
thanh 	1	340
hải 	1	337
minh 	1	330
võ 	1	329
chợ 	1	322
đồng 	1	321
hưng 	1	320
vương 	1	318
hòa 	1	318
hồ 	1	300
viện 	1	300
thcs 	1	300
chùa 	1	297
hà 	1	283
bidv 	1	277
cafe 	1	276
phong 	1	275
việt 	1	271
tôn 	1	269
lương 	1	266
lê văn 	2	261
ngọc 	1	257
tự 	1	256
dương 	1	254
trường tiểu học 	3	251
trường tiểu 	2	251
tỉnh lộ 	2	249
hùng 	1	248
coffee 	1	240
mỹ 	1	239
bà 	1	237
linh 	1	235
kiệt 	1	230
bùi 	1	227
huỳnh 	1	227
thánh 	1	226
thpt 	1	224
phước 	1	221
ba 	1	220
châu 	1	218
đạo 	1	215
bệnh 	1	212
techcombank 	1	211
thắng 	1	211
vietcombank 	1	210
chí 	1	207
bệnh viện 	2	206
phố 	1	206
phát 	1	205
trường thcs 	2	202
nguyễn thị 	2	199
tư 	1	198
trần phú 	2	197
nội 	1	194
hùng vương 	2	192
thờ 	1	192
hoa 	1	191
gia 	1	188
ngân 	1	188
y 	1	188
hồng phong 	2	185
lê hồng phong 	3	185
lê hồng 	2	185
khu 	1	184
trần hưng 	2	183
bến 	1	183
lợi 	1	182
hưng đạo 	2	180
nguyễn hữu 	2	178
tây 	1	176
kim 	1	173
trần hưng đạo 	3	172
thượng 	1	170
phương 	1	170
điện 	1	169
tông 	1	168
duy 	1	168
tấn 	1	167
huy 	1	166
ngân hàng 	2	166
định 	1	166
nhà thờ 	2	165
vân 	1	164
nghĩa 	1	163
ông 	1	162
khoa 	1	162
giáo 	1	161
hai 	1	159
trọng 	1	159
trương 	1	159
mai 	1	158
dân 	1	157
chu 	1	156
nguyên 	1	154
ql 	1	154
tâm 	1	154
xã 	1	153
võ văn 	2	151
văn linh 	2	150
lưu 	1	147
cảnh 	1	145
tl 	1	145
thọ 	1	144
nguyễn văn linh 	3	144
đào 	1	144
chinh 	1	143
quan 	1	143
house 	1	141
trưng 	1	141
thiện 	1	140
tế 	1	140
đặng 	1	140
hương 	1	139
mạng 	1	138
diệu 	1	138
quyền 	1	137
tám 	1	137
xăng 	1	135
quý 	1	135
trạm 	1	134
trường thpt 	2	134
tất 	1	134
cách 	1	134
đa 	1	133
cách mạng 	2	132
anh 	1	132
bạch 	1	132
cao tốc 	2	132
tốc 	1	132
chính 	1	131
mạng tháng 	2	131
cách mạng tháng 	3	131
trường chinh 	2	130
xe 	1	130
giang 	1	130
hội 	1	130
đại học 	2	130
phạm văn 	2	129
vĩnh 	1	129
tiên 	1	129
lê lợi 	2	129
cơ 	1	128
phòng 	1	126
trinh 	1	126
biên 	1	126
hành 	1	125
lạc 	1	124
nhân 	1	123
bank 	1	123
ubnd 	1	123
thường 	1	123
hiệp 	1	122
trãi 	1	122
bộ 	1	121
nguyễn trãi 	2	121
chiểu 	1	120
xóm 	1	120
bắc 	1	120
chi 	1	118
việt nam 	2	118
tổ 	1	118
ngô quyền 	2	118
cư 	1	118
quang trung 	2	117
thất 	1	117
phủ 	1	117
tháng tám 	2	116
nguyễn tất 	2	114
mạng tháng tám 	3	114
đinh 	1	114
sỹ 	1	114
cách mạng tháng tám 	4	114
du 	1	113
quán 	1	113
nguyễn tất thành 	3	112
caphe 	1	112
tất thành 	2	112
trung tâm 	2	112
khai 	1	111
thuận 	1	111
vượt 	1	111
lê văn sỹ 	3	111
văn sỹ 	2	111
thiên 	1	110
phùng 	1	110
lai 	1	110
đức thắng 	2	107
tôn đức 	2	106
ninh 	1	106
tôn đức thắng 	3	106
huyện 	1	105
vạn 	1	105
đằng 	1	105
lô 	1	105
khánh 	1	104
tô 	1	103
đoàn 	1	103
non 	1	103
lâm 	1	103
và 	1	102
nguyễn thái 	2	102
lý thường 	2	101
cầu vượt 	2	101
minh khai 	2	100
thuật 	1	100
liên 	1	100
lộc 	1	99
lý thường kiệt 	3	98
thường kiệt 	2	98
phường 	1	98
vào 	1	97
thạnh 	1	97
trần văn 	2	97
phúc 	1	96
thế 	1	96
mầm 	1	95
bá 	1	95
huỳnh tấn phát 	3	95
xứ 	1	95
tấn phát 	2	95
huỳnh tấn 	2	95
đại lộ 	2	94
mầm non 	2	94
a 	1	93
trang 	1	93
đà 	1	93
huệ 	1	92
giáo xứ 	2	92
pháp 	1	92
cừ 	1	91
duẩn 	1	91
tĩnh 	1	91
yên 	1	90
sông 	1	90
lê duẩn 	2	90
trần quốc 	2	90
lê thánh 	2	90
mươi 	1	90
thông 	1	89
hà nội 	2	89
restaurant 	1	88
văn cừ 	2	88
bưu 	1	88
hoàng văn 	2	88
võ văn kiệt 	3	88
văn kiệt 	2	88
biên phủ 	2	87
lê lai 	2	87
mạc 	1	87
bùi thị 	2	87
dầu 	1	86
hai bà trưng 	3	86
hai bà 	2	86
bà trưng 	2	86
nguyễn văn cừ 	3	86
nguyễn du 	2	85
miếu 	1	85
mươi tháng 	2	85
nhất 	1	85
ba mươi tháng 	3	84
sở 	1	84
ba mươi 	2	84
sáu 	1	84
thạch 	1	84
trần quang 	2	84
thái tổ 	2	84
cổ 	1	83
nguyễn đình 	2	83
nghệ 	1	83
nội bộ 	2	83
lan 	1	83
y tế 	2	82
khiêm 	1	82
đường nội 	2	82
kỳ 	1	82
quảng 	1	82
cây 	1	81
ca 	1	81
nhà hàng 	2	81
vũ 	1	80
hạ 	1	80
đường nội bộ 	3	80
bạch đằng 	2	79
lý thái 	2	79
đăng 	1	79
đê 	1	78
agribank 	1	78
văn đồng 	2	78
tùng 	1	77
phạm văn đồng 	3	77
thám 	1	76
phan đình 	2	76
bưu điện 	2	76
tháng tư 	2	76
bội 	1	76
nguyễn thiện 	2	76
đầu 	1	76
triển 	1	75
thánh tông 	2	75
nguyễn huệ 	2	75
tôn thất 	2	75
vinh 	1	75
ngo 	1	75
gia tự 	2	75
phan bội châu 	3	74
thống 	1	74
lý thái tổ 	3	74
bội châu 	2	74
thụ 	1	74
thị minh khai 	3	74
phan bội 	2	74
thủy 	1	74
thị minh 	2	74
nguyễn thị minh 	3	74
nguyễn thị minh khai 	4	74
văn an 	2	73
vietinbank 	1	72
chung 	1	72
kinh 	1	72
khởi 	1	72
thái học 	2	71
nội bộ lô 	3	71
ba mươi tháng tư 	4	71
đường nội bộ lô 	4	71
mươi tháng tư 	3	71
văn thụ 	2	71
bộ lô 	2	71
ngô gia 	2	71
phát triển 	2	70
võ thị 	2	70
đỗ 	1	70
hóa 	1	70
nguyễn thái học 	3	70
ngách 	1	70
hoàng văn thụ 	3	70
thôn 	1	70
la 	1	70
khê 	1	70
bến xe 	2	70
nguyễn hữu cảnh 	3	69
nha 	1	69
hữu cảnh 	2	69
thúc 	1	69
thăng 	1	69
hàm 	1	69
nguyễn chí 	2	68
kênh 	1	68
tri 	1	68
giáp 	1	68
đa khoa 	2	68
thiện thuật 	2	68
nguyễn công 	2	68
xá 	1	68
triệu 	1	68
nguyễn thiện thuật 	3	68
công an 	2	68
thủ 	1	67
sinh 	1	67
đào duy 	2	67
thống nhất 	2	67
ngô gia tự 	3	67
toản 	1	67
thị sáu 	2	67
b 	1	67
chu văn 	2	66
the 	1	66
chu văn an 	3	66
cát 	1	66
quận 	1	66
tam 	1	66
chí thanh 	2	66
phụ 	1	66
hồ chí 	2	66
hiền 	1	66
đầu tư 	2	66
nguyễn chí thanh 	3	66
trường mầm 	2	66
kế 	1	66
quân 	1	66
cái 	1	66
từ 	1	65
văn trỗi 	2	65
trỗi 	1	65
võ thị sáu 	3	65
nguyễn văn trỗi 	3	65
cần 	1	65
viết 	1	65
trường mầm non 	3	65
lăng 	1	64
quy 	1	64
cà 	1	64
hữu thọ 	2	64
nguyễn hữu thọ 	3	64
hoàng hoa 	2	63
tư và 	2	63
pháp vân 	2	63
đẳng 	1	63
đầu tư và 	3	63
và phát triển 	3	63
thới 	1	63
và phát 	2	63
ngân hàng đầu 	3	62
phát triển việt 	3	62
kiều 	1	62
triển việt nam 	3	62
triển việt 	2	62
cao đẳng 	2	62
bàu 	1	62
hàng đầu tư 	3	62
chánh 	1	62
hàng đầu 	2	62
phát triển việt nam 	4	62
thăng long 	2	62
ngân hàng đầu tư 	4	62
nhơn 	1	62
phe 	1	62
ngã 	1	61
đầu tư và phát 	4	61
nguyễn đình chiểu 	3	61
đầu tư và phát triển 	5	61
hàng đầu tư và 	4	61
bỉnh 	1	61
ca phe 	2	61
tư và phát 	3	61
hoa thám 	2	61
ngân hàng đầu tư và 	5	61
hàng đầu tư và phát 	5	61
và phát triển việt nam 	5	61
và phát triển việt 	4	61
đình chiểu 	2	61
sa 	1	61
đôn 	1	61
tư và phát triển 	4	61
hoàng hoa thám 	3	61
tư và phát triển việt 	5	61
petrolimex 	1	61
phan chu trinh 	3	60
điện biên 	2	60
hải phòng 	2	60
phan chu 	2	60
chu trinh 	2	60
hoàng diệu 	2	60
chung cư 	2	59
trạm xăng 	2	59
lập 	1	59
tập 	1	58
điện biên phủ 	3	58
bảo 	1	58
vòng 	1	57
hoà 	1	57
nghị 	1	57
viên 	1	57
đình phùng 	2	56
nguyễn tri 	2	56
bằng 	1	56
tri phương 	2	56
nguyễn bỉnh 	2	56
nẵng 	1	56
nguyễn tri phương 	3	56
phan đình phùng 	3	56
đà nẵng 	2	56
nguyễn bỉnh khiêm 	3	55
bỉnh khiêm 	2	55
ngũ 	1	55
tin 	1	55
tử 	1	55
lão 	1	55
lam 	1	55
nghi 	1	55
trần nguyên 	2	55
hà huy 	2	54
ðình 	1	54
trứ 	1	54
phạm ngọc 	2	54
lê quý 	2	54
ty 	1	54
lê thánh tông 	3	54
hậu 	1	54
bửu 	1	54
quốc toản 	2	53
đường tỉnh 	2	53
lý tự 	2	53
tự trọng 	2	53
tiên hoàng 	2	53
lý tự trọng 	3	53
thương 	1	52
tiến 	1	52
cao tốc pháp vân 	4	52
quý đôn 	2	52
tp. 	1	52
viện đa khoa 	3	52
âu 	1	52
cao tốc pháp 	3	52
tốc pháp 	2	52
vườn 	1	52
viện đa 	2	52
lê quý đôn 	3	52
tốc pháp vân 	3	52
dẫn 	1	51
chân 	1	51
nhân tông 	2	51
trị 	1	51
bệnh viện đa khoa 	4	51
trần quốc toản 	3	51
bệnh viện đa 	3	51
công ty 	2	50
giao 	1	50
đường nguyễn 	2	50
hiến 	1	50
truyền 	1	50
công trứ 	2	50
đinh tiên 	2	50
đường dẫn 	2	50
đinh tiên hoàng 	3	50
nhánh 	1	50
trung lương 	2	49
trịnh 	1	49
bãi 	1	49
tt 	1	49
ngọc thạch 	2	49
hàn 	1	49
lãn ông 	2	49
phê 	1	49
lãn 	1	49
hòa bình 	2	48
van 	1	48
trà 	1	48
nguyen 	1	48
học nguyễn 	2	48
trạm y 	2	48
quang diệu 	2	48
hồ văn 	2	48
trạm y tế 	3	48
phà 	1	48
trần quang diệu 	3	47
rạch 	1	47
đế 	1	47
bánh 	1	47
sài 	1	47
thích 	1	47
trực 	1	47
mẫu 	1	47
duong 	1	47
sư 	1	47
nước 	1	47
lotteria 	1	47
đi 	1	47
nguyễn ðình 	2	47
cà phê 	2	47
phan văn 	2	46
đường đê 	2	46
trần nhân 	2	46
lo 	1	46
dịch 	1	46
sĩ 	1	46
tp 	1	46
phạm ngọc thạch 	3	45
trần nhân tông 	3	45
tiểu học nguyễn 	3	45
vành 	1	45
thượng lãn ông 	3	45
gòn 	1	45
thượng lãn 	2	45
đoạn 	1	45
lạc long 	2	45
thị xuân 	2	45
sacombank 	1	45
nguyễn ðình chiểu 	3	45
bùi thị xuân 	3	45
nguyễn công trứ 	3	45
an ninh 	2	45
ðình chiểu 	2	45
cống 	1	44
phở 	1	44
á 	1	44
bar 	1	44
tiền 	1	44
đai 	1	44
siêu 	1	44
lê đại 	2	44
giã 	1	44
hiệu 	1	44
đường vào 	2	43
đội 	1	43
quốc việt 	2	43
giai 	1	43
âu cơ 	2	43
cơm 	1	43
cộng 	1	43
kfc 	1	43
láng 	1	43
thi 	1	43
kim đồng 	2	42
hồng thái 	2	42
hoàng quốc 	2	42
hải thượng 	2	42
ngũ lão 	2	42
lê đại hành 	3	42
trong 	1	42
bình giã 	2	42
mậu 	1	42
liêm 	1	42
phương lưu 	2	42
hoàng quốc việt 	3	42
điểm 	1	42
trí 	1	42
nguyễn an 	2	42
của 	1	42
khởi nghĩa 	2	42
đàn 	1	42
kiên 	1	42
đại hành 	2	42
tần 	1	41
làng 	1	41
vành đai 	2	41
đô 	1	41
tốc trung lương 	3	41
phạm hồng 	2	41
dẫn vào 	2	41
đường dẫn vào cao tốc 	5	41
dẫn vào cao tốc 	4	41
trần bình 	2	41
c 	1	41
vào cao 	2	41
tuệ 	1	41
vào cao tốc trung lương 	5	41
lê thị 	2	41
máy 	1	41
tân quy 	2	41
dẫn vào cao tốc trung 	5	41
tốc trung 	2	41
hải thượng lãn ông 	4	41
nghề 	1	41
vào cao tốc trung 	4	41
hãn 	1	41
đh 	1	41
cửa 	1	41
phạm hồng thái 	3	41
cao tốc trung lương 	4	41
vào cao tốc 	3	41
cao tốc trung 	3	41
hải thượng lãn 	3	41
nhiên 	1	41
dẫn vào cao 	3	41
gò 	1	41
hổ 	1	41
huỳnh thúc 	2	41
đường dẫn vào cao 	4	41
thơ 	1	41
tinh 	1	41
nghiệp 	1	41
đường dẫn vào 	3	41
đền 	1	40
long quân 	2	40
thúc kháng 	2	40
kỳ khởi nghĩa 	3	40
đường cao 	2	40
bạc 	1	40
trần xuân 	2	40
an dương 	2	40
xô 	1	40
dư 	1	40
nam kỳ khởi nghĩa 	4	40
chúa 	1	40
phạm ngũ 	2	40
xăng dầu 	2	40
thuốc 	1	40
lạc long quân 	3	40
huỳnh thúc kháng 	3	40
phạm ngũ lão 	3	40
kỳ khởi 	2	40
nam kỳ khởi 	3	40
quảng đức 	2	40
sài gòn 	2	40
cẩm 	1	40
kháng 	1	40
nam kỳ 	2	40
cấp 	1	39
khải 	1	39
hàm nghi 	2	39
khương 	1	39
dương vương 	2	39
tự nhiên 	2	39
nguyễn an ninh 	3	39
đán 	1	38
hương lộ 	2	38
cao thắng 	2	38
tố 	1	38
đường cao tốc 	3	38
dũng 	1	38
quy đông 	2	38
đường đi 	2	38
phù 	1	38
động 	1	38
trần bình trọng 	3	38
rừng 	1	38
thánh tôn 	2	38
tân quy đông 	3	38
bình trọng 	2	38
thpt nguyễn 	2	38
phan đăng 	2	37
bùi thị tự 	3	37
xuyên 	1	37
bà triệu 	2	37
saigon 	1	37
nhật 	1	37
ngõ phụ 	2	37
nghệ tĩnh 	2	37
cu 	1	37
nhậm 	1	37
xa 	1	37
thảo 	1	37
ký 	1	37
tạ 	1	37
cung 	1	37
bùi thị tự nhiên 	4	37
cần thơ 	2	37
sao 	1	37
nhi 	1	37
thị tự 	2	37
thị tự nhiên 	3	37
đoàn thị 	2	37
xô viết 	2	36
đăng lưu 	2	36
tp. hồ 	2	36
bàng 	1	36
lê thánh tôn 	3	36
xô viết nghệ tĩnh 	4	36
tàu 	1	36
khắc 	1	36
viết nghệ tĩnh 	3	36
giải 	1	36
thiều 	1	36
viết nghệ 	2	36
hoàn 	1	36
binh 	1	36
thánh thất 	2	36
cầu kênh 	2	36
trương định 	2	36
ái 	1	36
xô viết nghệ 	3	36
tp. hồ chí 	3	36
phan đăng lưu 	3	36
lý nam 	2	35
xoay 	1	35
hoài 	1	35
duy anh 	2	35
lý nam đế 	3	35
đức kế 	2	35
tràng 	1	35
sác 	1	35
phụng 	1	35
ngõ dân 	2	35
tịnh 	1	35
cô 	1	35
đào duy anh 	3	35
giáng 	1	35
hiển 	1	35
trương công 	2	35
duy tân 	2	35
tân thuận 	2	35
nam đế 	2	35
ngô đức 	2	35
tòa 	1	35
vien 	1	35
điền 	1	35
loan 	1	35
ngô đức kế 	3	35
tốc tp. 	2	34
tp. hồ chí minh-long thành-dầu 	5	34
ngữ 	1	34
nho 	1	34
bùi văn 	2	34
thời 	1	34
cao tốc tp. 	3	34
trấn 	1	34
tốc tp. hồ chí minh-long 	5	34
đò 	1	34
minh-long 	1	34
thích quảng 	2	34
chí minh-long thành-dầu 	3	34
ngoại 	1	34
cao tốc tp. hồ chí 	5	34
hồ chí minh-long thành-dầu 	4	34
tốc tp. hồ 	3	34
chí minh-long thành-dầu giây 	4	34
giây 	1	34
trân 	1	34
cao tốc tp. hồ 	4	34
biển 	1	34
chí minh-long 	2	34
lỗ 	1	34
cá 	1	34
rừng sác 	2	34
đường cao tốc tp. hồ 	5	34
soạn 	1	34
thịnh 	1	34
thích quảng đức 	3	34
trần nguyên đán 	3	34
trường trung 	2	34
hồ chí minh-long thành-dầu giây 	5	34
tốc tp. hồ chí 	4	34
minh-long thành-dầu giây 	3	34
thành-dầu 	1	34
minh-long thành-dầu 	2	34
hồ chí minh-long 	3	34
nguyên đán 	2	34
huân 	1	34
thành-dầu giây 	2	34
công định 	2	34
tạo 	1	34
đường cao tốc tp. 	4	34
khat 	1	34
tp. hồ chí minh-long 	4	34
thuyết 	1	33
ubnd xã 	2	33
an thượng 	2	33
phóng 	1	33
mã 	1	33
thập 	1	33
nông 	1	33
nữ 	1	33
giải phóng 	2	33
school 	1	33
chí minh 	2	33
nguyễn duy 	2	33
huyền 	1	33
nguyễn đức 	2	33
cây xăng 	2	33
thị điểm 	2	33
văn hóa 	2	33
lê quang 	2	33
sen 	1	33
an dương vương 	3	33
vòng xoay 	2	33
trần xuân soạn 	3	33
trương công định 	3	33
đức thọ 	2	33
xuân soạn 	2	33
trường cao 	2	32
xa lộ hà 	3	32
hồ chí minh 	3	32
đoàn thị điểm 	3	32
hà huy tập 	3	32
lộ hà nội 	3	32
xa lộ 	2	32
văn cao 	2	32
lê đức 	2	32
cơ sở 	2	32
tinh lo 	2	32
cầu rạch 	2	32
huê 	1	32
huy tập 	2	32
trường cao đẳng 	3	32
bưởi 	1	32
dân sinh 	2	32
hạnh 	1	32
phật 	1	32
lộ hà 	2	32
lương bằng 	2	32
thân 	1	32
nguyễn lương bằng 	3	32
lê đức thọ 	3	32
trần quý 	2	32
xa lộ hà nội 	4	32
trường tiểu học nguyễn 	4	32
nguyễn lương 	2	32
bờ 	1	31
cầu số 	2	31
trung cấp 	2	31
liêu 	1	31
an hải 	2	31
thất thuyết 	2	31
tôn thất thuyết 	3	31
ngô thời 	2	31
thcs nguyễn 	2	31
thái bình 	2	31
giai khat 	2	31
dong 	1	31
nguyễn trung 	2	31
chương 	1	31
le 	1	31
cáp 	1	30
huỳnh văn 	2	30
đông khê 	2	30
lang 	1	30
an phú 	2	30
dài 	1	30
ven 	1	30
dung 	1	30
tôn thất tùng 	3	30
nguyễn thị thập 	3	30
xương 	1	30
thất tùng 	2	30
thị thập 	2	30
tăng 	1	30
lò 	1	30
thai 	1	30
thể 	1	30
tài 	1	30
da 	1	30
tuệ tĩnh 	2	29
võ văn tần 	3	29
phần 	1	29
ích 	1	29
châu văn 	2	29
đồng khởi 	2	29
trạch 	1	29
khách 	1	29
dat 	1	29
mới 	1	29
garden 	1	29
bình dương 	2	29
mân 	1	29
ngõ dân sinh 	3	29
bán 	1	29
dục 	1	29
mười 	1	29
quang khải 	2	29
phan huy 	2	29
tre 	1	29
văn tần 	2	29
lũng 	1	29
trần quang khải 	3	29
va 	1	29
lãnh 	1	29
đường liên 	2	29
đài 	1	28
an phường 	2	28
duy từ 	2	28
lộ thăng 	2	28
đào duy từ 	3	28
nguyễn thượng 	2	28
thượng hiền 	2	28
tây sơn 	2	28
hán 	1	28
ngoc 	1	28
lương thế 	2	28
quốc tế 	2	28
mẫu giáo 	2	28
trường tộ 	2	28
kiêu 	1	28
ngã tư 	2	28
phạm 	1	28
chxd 	1	28
nguyễn trường tộ 	3	28
đại nghĩa 	2	28
dân cư 	2	28
tộ 	1	28
hữu nghĩa 	2	28
đại lộ thăng long 	4	28
trì 	1	28
lộ thăng long 	3	28
thị trấn 	2	28
lữ 	1	28
đại lộ thăng 	3	28
nguyễn trường 	2	28
phạm hùng 	2	28
international 	1	27
đường hồ 	2	27
huyện thanh 	2	27
phổ 	1	27
hẻm số 	2	27
nhị 	1	27
dat nho va duo 	4	27
hồ xuân 	2	27
tin lành 	2	27
trung trực 	2	27
nho va 	2	27
học lê 	2	27
thế vinh 	2	27
lễ 	1	27
sát 	1	27
hồ văn huê 	3	27
đổng 	1	27
lành 	1	27
trần đại nghĩa 	3	27
nại 	1	27
đào tấn 	2	27
acb 	1	27
yết 	1	27
dat nho 	2	27
trần đại 	2	27
ubnd phường 	2	27
duong dat 	2	27
duong dat nho va 	4	27
duong dat nho va duo 	5	27
dat nho va 	3	27
duo 	1	27
xuân hương 	2	27
ly 	1	27
năng 	1	27
núi 	1	27
song 	1	27
đặng văn 	2	27
café 	1	27
đông á 	2	27
duong dat nho 	3	27
văn huê 	2	27
lịch 	1	27
va duo 	2	27
tan 	1	27
nho va duo 	3	27
công an phường 	3	27
bùi hữu 	2	27
nguyễn thượng hiền 	3	27
đỏ 	1	27
phạm hữu 	2	27
lương thế vinh 	3	27
phùng hưng 	2	27
lê thanh 	2	26
tô hiến thành 	3	26
duật 	1	26
cộng hòa 	2	26
cầu ông 	2	26
tân hiệp 	2	26
khuê 	1	26
nguyễn 	1	26
tiểu học lê 	3	26
nguyễn trung trực 	3	26
cù 	1	26
tú 	1	26
lớn 	1	26
bùi văn ba 	3	26
hiến thành 	2	26
trần thị 	2	26
văn liêm 	2	26
sản 	1	26
thủ đức 	2	26
văn ba 	2	26
vọng 	1	26
bài 	1	26
tô hiến 	2	26
hiếu 	1	26
đống 	1	26
bùi hữu nghĩa 	3	26
tuy 	1	26
hồ xuân hương 	3	26
hưu 	1	26
thượng đoạn 	2	26
ái quốc 	2	25
cửu 	1	25
khuyến 	1	25
phía 	1	25
thu 	1	25
tháp 	1	25
châu văn liêm 	3	25
nguyễn ái quốc 	3	25
nguyễn ái 	2	25
tiên sơn 	2	25
bính 	1	25
bạc liêu 	2	25
mộc 	1	25
thuyên 	1	25
viet 	1	25
vạn mỹ 	2	25
hành chính 	2	25
yết kiêu 	2	25
kiệm 	1	25
thư 	1	25
võ nguyên giáp 	3	25
kha 	1	25
võ nguyên 	2	25
niên 	1	25
hán siêu 	2	25
lĩnh 	1	25
nguyễn khuyến 	2	25
trường sa 	2	25
ha 	1	25
nguyên giáp 	2	25
bia 	1	25
đăk 	1	25
tower 	1	25
thanh nghị 	2	24
tượng 	1	24
lê thanh nghị 	3	24
nguyễn thái bình 	3	24
công chúa 	2	24
nhà thờ giáo 	3	24
tạ quang bửu 	3	24
đốc 	1	24
hang 	1	24
quang bửu 	2	24
bao 	1	24
cao vân 	2	24
an bình 	2	24
trần cao vân 	3	24
đống đa 	2	24
cơ quan 	2	24
như 	1	24
quý cáp 	2	24
lê văn hưu 	3	24
hộ 	1	24
văn hưu 	2	24
tô hiệu 	2	24
lôi 	1	24
trần cao 	2	24
thờ giáo 	2	24
suối 	1	24
giấy 	1	24
thị định 	2	24
nguyễn thị định 	3	24
nguyễn phúc 	2	24
kho 	1	24
thanh quan 	2	24
trần quý cáp 	3	24
tạ quang 	2	24
tùng mậu 	2	24
nhật duật 	2	23
nguyễn viết xuân 	3	23
phiên 	1	23
hồ tùng mậu 	3	23
nhuế 	1	23
nam hải 	2	23
bà huyện 	2	23
bà huyện thanh quan 	4	23
nguyễn đức cảnh 	3	23
thần 	1	23
lầu 	1	23
khánh dư 	2	23
nguyễn viết 	2	23
thành thái 	2	23
biểu 	1	23
đức cảnh 	2	23
liệu 	1	23
hàn thuyên 	2	23
đông hải 	2	23
trường thcs nguyễn 	3	23
viết xuân 	2	23
mại 	1	23
trần khánh dư 	3	23
bv 	1	23
cổ nhuế 	2	23
trường trung cấp 	3	23
phục 	1	23
toàn 	1	23
tự động 	2	23
cầu giấy 	2	23
huyện thanh quan 	3	23
chi nhánh 	2	23
trần khánh 	2	23
tu 	1	23
dinh 	1	23
hồ tùng 	2	23
bà huyện thanh 	3	23
tuấn 	1	23
nơ trang 	2	22
cầu bà 	2	22
nữ vương 	2	22
nhuận 	1	22
bích 	1	22
plaza 	1	22
hợp 	1	22
chi lăng 	2	22
xã đàn 	2	22
thờ giáo xứ 	3	22
thiên lôi 	2	22
nơ 	1	22
hào 	1	22
cơ quan hành 	3	22
huy giáp 	2	22
liệt 	1	22
lực 	1	22
phù đổng 	2	22
nhà thờ giáo xứ 	4	22
cầu phú 	2	22
trần nhật duật 	3	22
đồn 	1	22
thao 	1	22
đĩnh chi 	2	22
hà huy giáp 	3	22
of 	1	22
trần nhật 	2	22
mạc đĩnh chi 	3	22
đĩnh 	1	22
quan hành chính 	3	22
máy bán 	2	22
mạc đĩnh 	2	22
cơ quan hành chính 	4	22
trường thpt nguyễn 	3	22
quan hành 	2	22
hắc 	1	21
phó 	1	21
nha khoa 	2	21
đường a 	2	21
nguyên hãn 	2	21
kiến 	1	21
phía đông 	2	21
khanh 	1	21
đất 	1	21
ban 	1	21
họ 	1	21
pizza 	1	21
chú 	1	21
độc 	1	21
chuối 	1	21
cao bá 	2	21
bàn 	1	21
trạc 	1	21
bún 	1	21
văn thái 	2	21
khu dân cư 	3	21
lân 	1	21
diện 	1	21
công nghệ 	2	21
vũng 	1	21
khu dân 	2	21
ăn 	1	21
vành đai phía đông 	4	21
huế 	1	21
xã tân 	2	21
son 	1	21
thanh niên 	2	21
đai phía đông 	3	21
trúc 	1	21
tiền giang 	2	21
ii 	1	21
tránh 	1	21
hoàng sa 	2	21
đá 	1	21
cầu tân 	2	21
đường lê 	2	21
and 	1	21
to 	1	21
xuân diệu 	2	21
côn 	1	21
sóc 	1	21
cty 	1	21
trần nguyên hãn 	3	21
vành đai phía 	3	21
đai phía 	2	21
huy liệu 	2	20
lỗ giáng 	2	20
hòa minh 	2	20
trần huy liệu 	3	20
nhà dân 	2	20
hữu nghị 	2	20
tản 	1	20
độc lập 	2	20
phú xá 	2	20
market 	1	20
trần huy 	2	20
tường 	1	20
bò 	1	20
can 	1	20
học trần 	2	20
cục 	1	20
ðiện biên phủ 	3	20
ðiện 	1	20
cân 	1	20
chuyên 	1	20
đẳng nghề 	2	20
đạt 	1	20
hoàng việt 	2	20
huyền trân 	2	20
thái phiên 	2	20
ðiện biên 	2	20
sông hậu 	2	20
nhà thuốc 	2	20
đường ven 	2	20
ngô thời nhậm 	3	20
cao đẳng nghề 	3	20
de 	1	20
hội thánh 	2	20
thời nhậm 	2	20
lên 	1	20
đt 	1	20
tống 	1	19
lao 	1	19
lăk 	1	19
lê trọng 	2	19
xiển 	1	19
vàng 	1	19
lam sơn 	2	19
cấn 	1	19
kim mã 	2	19
đường hồ chí minh 	4	19
học an 	2	19
ngoại thương 	2	19
dã tượng 	2	19
đình giót 	2	19
chương dương 	2	19
nguyễn huy 	2	19
huyền trân công 	3	19
lê đình 	2	19
quát 	1	19
nguyễn xiển 	2	19
ga 	1	19
tôn đản 	2	19
phi 	1	19
đăk lăk 	2	19
phú mỹ 	2	19
con 	1	19
nguyen van 	2	19
đản 	1	19
tâm y 	2	19
quoc 	1	19
hới 	1	19
đường hồ chí 	3	19
dã 	1	19
thương mại 	2	19
trân công 	2	19
nguyễn bá 	2	19
vạn hạnh 	2	19
sách 	1	19
tiểu học trần 	3	19
mạnh 	1	19
đồ 	1	19
đuờng 	1	19
thành phố 	2	19
phan đình giót 	3	19
co 	1	19
trung tâm y 	3	19
giót 	1	19
vũng tàu 	2	19
thư viện 	2	19
qua 	1	19
quản 	1	18
hoc 	1	18
nhân dân 	2	18
cầu vượt ngã 	3	18
hân 	1	18
thốt 	1	18
thuận tây 	2	18
nguyễn biểu 	2	18
trăng 	1	18
tăng bạt 	2	18
cao bá quát 	3	18
huong 	1	18
phủ thượng 	2	18
đường tránh 	2	18
pho 	1	18
maritime bank 	2	18
tăng bạt hổ 	3	18
quỳnh 	1	18
phủ thượng đoạn 	3	18
đồng 	1	18
nha trang 	2	18
phú lộc 	2	18
trung tâm y tế 	4	18
vạn cân 	2	18
xuân thiều 	2	18
lý thánh 	2	18
station 	1	18
bạt hổ 	2	18
vườn chuối 	2	18
sư phạm 	2	18
trân công chúa 	3	18
huyền trân công chúa 	4	18
tmcp 	1	18
bạt 	1	18
đại lộ bình 	3	18
sân 	1	18
ốc 	1	18
tổng 	1	18
bá quát 	2	18
trẻ 	1	18
lê trọng tấn 	3	18
cầu vượt ngã tư 	4	18
sóc trăng 	2	18
chiếu 	1	18
cau 	1	18
đại lộ bình dương 	4	18
cảnh sát 	2	18
lương văn 	2	18
ủy 	1	18
lộ bình dương 	3	18
trọng tấn 	2	18
vượt ngã 	2	18
khu tập 	2	18
maritime 	1	18
trảng 	1	18
lộ bình 	2	18
tập thể 	2	18
một 	1	18
tâm y tế 	3	18
club 	1	18
trần hữu 	2	18
kha vạn cân 	3	18
vượt ngã tư 	3	18
kha vạn 	2	18
mê 	1	18
donga 	1	18
khu tập thể 	3	18
sắc 	1	18
hoài đức 	2	17
xây 	1	17
bảy 	1	17
ông ích 	2	17
bay 	1	17
ấp 	1	17
trang long 	2	17
nguyen van cu 	3	17
ba cu 	2	17
hát 	1	17
vcb 	1	17
khe 	1	17
tô ngọc 	2	17
nguyễn kiệm 	2	17
phuong 	1	17
tuyên 	1	17
đức chính 	2	17
phong bắc 	2	17
thị hồng 	2	17
trưng nữ vương 	3	17
văn trị 	2	17
song hành 	2	17
tân thuận tây 	3	17
international school 	2	17
cũ 	1	17
sơn thủy 	2	17
cháy 	1	17
cảng 	1	17
phượng 	1	17
nhỏ 	1	17
nơ trang long 	3	17
nốt 	1	17
sanh 	1	17
tên 	1	17
trịnh hoài đức 	3	17
trường đại 	2	17
thì 	1	17
bộ lĩnh 	2	17
mẹ 	1	17
ven biển 	2	17
tô ngọc vân 	3	17
cổ mân 	2	17
bông 	1	17
cầu an 	2	17
phó đức chính 	3	17
trịnh hoài 	2	17
lư 	1	17
ngọc vân 	2	17
ơn 	1	17
bế 	1	17
trưng nữ 	2	17
tân sơn 	2	17
triều 	1	17
đường bưởi 	2	17
building 	1	17
canh 	1	17
thủ khoa 	2	17
xanh 	1	17
an hòa 	2	17
cương 	1	17
liên thôn 	2	17
cầu cái 	2	17
ngân hàng tmcp 	3	17
hiệp thành 	2	17
tray 	1	17
đến 	1	17
đội cấn 	2	17
y tế phường 	3	17
trung học 	2	17
trường đại học 	3	17
tế phường 	2	17
road 	1	17
hàng tmcp 	2	17
đường trường 	2	17
ubnd huyện 	2	17
benh 	1	17
đình làng 	2	17
phó đức 	2	17
tân phú 	2	17
bế văn 	2	17
thạnh lộc 	2	17
van cu 	2	17
an nhơn 	2	17
tp.hcm 	1	17
hoang 	1	16
khám 	1	16
trường sơn 	2	16
gấm 	1	16
thai mai 	2	16
ho 	1	16
lý chính thắng 	3	16
yersin 	1	16
nguyễn kim 	2	16
cù chính lan 	3	16
phạm thế hiển 	3	16
ma 	1	16
nhu 	1	16
benh vien 	2	16
chính thắng 	2	16
phòng khám 	2	16
đề 	1	16
cờ 	1	16
giới 	1	16
nguyễn hoàng 	2	16
chua 	1	16
trường 	1	16
eximbank 	1	16
cafe giai 	2	16
liễu 	1	16
thcs lê 	2	16
may 	1	16
ngó 	1	16
văn đàn 	2	16
thế hiển 	2	16
thạch hãn 	2	16
trường tiểu học lê 	4	16
võ trường 	2	16
hữu phước 	2	16
thì nhậm 	2	16
nguyễn minh 	2	16
gà 	1	16
sự 	1	16
tả 	1	16
thốt nốt 	2	16
hanoi 	1	16
thụy 	1	16
giao thông 	2	16
ngô thì nhậm 	3	16
cầu bình 	2	16
vietnam 	1	16
án 	1	16
lạch tray 	2	16
môn 	1	16
man 	1	16
lạch 	1	16
lý thánh tông 	3	16
trà 	1	16
bế văn đàn 	3	16
chùa 	1	16
tráng 	1	16
kinh tế 	2	16
thuỷ 	1	16
khu b 	2	16
hoi 	1	16
hồng bàng 	2	16
trời 	1	16
vpbank 	1	16
mê linh 	2	16
do 	1	16
cù chính 	2	16
bình minh 	2	16
chính lan 	2	16
phạm thế 	2	16
lý chính 	2	16
thế lữ 	2	16
trường mẫu giáo 	3	16
ngô thì 	2	16
nguyễn gia 	2	16
cafe giai khat 	3	16
trường mẫu 	2	16
y học 	2	15
ba tháng 	2	15
khu c 	2	15
đậu 	1	15
phần lăng 	2	15
ngoại thương việt 	3	15
cầu vĩnh 	2	15
lượng 	1	15
hữu lầu 	2	15
chùa phước 	2	15
thủ khoa huân 	3	15
dê 	1	15
mang 	1	15
dịch vọng 	2	15
ngô văn 	2	15
gia thiều 	2	15
xoài 	1	15
huyên 	1	15
sư vạn hạnh 	3	15
năm 	1	15
đường phạm 	2	15
đinh bộ 	2	15
hong 	1	15
th 	1	15
chế 	1	15
hoàng văn thái 	3	15
chợ tân 	2	15
sương 	1	15
ngoại thương việt nam 	4	15
bá trạc 	2	15
thạnh mỹ 	2	15
vàm 	1	15
văn lương 	2	15
đặng thai mai 	3	15
khoa huân 	2	15
vtt 	1	15
đặng thai 	2	15
tho 	1	15
phạm hữu lầu 	3	15
nga 	1	15
thpt chuyên 	2	15
núi thành 	2	15
bơi 	1	15
thương việt 	2	15
tất tố 	2	15
mai xuân 	2	15
đinh bộ lĩnh 	3	15
phu 	1	15
lưu hữu 	2	15
ba tháng hai 	3	15
tháng hai 	2	15
lưu hữu phước 	3	15
dương bá 	2	15
phan văn trị 	3	15
di 	1	15
văn ơn 	2	15
huy chú 	2	15
ô 	1	15
dương văn 	2	15
phan huy chú 	3	15
nhơn hòa 	2	15
nguyễn gia thiều 	3	15
moi 	1	15
miền 	1	15
trà vinh 	2	15
thương việt nam 	3	15
đinh công 	2	15
tiểu học an 	3	15
tea 	1	15
bus 	1	15
sư vạn 	2	15
nguyễn bình 	2	15
thị hồng gấm 	3	14
hoan 	1	14
duyên 	1	14
thờ phật 	2	14
hồng gấm 	2	14
lê chân 	2	14
trần văn ơn 	3	14
mạnh trinh 	2	14
duy trinh 	2	14
rào 	1	14
cổ truyền 	2	14
âm 	1	14
thông tin 	2	14
tràng an 	2	14
đường song 	2	14
bơ 	1	14
cầu rào 	2	14
cồ 	1	14
giao dịch 	2	14
dương bá trạc 	3	14
nhờ 	1	14
khoan 	1	14
khái 	1	14
xóm nam 	2	14
tích 	1	14
đại lộ hòa 	3	14
lê minh 	2	14
pha 	1	14
cao sơn 	2	14
quang định 	2	14
lê quang định 	3	14
le trong 	2	14
highlands 	1	14
karaoke 	1	14
lạc thiện 	2	14
uyên 	1	14
le trong tan 	3	14
đông tây 	2	14
no 	1	14
lãm 	1	14
an phú đông 	3	14
phật mẫu 	2	14
phùng khắc 	2	14
trong tan 	2	14
điện thờ phật mẫu 	4	14
hoá 	1	14
nguyễn duy trinh 	3	14
đường song hành 	3	14
my 	1	14
bến phà 	2	14
đại lộ hòa bình 	4	14
định của 	2	14
thục 	1	14
phú đông 	2	14
đặng trần 	2	14
khát 	1	14
văn ngữ 	2	14
bi 	1	14
tiết 	1	14
cường 	1	14
nhà hát 	2	14
lương định 	2	14
lê văn tám 	3	14
công tráng 	2	14
nam sông 	2	14
thờ phật mẫu 	3	14
hẻm nhờ 	2	14
tản đà 	2	14
xe khách 	2	14
lương định của 	3	14
mươi tháng mười 	3	14
trần côn 	2	14
tứ 	1	14
cồn 	1	14
điện thờ 	2	14
mây 	1	14
an đà 	2	14
đặng trần côn 	3	14
donga bank 	2	14
mb 	1	14
tháng mười 	2	14
thừa 	1	14
bến xe khách 	3	14
văn hiến 	2	14
pasteur 	1	14
lộ hòa 	2	14
văn tám 	2	14
điện thờ phật 	3	14
thanh bình 	2	14
hạ long 	2	14
cầu 	1	14
lộ hòa bình 	3	14
đợi 	1	13
văn hoài 	2	13
trương văn 	2	13
lê văn lương 	3	13
quốc gia 	2	13
khu chung cư 	3	13
trường tiểu học trần 	4	13
thưởng 	1	13
tế xã 	2	13
nguyễn cảnh 	2	13
lịch đợi 	2	13
chu mạnh 	2	13
trường hán 	2	13
trưng vương 	2	13
nhà ông 	2	13
tố hữu 	2	13
phố hồ 	2	13
phùng khắc khoan 	3	13
đặng văn ngữ 	3	13
bean 	1	13
tân long 	2	13
học tân 	2	13
quán ăn 	2	13
khánh hội 	2	13
bùi viện 	2	13
văn hai 	2	13
khắc khoan 	2	13
văn ngọc 	2	13
ngô tất tố 	3	13
highlands coffee 	2	13
nguyễn phúc lan 	3	13
thực 	1	13
highway 	1	13
lê anh xuân 	3	13
lẩu 	1	13
trại 	1	13
đinh công tráng 	3	13
ích khiêm 	2	13
cầu thị 	2	13
nhà văn 	2	13
lãng 	1	13
đoàn văn 	2	13
oanh 	1	13
trạm y tế phường 	4	13
ba mươi tháng mười 	4	13
điều 	1	13
cổ phần 	2	13
khu chung 	2	13
kỹ thuật 	2	13
trường hán siêu 	3	13
hcm 	1	13
cầu sông 	2	13
nguyễn xuân 	2	13
thiết 	1	13
bang 	1	13
giảng 	1	13
trường toản 	2	13
nguyệt 	1	13
tuân 	1	13
tân quý 	2	13
dừa 	1	13
phúc lan 	2	13
mai xuân thưởng 	3	13
quảng trường 	2	13
anh xuân 	2	13
y tế xã 	3	13
ngô sĩ 	2	13
xuân thưởng 	2	13
lê anh 	2	13
quách 	1	13
thiêm 	1	13
tân an 	2	13
nối 	1	13
võ trường toản 	3	13
nguyễn ngọc 	2	13
số 	1	13
hồ ngọc 	2	13
ông ích khiêm 	3	13
bá giáng 	2	13
mặn 	1	13
sĩ liên 	2	13
đường xã 	2	13
nguyễn khoái 	2	13
new 	1	13
kỹ 	1	13
cao ốc 	2	13
khoái 	1	13
lên cầu 	2	13
nam sông hậu 	3	13
thuận an 	2	13
phổ thông 	2	13
ngô tất 	2	13
bồ 	1	13
ngô sĩ liên 	3	13
học cổ 	2	13
căn 	1	12
công hoan 	2	12
thái 	1	12
học cổ truyền 	3	12
phước trường 	2	12
khí 	1	12
xuyến 	1	12
bác 	1	12
viễn 	1	12
khởi 	1	12
duy hiệu 	2	12
nguyễn duy hiệu 	3	12
đường liên thôn 	3	12
lê thị hồng 	3	12
nhuệ 	1	12
chợ an 	2	12
rồng 	1	12
hàng ngoại thương 	3	12
văn hiển 	2	12
bà rịa 	2	12
chí hiếu 	2	12
nang 	1	12
nguyễn cư trinh 	3	12
nguyễn bặc 	2	12
văn bơ 	2	12
trương hán siêu 	3	12
hồ văn hiển 	3	12
hồng hà 	2	12
ngang 	1	12
y học cổ truyền 	4	12
ánh 	1	12
văn trà 	2	12
ptth 	1	12
bàn cờ 	2	12
diêu 	1	12
sinh sắc 	2	12
nông nghiệp 	2	12
kiều sơn 	2	12
đồng hới 	2	12
chu mạnh trinh 	3	12
trung hòa 	2	12
học quốc 	2	12
tân thành 	2	12
lệ 	1	12
truong 	1	12
có 	1	12
coffee bean 	2	12
phạm văn 	2	12
chính trị 	2	12
an lạc 	2	12
bặc 	1	12
kết 	1	12
lê thị hồng gấm 	4	12
cẩn 	1	12
y học cổ 	3	12
dưỡng 	1	12
cốc 	1	12
hotel 	1	12
xu 	1	12
trường cao đẳng nghề 	4	12
đàm 	1	12
mậu thân 	2	12
bách 	1	12
yến 	1	12
lê hữu 	2	12
leaf 	1	12
duc 	1	12
đường nguyễn văn 	3	12
trần quốc thảo 	3	12
phạm văn đồng 	3	12
trung yên 	2	12
tran 	1	12
vụ 	1	12
thị xã 	2	12
nguyễn sinh 	2	12
đường trần 	2	12
đường trường hán siêu 	4	12
hồi 	1	12
hòa đông 	2	12
đường trường hán 	3	12
rịa 	1	12
lê hoàn 	2	12
trần văn trà 	3	12
nguyễn cư 	2	12
ngân hàng ngoại thương 	4	12
nướng 	1	12
củi 	1	12
nguyễn hiền 	2	12
nguyễn công hoan 	3	12
ðồng 	1	12
xí 	1	12
quốc thảo 	2	12
đường 	1	12
bát 	1	12
bình kiều 	2	12
đại học quốc 	3	12
hàng ngoại 	2	12
tiểu học tân 	3	12
niệm 	1	12
ngọc hân 	2	12
ân 	1	12
hà tĩnh 	2	12
ngân hàng ngoại 	3	12
thi sách 	2	12
cầu mới 	2	12
san 	1	12
cư trinh 	2	12
kon 	1	12
quoc lo 	2	12
trương hán 	2	12
văn đồng 	2	12
gò dầu 	2	12
long an 	2	12
dược 	1	12
nguyễn sinh sắc 	3	12
trạm y tế xã 	4	12
nguyễn chánh 	2	11
văn can 	2	11
hàng tự động minh lâm 	5	11
nhiệm 	1	11
cúc 	1	11
cha 	1	11
máy bán nước tự động 	5	11
tịnh xá 	2	11
mòn 	1	11
đồng xoài 	2	11
dạy 	1	11
thoại 	1	11
cty máy bán 	3	11
cty máy bán hàng tự 	5	11
thcs trần 	2	11
cty máy bán hàng 	4	11
lưu chí 	2	11
máy bán hàng tự 	4	11
riêng 	1	11
đường song hành kinh 	4	11
cầu vượt pháp 	3	11
hưng ðạo 	2	11
trung tâm văn 	3	11
cong 	1	11
vòng xuyến 	2	11
bùi công 	2	11
trường th 	2	11
hoa phượng 	2	11
chí kiên 	2	11
trần khắc 	2	11
đồng tháp 	2	11
tải 	1	11
thời nhiệm 	2	11
nguyễn khắc 	2	11
cầu vượt pháp vân 	4	11
triệu quang phục 	3	11
trung cấp nghề 	3	11
động minh lâm 	3	11
giaikhat 	1	11
đại cồ 	2	11
cẩm bắc 	2	11
anh tông 	2	11
trác 	1	11
nối dài 	2	11
sáng 	1	11
bán hàng tự động minh 	5	11
thới an 	2	11
cty máy 	2	11
đạm 	1	11
lương ngọc 	2	11
bé 	1	11
luông 	1	11
minh lâm 	2	11
lưu chí hiếu 	3	11
đường quan 	2	11
cầu thị nại 	3	11
máy bán hàng tự động 	5	11
phùng chí 	2	11
cồ việt 	2	11
tránh đồng 	2	11
phú thọ 	2	11
xang 	1	11
đường lên 	2	11
dân phố 	2	11
phuc 	1	11
name 	1	11
cấp nghề 	2	11
phú nhuận 	2	11
tân lập 	2	11
ôn 	1	11
chưa 	1	11
mặc tử 	2	11
king 	1	11
nai 	1	11
tộc 	1	11
cô bắc 	2	11
thế giới 	2	11
chiêu 	1	11
lương văn can 	3	11
đồng nai 	2	11
nghiêm 	1	11
bán nước tự 	3	11
máy bán nước tự 	4	11
túc 	1	11
cầu cá 	2	11
trừng 	1	11
parking 	1	11
nhạc 	1	11
hành kinh 	2	11
đường kim 	2	11
mặc 	1	11
bán nước tự động 	4	11
view 	1	11
khát chân 	2	11
hàng tự động 	3	11
ngô mây 	2	11
ðạo 	1	11
yen 	1	11
khúc 	1	11
truyền giáo 	2	11
trần khát chân 	3	11
phụng hiệp 	2	11
viện nhi 	2	11
đa mặn 	2	11
bán hàng tự 	3	11
tuyển 	1	11
đằng hải 	2	11
đô đốc 	2	11
nguyễn thanh 	2	11
động minh 	2	11
bạch mai 	2	11
máy bán nước 	3	11
trưng nhị 	2	11
hanh 	1	11
tốn 	1	11
kính 	1	11
có tên 	2	11
no name 	2	11
đoàn văn bơ 	3	11
trường tiểu học tân 	4	11
dự 	1	11
trần khát 	2	11
ngoc lam 	2	11
hàn mặc tử 	3	11
nhà nước 	2	11
trường trung học 	3	11
tâm văn 	2	11
cam 	1	11
đường ven biển 	3	11
sữa 	1	11
cát bi 	2	11
mì 	1	11
máy bán hàng 	3	11
rạp 	1	11
ngân hàng ngoại thương việt 	5	11
thái tông 	2	11
trên 	1	11
ngô thời nhiệm 	3	11
bo 	1	11
cầu bến 	2	11
kem 	1	11
chay 	1	11
đại cồ việt 	3	11
truc 	1	11
giác 	1	11
nước tự 	2	11
đường nam 	2	11
đường tránh đồng hới 	4	11
kiên lương 	2	11
bình an 	2	11
chợ cầu 	2	11
d 	1	11
nước tự động 	3	11
hàng ngoại thương việt 	4	11
tỉnh bình 	2	11
nguyễn đăng 	2	11
hàng tự động minh 	4	11
phùng chí kiên 	3	11
trung nguyên 	2	11
trần hưng ðạo 	3	11
buôn 	1	11
tea leaf 	2	11
sứ 	1	11
hòa an 	2	11
vượt pháp 	2	11
tránh đồng hới 	3	11
kê 	1	11
tám 	1	11
đức mẹ 	2	11
đường tránh đồng 	3	11
triệu quang 	2	11
hàn mặc 	2	11
ðường 	1	11
vĩ 	1	11
giáo dục 	2	11
văn quý 	2	11
bán hàng 	2	11
chxd số 	2	11
bán nước 	2	11
trung nghĩa 	2	11
phước bình 	2	11
tự động minh lâm 	4	11
hàng ngoại thương việt nam 	5	11
ngự 	1	11
hàng tự 	2	11
bán hàng tự động 	4	11
quyến 	1	11
tự động minh 	3	11
hoàng minh 	2	11
mạc thị 	2	11
láng hạ 	2	11
bệnh viện nhi 	3	11
vượt pháp vân 	3	11
lý 	1	11
lê văn hiến 	3	11
thị nại 	2	11
vực 	1	11
park 	1	11
song hành kinh 	3	11
quang phục 	2	11
đai trong 	2	11
phú 	1	11
huy ích 	2	10
lành thế giới 	3	10
nội bài 	2	10
thị riêng 	2	10
chiến 	1	10
đường trên 	2	10
chúa trời hiệp hội 	4	10
đường bờ 	2	10
y dược 	2	10
cao đài 	2	10
khánh toàn 	2	10
nguyễn thiếp 	2	10
đầm 	1	10
xã tân thuận tây 	4	10
cơm tấm 	2	10
nguyễn khánh 	2	10
vượt quang 	2	10
thứ 	1	10
nhan 	1	10
phan châu 	2	10
tin lành thế giới 	4	10
hội truyền giáo tin lành 	5	10
cao lỗ 	2	10
hiệp hội truyền 	3	10
trường thcs lê 	3	10
ao 	1	10
chúa trời hiệp 	3	10
nha hang 	2	10
cộng đồng 	2	10
bình phước 	2	10
hạ lũng 	2	10
tin lành thế 	3	10
trần quốc tuấn 	3	10
pgd 	1	10
tưởng 	1	10
anz 	1	10
truyền giáo tin lành thế 	5	10
châu trinh 	2	10
trần khắc chân 	3	10
hội thánh của đức chúa 	5	10
long nội bài 	3	10
não 	1	10
hạ đoạn 	2	10
thánh của đức 	3	10
miếu bà 	2	10
thủ thiêm 	2	10
cầu cá trê 	3	10
ni 	1	10
đền thờ 	2	10
nguyễn khánh toàn 	3	10
thiếp 	1	10
an quận 	2	10
phan huy ích 	3	10
truyền giáo tin 	3	10
đen 	1	10
phú riềng đỏ 	3	10
la thành 	2	10
hoạch 	1	10
phú riềng 	2	10
lê thái 	2	10
trời hiệp hội 	3	10
dương quan 	2	10
của đức chúa 	3	10
hào khê 	2	10
cầu vĩnh tuy 	3	10
công trừng 	2	10
đường cách mạng tháng 	4	10
vượt quang trung 	3	10
chúa trời hiệp hội truyền 	5	10
tham 	1	10
duyên hải 	2	10
giáo tin lành 	3	10
tô vĩnh 	2	10
xây dựng 	2	10
xuan 	1	10
tim 	1	10
dương đình 	2	10
vĩnh diện 	2	10
yên thế 	2	10
cả 	1	10
phạm văn hai 	3	10
đê la 	2	10
độ 	1	10
thị bưởi 	2	10
hướng 	1	10
hem 	1	10
lành thế 	2	10
hội truyền giáo tin 	4	10
bái 	1	10
bùi công trừng 	3	10
tấm 	1	10
viện y 	2	10
đường xã tân thuận tây 	5	10
hội truyền 	2	10
chợ long 	2	10
long mỹ 	2	10
cầu vượt quang 	3	10
tú xương 	2	10
vib 	1	10
sơn tây 	2	10
lê văn tám 	3	10
liêm lạc 	2	10
giáo tin lành thế giới 	5	10
wmc 	1	10
quốc tuấn 	2	10
đức chúa 	2	10
cô giang 	2	10
văn sở 	2	10
cua 	1	10
dựng 	1	10
trắc 	1	10
tiểu học trần quốc 	4	10
bến đò 	2	10
phòng giao 	2	10
út 	1	10
diễn 	1	10
đức chúa trời 	3	10
phan châu trinh 	3	10
tô vĩnh diện 	3	10
hội thánh của 	3	10
vũ trọng 	2	10
thánh của đức chúa trời 	5	10
tân mỹ 	2	10
bưu điện tỉnh 	3	10
học phú 	2	10
thuy 	1	10
quán cơm 	2	10
á châu 	2	10
đắc 	1	10
nhì 	1	10
chợ bình 	2	10
green 	1	10
quế 	1	10
công an quận 	3	10
đôi 	1	10
giáo tin lành thế 	4	10
khối 	1	10
trời hiệp hội truyền 	4	10
office 	1	10
tổ dân phố 	3	10
cao lãnh 	2	10
long xuyên 	2	10
truyền giáo tin lành 	4	10
bản 	1	10
chúa trời 	2	10
riềng 	1	10
phường an 	2	10
dầu 	1	10
phòng giao dịch 	3	10
gò dưa 	2	10
tân thái 	2	10
văn tám 	2	10
bãi cháy 	2	10
quang đạo 	2	10
hoằng 	1	10
vĩnh tuy 	2	10
trê 	1	10
thánh của 	2	10
long phước 	2	10
trời hiệp 	2	10
của đức chúa trời hiệp 	5	10
thánh của đức chúa 	4	10
tổ dân 	2	10
cá trê 	2	10
bình phú 	2	10
long nội 	2	10
dưa 	1	10
của đức chúa trời 	4	10
hiệp hội truyền giáo tin 	5	10
thăng long nội bài 	4	10
đường cách mạng 	3	10
đức chúa trời hiệp hội 	5	10
nguyễn trọng 	2	10
lối 	1	10
võ văn hoài 	3	10
cầu vượt quang trung 	4	10
của đức 	2	10
đường cách 	2	10
ngoại ngữ 	2	10
đức chúa trời hiệp 	4	10
đoàn kết 	2	10
trường trung cấp nghề 	4	10
mạc thị bưởi 	3	10
đường xã tân 	3	10
hiệp hội truyền giáo 	4	10
hội thánh của đức 	4	10
văn bạch 	2	10
lê thị riêng 	3	10
ngô văn sở 	3	10
học y 	2	10
phạm đình 	2	10
nguyễn văn quý 	3	10
kỷ 	1	10
giáo tin 	2	10
đại học y 	3	10
cầu thủ 	2	10
đường xã tân thuận 	4	10
trời hiệp hội truyền giáo 	5	10
cụm 	1	10
hiệp hội 	2	10
học trần quốc 	3	10
xã tân thuận 	3	10
ubnd quận 	2	10
đặng dung 	2	10
hội truyền giáo 	3	10
sông nhuệ 	2	10
hầm 	1	10
điện tỉnh 	2	10
quan nhân 	2	10
thiếu 	1	10
khắc chân 	2	10
riềng đỏ 	2	10
lê thái tổ 	3	10
thăng long nội 	3	10
ngũ 	1	9
dự phòng 	2	9
học viện 	2	9
nhữ 	1	9
charles 	1	9
bạch 	1	9
pagoda 	1	9
diêu trì 	2	9
liệt sĩ 	2	9
đường hùng vương 	3	9
residence 	1	9
trường charles 	2	9
thờ đức 	2	9
i 	1	9
kim sơn 	2	9
an xang hồng 	3	9
nguyễn sơn 	2	9
lương kê 	2	9
nhân hòa 	2	9
mai chí thọ 	3	9
dân tộc 	2	9
y tế dự phòng 	4	9
st 	1	9
mai chí 	2	9
bamboo 	1	9
gốm 	1	9
phố 	1	9
đường hùng 	2	9
yên phụ 	2	9
palace 	1	9
an xang 	2	9
viện phụ 	2	9
tân chánh 	2	9
long điền 	2	9
bv đa 	2	9
nguyễn huy tưởng 	3	9
long hải 	2	9
ngoc ha 	2	9
bờ hồ 	2	9
trần não 	2	9
cầu bạch 	2	9
vành đai trong 	3	9
vượt qua 	2	9
êlôhim 	1	9
quảng trường charles de 	4	9
giếng 	1	9
bàu trảng 	2	9
tân phong 	2	9
phát diệm 	2	9
chưa có tên 	3	9
thpt trần 	2	9
vượt ngã tư gò 	4	9
thcs thị 	2	9
đỉnh 	1	9
học cơ 	2	9
bến nghé 	2	9
tự do 	2	9
rành 	1	9
cự 	1	9
đình thần 	2	9
gaulle 	1	9
an cư 	2	9
tân thới 	2	9
bệnh viện phụ 	3	9
tế dự 	2	9
bôn 	1	9
chùa bửu 	2	9
bè 	1	9
giám 	1	9
y tế dự 	3	9
lê quang đạo 	3	9
sung 	1	9
so 	1	9
phan thúc 	2	9
hoà bình 	2	9
cột 	1	9
cấm 	1	9
huy tưởng 	2	9
báo 	1	9
dai 	1	9
chín 	1	9
tràng bạch 	2	9
hàng kênh 	2	9
trường charles de gaulle 	4	9
trung tâm văn hóa 	4	9
mai văn 	2	9
quảng trường charles de gaulle 	5	9
ngõ 	1	9
xang hồng 	2	9
đường xóm 	2	9
diệm 	1	9
tư gò dưa 	3	9
hẽm 	1	9
food 	1	9
de gaulle 	2	9
ruộng 	1	9
trường thpt chuyên 	3	9
lang co 	2	9
cầu thủ thiêm 	3	9
nam hải vân-túy loan 	4	9
long hương 	2	9
vân đồn 	2	9
r 	1	9
cưới 	1	9
sân bay 	2	9
bãi đậu 	2	9
thcs thị trấn 	3	9
ra 	1	9
nguyễn xí 	2	9
tư gò 	2	9
hẻm nguyễn 	2	9
thờ tin lành 	3	9
ty cổ 	2	9
chánh hiệp 	2	9
cầu thống 	2	9
nguyễn quang 	2	9
cầu thống nhất 	3	9
đặng nguyên 	2	9
công ty cổ phần 	4	9
nam hải vân-túy 	3	9
bách khoa 	2	9
ty cổ phần 	3	9
nguyễn quý 	2	9
tân xuân 	2	9
tâm văn hóa 	3	9
phố lương kê 	3	9
ỷ 	1	9
thái sơn 	2	9
lũng bắc 	2	9
quán khái 	2	9
trung hành 	2	9
trương quyền 	2	9
chí thọ 	2	9
embassy 	1	9
lương ngọc quyến 	3	9
đào tạo 	2	9
trắng 	1	9
quảng trường charles 	3	9
sạn 	1	9
học cơ sở 	3	9
ama 	1	9
lễ vượt qua 	3	9
vân-túy 	1	9
nhà thờ tin lành 	4	9
đình hổ 	2	9
phố trần 	2	9
lý bôn 	2	9
vận tải 	2	9
ngã tư gò 	3	9
tắc 	1	9
cầu chợ 	2	9
xóm củi 	2	9
công ty cổ 	3	9
nguyễn việt 	2	9
ngã tư gò dưa 	4	9
lễ vượt 	2	9
bùi xương 	2	9
chưa có 	2	9
dĩ 	1	9
tân chánh hiệp 	3	9
thúy 	1	9
trần cung 	2	9
vi 	1	9
vượt ngã tư gò dưa 	5	9
charles de gaulle 	3	9
charles de 	2	9
trường thcs trần 	3	9
tỉnh sóc trăng 	3	9
trần 	1	9
phuoc 	1	9
phụ sản 	2	9
ninh bình 	2	9
hậu giang 	2	9
lê hữu trác 	3	9
chùa linh 	2	9
bí 	1	9
viện phụ sản 	3	9
trường charles de 	3	9
hải vân-túy 	2	9
tế dự phòng 	3	9
đl 	1	9
vn.watv.org 	1	9
nguyễn văn huyên 	3	9
vân-túy loan 	2	9
du lịch 	2	9
bv đa khoa 	3	9
bệnh viện phụ sản 	4	9
thpt lê 	2	9
tòa án 	2	9
cửu long 	2	9
bình thuận 	2	9
phẩm 	1	9
t 	1	9
thờ tin 	2	9
trịnh đình 	2	9
thcs an 	2	9
ỷ lan 	2	9
nghé 	1	9
bình dân 	2	9
hải vân-túy loan 	3	9
học 	1	9
ngọc quyến 	2	9
bốn 	1	9
tịch 	1	9
xi 	1	9
lò gốm 	2	9
nguyễn cao 	2	9
lái 	1	9
cầu vượt ngã tư gò 	5	9
tân phước 	2	9
tiểu la 	2	9
chữ 	1	9
hữu trác 	2	9
văn huyên 	2	9
phạm đình hổ 	3	9
tài chính 	2	9
môi 	1	9
phố lương 	2	9
nguyễn thông 	2	9
vuon 	1	9
vận 	1	9
voi 	1	9
nhà thờ tin 	3	9
đường phạm văn 	3	9
tỉnh sóc 	2	9
vy 	1	9
tiểu học phú 	3	9
vẽ 	1	8
kiều hạ 	2	8
thcs võ 	2	8
vào khu 	2	8
phạm cự 	2	8
đồ sơn 	2	8
đường b 	2	8
văn nghệ 	2	8
buýt 	1	8
trần đăng 	2	8
bắc hải 	2	8
thiên hộ dương 	3	8
bàu bàng 	2	8
sư phạm hà 	3	8
ngó gia 	2	8
mỹ tho 	2	8
ung 	1	8
kỳ tân quý 	3	8
thiên phước 	2	8
cầu nguyễn 	2	8
tử bình 	2	8
lu 	1	8
đình chính 	2	8
chùa pháp 	2	8
phạm ngũ 	2	8
hưng hóa 	2	8
phúc tần 	2	8
học võ 	2	8
huỳnh tịnh của 	3	8
hồ đông 	2	8
sushi 	1	8
nhà thờ chánh 	3	8
hồ ngọc lãm 	3	8
mai hắc 	2	8
tịnh của 	2	8
tùng thiện vương 	3	8
beer 	1	8
đường phú 	2	8
văn ngân 	2	8
sắt 	1	8
bình hòa 	2	8
trường tiểu học an 	4	8
cần giuộc 	2	8
cầu kinh 	2	8
học phan 	2	8
rd 	1	8
thang 	1	8
burger 	1	8
trung ương 	2	8
tuoi 	1	8
nguyễn văn nguyễn 	3	8
văn hoá 	2	8
lý phục man 	3	8
cầu sài gòn 	3	8
thờ chánh tòa 	3	8
thờ chánh 	2	8
pccc 	1	8
nhà thờ chánh tòa 	4	8
k 	1	8
iii 	1	8
phố hồ đông 	3	8
bắc sơn 	2	8
miễu 	1	8
nguyễn cửu 	2	8
khu a 	2	8
vĩnh lộc 	2	8
lê quang sung 	3	8
hữu chí 	2	8
dan 	1	8
dongabank 	1	8
xóm bãi 	2	8
giáo xứ long 	3	8
tòa nhà 	2	8
tỉnh đăk lăk 	3	8
nậm 	1	8
cồn dầu 	2	8
dạ 	1	8
quang sung 	2	8
bình định 	2	8
kiểm 	1	8
bệnh viện đa khoa tỉnh 	5	8
nguyễn phúc tần 	3	8
thúc duyện 	2	8
phục man 	2	8
khoa tỉnh 	2	8
đê la thành 	3	8
mekong 	1	8
hoàng đạo 	2	8
đập 	1	8
nhơn trạch 	2	8
chùa vẽ 	2	8
chủ 	1	8
phạm hữu chí 	3	8
mỹ phước 	2	8
bún bò 	2	8
nguyễn văn luông 	3	8
kéo dài 	2	8
đại học sư phạm 	4	8
viện đa khoa tỉnh 	4	8
xương trạch 	2	8
lão 	1	8
phạm hà nội 	3	8
văn nguyễn 	2	8
huỳnh tịnh 	2	8
trần tử 	2	8
tân kỳ tân quý 	4	8
học quốc gia 	3	8
nguyễn thành 	2	8
bàu mạc 	2	8
đa khoa tỉnh 	3	8
văn thuận 	2	8
phô 	1	8
bà rịa-vũng 	2	8
đằng 	1	8
chánh tòa 	2	8
tân biên 	2	8
trần bá 	2	8
trần văn giàu 	3	8
cầu kỳ hà 	3	8
ký con 	2	8
mi 	1	8
car 	1	8
giản 	1	8
phú thuận 	2	8
lựu 	1	8
miếu xóm 	2	8
phạm ngũ lão 	3	8
đường cách mạng tháng tám 	5	8
cầu tân thuận 	3	8
cầu cần 	2	8
mễ 	1	8
bình hoà 	2	8
đồ chiểu 	2	8
ngọc lãm 	2	8
vĩnh ký 	2	8
dị 	1	8
bạch đằng 	2	8
an giang 	2	8
học sư 	2	8
thái hà 	2	8
khương trung 	2	8
ương 	1	8
rịa-vũng tàu 	2	8
thúc loan 	2	8
hùng thắng 	2	8
mai thúc loan 	3	8
trục 	1	8
giuộc 	1	8
trạm xăng dầu 	3	8
seabank 	1	8
duyện 	1	8
thị rành 	2	8
ngọc khánh 	2	8
tân kỳ 	2	8
university 	1	8
thụy khuê 	2	8
thiệp 	1	8
kéo 	1	8
hoàng anh 	2	8
hsbc 	1	8
tuyết 	1	8
đại học sư 	3	8
bà rịa-vũng tàu 	3	8
phan thúc duyện 	3	8
mo 	1	8
ubnd tỉnh 	2	8
đường kim đồng 	3	8
thiện vương 	2	8
da nang 	2	8
múa 	1	8
tỉnh đăk 	2	8
cẩm nam 	2	8
tu viện 	2	8
phạm hà 	2	8
ferry 	1	8
hộ dương 	2	8
đặng thái 	2	8
phạm văn bạch 	3	8
chợ hàng 	2	8
đáng 	1	8
đê tả 	2	8
kim giang 	2	8
xóm bãi cát 	3	8
thông vận tải 	3	8
bãi cát 	2	8
ao sen 	2	8
thcs tân 	2	8
văn luông 	2	8
trương vĩnh ký 	3	8
đường làng 	2	8
kho bạc 	2	8
banh 	1	8
golden 	1	8
kiếp 	1	8
cầu kỳ 	2	8
đường số 	2	8
tien 	1	8
hospital 	1	8
mai hắc đế 	3	8
vang 	1	8
sư phạm hà nội 	4	8
tân kỳ tân 	3	8
tiến dũng 	2	8
ngũ lão 	2	8
học sư phạm 	3	8
đại học quốc gia 	4	8
đường phan 	2	8
trưng trắc 	2	8
nhựt 	1	8
ngó gia tự 	3	8
giàu 	1	8
hạc 	1	8
mai thúc 	2	8
bãi đậu xe 	3	8
trung học cơ sở 	4	8
lê phụng 	2	8
hắc đế 	2	8
đỗ xe 	2	8
bus station 	2	8
đình tân 	2	8
rịa-vũng 	1	8
giao thông vận 	3	8
khách sạn 	2	8
trung học cơ 	3	8
hàm trung 	2	8
cp 	1	8
đường ra 	2	8
đậu xe 	2	8
trần tử bình 	3	8
lý phục 	2	8
kim long 	2	8
học đông 	2	8
bạch hổ 	2	8
xe buýt 	2	8
giao thông vận tải 	4	8
trương vĩnh 	2	8
ủy ban 	2	8
kỳ tân 	2	8
tùng thiện 	2	8
thiên hộ 	2	8
nguyễn hội 	2	8
bảng 	1	8
túc xá 	2	8
thông vận 	2	8
văn giàu 	2	8
võ văn ngân 	3	8
kỳ hà 	2	8
đường lên cầu 	3	8
mộng 	1	8
xứ long 	2	8
cầu sài 	2	8
thận 	1	8
bùi xương trạch 	3	8
trần thị lý 	3	7
tiệc cưới 	2	7
phòng cảnh 	2	7
tín 	1	7
cao văn 	2	7
tĩnh lộ 	2	7
mai lão 	2	7
đường châu 	2	7
viện huyện 	2	7
gạo 	1	7
ðang 	1	7
chùa thiên 	2	7
bến tre 	2	7
trường tiểu học trần quốc 	5	7
chau 	1	7
ninh kiều 	2	7
high 	1	7
khu dân cư tấn trường 	5	7
khu dân cư tấn 	4	7
tiệc 	1	7
tphcm 	1	7
học quang 	2	7
hầu 	1	7
sea 	1	7
hồ bơi 	2	7
văn khiêm 	2	7
ngãi 	1	7
thcs long 	2	7
lê văn thọ 	3	7
ngo gia 	2	7
ap 	1	7
chùa bảo 	2	7
phạm phú 	2	7
thành công 	2	7
chùa từ 	2	7
tống duy tân 	3	7
trần văn ðang 	3	7
tnhh 	1	7
thanh hà 	2	7
sa đéc 	2	7
học trần quốc toản 	4	7
mỹ đình 	2	7
đường mòn 	2	7
học lê lợi 	3	7
mộ 	1	7
gò vấp 	2	7
tiểu học lê lợi 	4	7
mỹ đông 	2	7
văn chung 	2	7
chicken 	1	7
cầu lạc 	2	7
hòa nam 	2	7
trung tâm y tế dự 	5	7
trường quốc 	2	7
dạy nghề 	2	7
đinh liệt 	2	7
trần thái tông 	3	7
trường thcs thị trấn 	4	7
án nhân dân 	3	7
trung nguyen 	2	7
minh hoàng 	2	7
thùy 	1	7
bến lò 	2	7
hut 	1	7
việt đức 	2	7
quản lộ 	2	7
đông trà 	2	7
lộ phụng hiệp 	3	7
burger king 	2	7
hồng ngự 	2	7
trường thcs võ 	3	7
học lý 	2	7
pizza hut 	2	7
đường trương 	2	7
chế lan viên 	3	7
đặng xuân 	2	7
thường xuyên 	2	7
hung 	1	7
tấn trường 	2	7
mang cá 	2	7
căn tin 	2	7
dầu khí 	2	7
trào 	1	7
cho 	1	7
vồn 	1	7
institute 	1	7
viện quận 	2	7
vạn kiếp 	2	7
văn phòng 	2	7
trường thcs thị 	3	7
vcb atm 	2	7
lê trực 	2	7
tống duy 	2	7
cat 	1	7
quân đội 	2	7
hoàng ngân 	2	7
văn tiến 	2	7
khoa học 	2	7
phương trang 	2	7
huỳnh thị 	2	7
cuốn 	1	7
dân cư tấn 	3	7
bbq 	1	7
phước mỹ 	2	7
street 	1	7
tiểu học nguyễn du 	4	7
seafood 	1	7
ung văn 	2	7
cái sao 	2	7
tâm y tế dự 	4	7
nguyễn cảnh dị 	3	7
nguyễn minh hoàng 	3	7
buôn ma 	2	7
phan xích 	2	7
auto 	1	7
truyền thông 	2	7
vấp 	1	7
chế lan 	2	7
điên 	1	7
đồng văn cống 	3	7
trữ 	1	7
quận phú 	2	7
thành 	1	7
dương tử giang 	3	7
văn tạo 	2	7
cửa ông 	2	7
trần đăng ninh 	3	7
lê thành 	2	7
hoa lư 	2	7
dương tử 	2	7
daithang 	1	7
bưu điện huyện 	3	7
mạc cửu 	2	7
ngư 	1	7
cư vạn 	2	7
nghè 	1	7
xích long 	2	7
hàng hải 	2	7
đéc 	1	7
xích 	1	7
trần ðình 	2	7
đằng lâm 	2	7
buou 	1	7
đường huỳnh 	2	7
khu trung tâm 	3	7
học chu 	2	7
phan kế 	2	7
mỹ tây 	2	7
khe sanh 	2	7
nguyễn thị rành 	3	7
cống quỳnh 	2	7
dầu số 	2	7
tử giang 	2	7
khẩu 	1	7
trường ptth 	2	7
pháo 	1	7
nam cao 	2	7
lung 	1	7
ngã sáu 	2	7
siêu thị 	2	7
đặng nguyên cẩn 	3	7
nguyễn tiểu la 	3	7
thiện kế 	2	7
khu vực 	2	7
học công 	2	7
ðình xu 	2	7
bệnh viện huyện 	3	7
thánh tin lành 	3	7
ðường trong bệnh viện 	4	7
caphe giai 	2	7
hoa sữa 	2	7
hương lô 	2	7
đô lương 	2	7
lộ phụng 	2	7
trần văn dư 	3	7
trung mỹ tây 	3	7
xã hội 	2	7
trần quốc hoàn 	3	7
tand 	1	7
xá ngọc 	2	7
trường sông 	2	7
đại học công 	3	7
mơ 	1	7
chùa phật 	2	7
cư vạn mỹ 	3	7
gia định 	2	7
nguyên cẩn 	2	7
văn đáng 	2	7
sông hồng 	2	7
kế bính 	2	7
văn dư 	2	7
khu chung cư vạn 	4	7
hy 	1	7
thờ thánh 	2	7
hoàng thanh 	2	7
hắc dịch 	2	7
đại học sư phạm hà 	5	7
hưởng 	1	7
cư tấn trường 	3	7
lương y 	2	7
học sư phạm hà nội 	5	7
văn thọ 	2	7
bom 	1	7
ngon 	1	7
tỉnh bạc 	2	7
trương đình 	2	7
sao mai 	2	7
đông an 	2	7
hủ 	1	7
đường láng 	2	7
gia tu 	2	7
viện nhi ðồng 	3	7
mục 	1	7
giáp hải 	2	7
thcs ngô 	2	7
huỳnh ngọc 	2	7
cửa hàng 	2	7
tâm y tế dự phòng 	5	7
cầu bắc 	2	7
sử 	1	7
twitterbeans coffee 	2	7
phú yên 	2	7
tỉnh bạc liêu 	3	7
bể bơi 	2	7
thuốc tây 	2	7
phương nam 	2	7
hữu trang 	2	7
ung văn khiêm 	3	7
sơn hà 	2	7
ba vân 	2	7
văn minh 	2	7
quản lộ phụng 	3	7
na 	1	7
biên hòa 	2	7
lý anh tông 	3	7
văn cống 	2	7
cư tấn 	2	7
tiểu học lý 	3	7
giảng võ 	2	7
hội thánh tin lành 	4	7
nguyễn xuân ôn 	3	7
caphe giai khat 	3	7
vu 	1	7
nhã 	1	7
quốc lô 	2	7
đuờng ngó gia tự 	4	7
khuê mỹ đông 	3	7
trần thái 	2	7
trong bệnh viện nhi ðồng 	5	7
trừ 	1	7
khuất 	1	7
tân trào 	2	7
cầu cả 	2	7
bệnh viện quận 	3	7
hồ quang 	2	7
kim ngọc 	2	7
thánh tin 	2	7
bình long 	2	7
dao 	1	7
huỳnh văn nghệ 	3	7
kinh dương 	2	7
cầu bạch hổ 	3	7
lan viên 	2	7
trần duy 	2	7
ðường trong bệnh 	3	7
dân lập 	2	7
phú thứ 	2	7
nhi ðồng 	2	7
chùa ông 	2	7
diem 	1	7
twitterbeans 	1	7
thien 	1	7
đuờng ngó gia 	3	7
vệ 	1	7
tiếu 	1	7
học ngô 	2	7
đình trọng 	2	7
công thành 	2	7
trần hữu trang 	3	7
điện huyện 	2	7
ðường trong bệnh viện nhi 	5	7
bể 	1	7
duc giang 	2	7
thị 	1	7
vung 	1	7
dư hàng 	2	7
nghĩa trang 	2	7
dĩ an 	2	7
tiểu học trần quốc toản 	5	7
thất thiệp 	2	7
thể thao 	2	7
học phước 	2	7
tiểu học phước 	3	7
xèo 	1	7
lũng đông 	2	7
nguyễn tuân 	2	7
sâu 	1	7
gdtx 	1	7
oai 	1	7
huyện tân 	2	7
thcs phú 	2	7
bệnh viện nhi ðồng 	4	7
hội thánh tin 	3	7
khu chung cư vạn mỹ 	5	7
cửu phú 	2	7
viện tỉnh 	2	7
xăng dầu số 	3	7
phương anh 	2	7
học sư phạm hà 	4	7
nguyễn tiểu 	2	7
tiểu học đông 	3	7
phường tân 	2	7
nguyễn cửu phú 	3	7
nguyễn thái sơn 	3	7
ðường trong 	2	7
chung cư vạn mỹ 	4	7
cầu tre 	2	7
lâm viên 	2	7
nguyễn thiện kế 	3	7
đuờng ngó 	2	7
phước 	1	7
cư xá 	2	7
tân hưng 	2	7
tịnh xá ngọc 	3	7
trong bệnh 	2	7
hủ tiếu 	2	7
khuê mỹ 	2	7
ý 	1	7
pt 	1	7
dân chủ 	2	7
bánh xèo 	2	7
khu trung 	2	7
hòn 	1	7
dai hoc 	2	7
e 	1	7
cầm 	1	7
bưu cục 	2	7
sai 	1	7
đa tốn 	2	7
phù thượng 	2	7
dân cư tấn trường 	4	7
công nghiệp 	2	7
bs 	1	7
xuất 	1	7
atm bidv 	2	7
quận thủ đức 	3	7
trần ðình xu 	3	7
chung cư vạn 	3	7
phan kế bính 	3	7
thpt phan 	2	7
phan văn đáng 	3	7
án nhân 	2	7
phòng cảnh sát 	3	7
tây hồ 	2	7
xuân ôn 	2	7
tân hòa 	2	7
lối vào 	2	7
tạ uyên 	2	7
tánh 	1	7
quận phú nhuận 	3	7
học nguyễn du 	3	7
quận thủ 	2	7
viện y học 	3	7
tiêm 	1	7
nguyễn oanh 	2	7
trung mỹ 	2	7
đức hòa 	2	7
bình thạnh 	2	7
high school 	2	7
lý anh 	2	7
luật 	1	7
đô thị 	2	7
công trường 	2	7
phước hưng 	2	7
văn dũng 	2	7
thị lý 	2	7
tôn thất thiệp 	3	7
kon buou 	2	7
bến lò gốm 	3	7
trường tiểu học phước 	4	7
trong bệnh viện nhi 	4	7
hữu tuệ 	2	7
bình thủy 	2	7
phan xích long 	3	7
đồng văn 	2	7
trình 	1	7
dọc 	1	7
xưa 	1	7
win 	1	7
cảnh dị 	2	7
quốc hoàn 	2	7
văn ðang 	2	7
trong bệnh viện 	3	7
trừ văn 	2	7
star 	1	7
nhà thờ thánh 	3	7
đường vòng 	2	7
center 	1	7
quản lộ phụng hiệp 	4	7
măng 	1	7
ngo gia tu 	3	7
đăng ninh 	2	7
non hoa 	2	6
bidv dịch vọng 	3	6
nguyễn thị nhỏ 	3	6
văn việt 	2	6
mương 	1	6
chieu 	1	6
cntt 	1	6
cấu 	1	6
không 	1	6
khạ 	1	6
lê ngã 	2	6
bàu hạc 	2	6
nuôi 	1	6
phố hạ 	2	6
ðề thám 	2	6
đại học quốc gia hà 	5	6
nguyễn văn ngọc 	3	6
campus 	1	6
văn lang 	2	6
đường phú xá 	3	6
tiểu học phan 	3	6
y tế phường dịch vọng 	5	6
tổng lãnh sự quán 	4	6
home 	1	6
kinh dương vương 	3	6
dang 	1	6
sự quán 	2	6
mb bank 	2	6
đình nghệ 	2	6
vùng 	1	6
xóm chiếu 	2	6
trần ngọc 	2	6
bún bò huế 	3	6
phú lợi 	2	6
organik 	1	6
hv báo chí 	3	6
vp 	1	6
minh mạng 	2	6
lập 	1	6
tổng lãnh 	2	6
cầu mỹ 	2	6
tạo lực 	2	6
trường quốc tế 	3	6
cung văn 	2	6
đạo thúy 	2	6
đẳng múa việt 	3	6
bình hương 	2	6
thcs nguyễn trãi 	3	6
thị nhỏ 	2	6
trần bá lương 	3	6
central 	1	6
thạnh an 	2	6
tân vạn 	2	6
út tịch 	2	6
tâm thần 	2	6
và tuyên truyền 	3	6
an tiêm 	2	6
doi 	1	6
ba vì 	2	6
lotus 	1	6
võ văn dũng 	3	6
móng 	1	6
mắt 	1	6
tâm học 	2	6
mạc thiên 	2	6
vôi 	1	6
him 	1	6
đẳng cộng đồng 	3	6
hv 	1	6
bùi quốc 	2	6
bá lương 	2	6
văn khạ 	2	6
cafe trung nguyên 	3	6
trường chính 	2	6
hoàng đạo thúy 	3	6
hữu quan 	2	6
xán 	1	6
hóa sơn 	2	6
phước thiện 	2	6
huỳnh văn bánh 	3	6
trung tâm học 	3	6
lê phụng hiểu 	3	6
học chu văn an 	4	6
lài 	1	6
institute of 	2	6
hợp châu-đồng 	2	6
thạch bàn 	2	6
đền thờ liệt sĩ 	4	6
hiểu 	1	6
bac 	1	6
sơn mỹ 	2	6
tiểu học lê văn 	4	6
đội cung 	2	6
sài đồng 	2	6
duy tiến 	2	6
sương nguyệt 	2	6
morning 	1	6
lẩu dê 	2	6
đèo 	1	6
kỳ đồng 	2	6
hv báo chí và 	4	6
trọng phụng 	2	6
tân tiến 	2	6
tế phường dịch vọng hậu 	5	6
tây nguyên 	2	6
ðề 	1	6
mhb 	1	6
trường chính trị 	3	6
ưng 	1	6
đại học thương 	3	6
chợ cầu giấy 	3	6
bàu vàng 	2	6
hòa lạc 	2	6
cái vồn 	2	6
oil 	1	6
bien 	1	6
hai mươi 	2	6
khoa dũng 	2	6
hội quán 	2	6
diện biên 	2	6
đạo thành 	2	6
thư viện tỉnh 	3	6
nhung 	1	6
đước 	1	6
thon 	1	6
phú trung 	2	6
xuân la 	2	6
châu-đồng tĩnh 	2	6
doanh 	1	6
đường huyên 	2	6
quốc gia hà nội 	4	6
lê bình 	2	6
nguyễn hữu huân 	3	6
ðỗ quang 	2	6
lý nhân tông 	3	6
học thương 	2	6
dương bạch mai 	3	6
phụng hiểu 	2	6
hội nghị 	2	6
điện cầu giấy 	3	6
li 	1	6
am 	1	6
nguyễn thi 	2	6
dục thường xuyên 	3	6
thiếu nhi 	2	6
for 	1	6
indian 	1	6
thợ 	1	6
lãnh sự 	2	6
nông trường sông hậu 	4	6
đền thờ liệt 	3	6
pv oil 	2	6
đông hà 	2	6
chí và tuyên truyền 	4	6
hoàng xuân 	2	6
hộ pháp 	2	6
hp 	1	6
cần đước 	2	6
nhat 	1	6
thcs bình 	2	6
phố trần bá 	3	6
múa việt nam 	3	6
hv báo chí và tuyên 	5	6
tiểu học quang 	3	6
chiến thắng 	2	6
chất 	1	6
max 	1	6
thcs hùng vương 	3	6
châu thành 	2	6
ubnd thị 	2	6
trần kế 	2	6
cầu diễn 	2	6
him lam 	2	6
nguyễn phan 	2	6
phạm cự lượng 	3	6
cao đẳng múa 	3	6
diện biên phủ 	3	6
tuyên truyền 	2	6
nông trường sông 	3	6
thuột 	1	6
tòng 	1	6
nguyễn cảnh chân 	3	6
đại an 	2	6
lá 	1	6
tùng lâm 	2	6
nn 	1	6
cầu long 	2	6
trài 	1	6
củ chi 	2	6
ubnd xã tân 	3	6
đẳng cộng 	2	6
viện y học cổ truyền 	5	6
thcs lê hồng phong 	4	6
học long 	2	6
cao đẳng múa việt nam 	5	6
khuất duy 	2	6
bình mỹ 	2	6
cảnh chân 	2	6
thái thân 	2	6
thố 	1	6
cụt 	1	6
bác ái 	2	6
ký túc 	2	6
trương quốc 	2	6
đl nguyễn đáng 	3	6
văn vĩnh 	2	6
văn bánh 	2	6
dương bạch 	2	6
tulip 	1	6
tây đô 	2	6
thpt nguyễn tất 	3	6
kiết 	1	6
thpt hồng 	2	6
bắc hà 	2	6
thái nguyên 	2	6
nha khoa dũng 	3	6
tiền phong 	2	6
đường hoàng 	2	6
trị an 	2	6
học chu văn 	3	6
lý nhân 	2	6
đặng thái thân 	3	6
bến tàu 	2	6
cầu dong 	2	6
bò huế 	2	6
đại học công nghệ 	4	6
lê trung 	2	6
post office 	2	6
đường thành 	2	6
vọng hậu 	2	6
khoa phương 	2	6
đường long 	2	6
gtvt 	1	6
giồng 	1	6
quang ðầu 	2	6
y tế phường dịch 	4	6
phù thượng đoạn 	3	6
xuân hòa 	2	6
dục thường 	2	6
điện cầu 	2	6
the coffee 	2	6
công an tỉnh 	3	6
duy hưng 	2	6
giáo dục thường xuyên 	4	6
chợ phước 	2	6
cao đẳng múa việt 	4	6
commercial 	1	6
ky 	1	6
tự tân 	2	6
church 	1	6
ngũ hành 	2	6
cầu hòa 	2	6
lưu trọng 	2	6
minh nhựt 	2	6
đáy 	1	6
phường dịch 	2	6
xua 	1	6
lưu trọng lư 	3	6
bưng 	1	6
bưu điện cầu 	3	6
đường võ 	2	6
và tuyên 	2	6
văn bang 	2	6
long hưng 	2	6
quan âm 	2	6
mai lão bạng 	3	6
đỗ ngọc 	2	6
thanh sơn 	2	6
vĩnh phúc 	2	6
học quốc gia hà nội 	5	6
liêu bình hương 	3	6
xuyến cầu 	2	6
giáo dục thường 	3	6
học công nghệ 	3	6
phước hòa 	2	6
ký túc xá 	3	6
the coffee bean 	3	6
hải vân 	2	6
nguyễn đáng 	2	6
phường dịch vọng 	3	6
lê văn linh 	3	6
dịch vọng hậu 	3	6
bá ngọc 	2	6
củ 	1	6
quynh 	1	6
hồ sĩ 	2	6
công an phường an 	4	6
cafe trung 	2	6
pv 	1	6
trường thpt trần 	3	6
mộc bài 	2	6
đường bao 	2	6
gia hà nội 	3	6
kế xương 	2	6
viện y học cổ 	4	6
bạng 	1	6
nhà văn hóa 	3	6
atm vcb 	2	6
lương nhữ 	2	6
cn 	1	6
tế phường dịch vọng 	4	6
phạm công 	2	6
post 	1	6
đồng trí 	2	6
đẳng múa 	2	6
thu loan 	2	6
miền tây 	2	6
đường phạm văn đồng 	4	6
hữu cầu 	2	6
châu-đồng 	1	6
lưu văn 	2	6
trường tiểu học quang 	4	6
thủy sơn 	2	6
đáng 	1	6
đường trung 	2	6
văn thố 	2	6
vạn phúc 	2	6
học thương mại 	3	6
khâm 	1	6
chùa long 	2	6
quy hoạch 	2	6
tw 	1	6
an phường an 	3	6
beach 	1	6
đại học thương mại 	4	6
chức 	1	6
giữa 	1	6
các 	1	6
tiểu học ngô 	3	6
thcs lê hồng 	3	6
trừ văn thố 	3	6
max cafe 	2	6
báo chí và tuyên truyền 	5	6
jollibee 	1	6
inn 	1	6
trạm y tế phường dịch 	5	6
chả 	1	6
buôn ma thuột 	3	6
nay 	1	6
tế phường dịch 	3	6
thị nghè 	2	6
môi trường 	2	6
tiểu học võ 	3	6
tây thành 	2	6
minh đức 	2	6
bờ ruộng 	2	6
nhà thờ đức 	3	6
hợp châu-đồng tĩnh 	3	6
nhà máy 	2	6
dak 	1	6
bồ đề 	2	6
thpt nguyễn tất thành 	4	6
bin 	1	6
bưu điện cầu giấy 	4	6
trường sông hậu 	3	6
bằng a 	2	6
hàng bông 	2	6
khoa phương anh 	3	6
học a 	2	6
đông hòa 	2	6
võ tánh 	2	6
bidv dịch 	2	6
ma thuột 	2	6
noi 	1	6
văn tiến dũng 	3	6
lounge 	1	6
nha khoa phương anh 	4	6
tiểu học long 	3	6
lão bạng 	2	6
phân 	1	6
quốc gia hà 	3	6
an tỉnh 	2	6
phố lê 	2	6
dũng tuyên 	2	6
fpt 	1	6
dư hàng kênh 	3	6
sapa 	1	6
cầu trắng 	2	6
hv báo 	2	6
tổng lãnh sự 	3	6
lâu 	1	6
trọng lư 	2	6
chứa 	1	6
vũ trọng phụng 	3	6
báo chí và tuyên 	4	6
cung văn hóa 	3	6
bùi đình 	2	6
trần kế xương 	3	6
gia hà 	2	6
múa việt 	2	6
nguyễn hữu cầu 	3	6
đl nguyễn 	2	6
hữu huân 	2	6
nông trường 	2	6
lê công 	2	6
phan bá 	2	6
trương văn bang 	3	6
bánh mì 	2	6
điều hành 	2	6
lê văn việt 	3	6
lý văn 	2	6
than 	1	6
chí và tuyên 	3	6
ðỗ 	1	6
phường dịch vọng hậu 	4	6
mỹ lợi 	2	6
nguyễn bá ngọc 	3	6
ðầu 	1	6
trường thcs tân 	3	6
tơ 	1	6
kim cương 	2	6
phố hạ lũng 	3	6
lãnh sự quán 	3	6
nguyễn văn khạ 	3	6
bàu cát 	2	6
trung lực 	2	6
bến vân đồn 	3	6
học lê văn 	3	6
doãn 	1	6
atm agribank 	2	6
vien da 	2	6
vì 	1	6
bánh canh 	2	6
thcs hùng 	2	6
đông y 	2	6
nguyên hồng 	2	6
liêu bình 	2	6
cự lượng 	2	6
khoa dũng tuyên 	3	6
vườn lài 	2	6
đường ngô 	2	6
dương đình nghệ 	3	6
đẳng múa việt nam 	4	6
quốc dung 	2	6
khuất duy tiến 	3	6
hoàng long 	2	6
báo chí và 	3	6
sơn ca 	2	6
trảng bom 	2	6
báo chí 	2	6
đồng tâm 	2	6
đình 	1	6
an hội 	2	6
an đồng 	2	6
mango 	1	6
thcs phước 	2	6
đường vườn 	2	6
benh vien da 	3	6
chí và 	2	6
bia tuoi 	2	6
nha khoa phương 	3	6
qua sông 	2	6
nha khoa dũng tuyên 	4	6
chan 	1	6
trương quốc dung 	3	6
võ xán 	2	6
nguyễn hữu tuệ 	3	6
bèo 	1	6
răng 	1	6
yên thanh 	2	6
vòng xuyến cầu 	3	6
ðỗ quang ðầu 	3	6
đắk 	1	6
đặng tất 	2	6
đường bờ ruộng 	3	6
thờ liệt 	2	6
riverside 	1	6
trường tiểu học võ 	4	6
liễu giai 	2	6
học quốc gia hà 	4	6
tiểu học chu 	3	6
hội trường 	2	6
ưng bình 	2	6
lê minh nhựt 	3	6
huỳnh khương 	2	6
nam thành 	2	6
bến vân 	2	6
ngach 	1	6
khang 	1	6
đảo 	1	6
huyen 	1	6
phố trần bá lương 	4	6
thờ liệt sĩ 	3	6
phan thanh 	2	6
trần duy hưng 	3	6
cầu lạc long 	3	5
đú 	1	5
an khánh 	2	5
lẻ 	1	5
viện mắt 	2	5
chùa an 	2	5
cao đẳng công 	3	5
trường thpt thạnh 	3	5
tăng bí 	2	5
cửa hàng xăng dầu 	4	5
chợ phường 	2	5
dịch-tóc 	1	5
hot 	1	5
đình phùng 	2	5
huyện long 	2	5
xuyên mộc 	2	5
thị lựu 	2	5
liên khu 	2	5
nguyễn tất thành 	3	5
tp. cần 	2	5
đường vào bãi 	3	5
điên biên 	2	5
việt vương 	2	5
ba tơ 	2	5
công nghệ thông 	3	5
ẩm thực 	2	5
đại lộ iii 	3	5
cao đẳng kinh 	3	5
văn tố 	2	5
hẻm cô 	2	5
chùa đại 	2	5
dụ 	1	5
đường c 	2	5
te 	1	5
xóm giữa dương quan 	4	5
nại hiên 	2	5
australian 	1	5
tiêu 	1	5
trung tam 	2	5
ngân hàng quân 	3	5
thủ dầu một 	3	5
hđnd 	1	5
trần thánh 	2	5
a bank 	2	5
đi đến 	2	5
rốp 	1	5
cao đẳng y 	3	5
nguyễn hồng 	2	5
xuân thủy 	2	5
vietbank 	1	5
đường nguyễn chí 	3	5
lập trí 	2	5
giang văn minh 	3	5
hóa an 	2	5
nam sài 	2	5
văn dương 	2	5
thị liên 	2	5
ven kênh 	2	5
vincom 	1	5
floating 	1	5
văn khương 	2	5
trường phổ thông 	3	5
đường r 	2	5
bánh bèo 	2	5
mặt 	1	5
suối ba li 	3	5
trung cấp y 	3	5
đêm 	1	5
nam sài gòn 	3	5
vĩnh long 	2	5
ẩm 	1	5
atm sacombank 	2	5
đê tả sông 	3	5
an hải bắc 	3	5
lữ gia 	2	5
cầu trường 	2	5
benh vien da khoa 	4	5
thắng nhì 	2	5
tâm gdtx 	2	5
liên xã 	2	5
thú y 	2	5
promenade 	1	5
minh mang 	2	5
bình thới 	2	5
phước lộc 	2	5
bãi đỗ 	2	5
học quang trung 	3	5
bà thiên 	2	5
trần phú 	2	5
trung tâm hội 	3	5
công ty tnhh 	3	5
chợ thạnh 	2	5
học hàng 	2	5
cầu dong mo 	3	5
đại 	1	5
viện lao 	2	5
cầu đá 	2	5
nguyễn hữu tiến 	3	5
hoạch số 	2	5
hiên đông 	2	5
mạc thanh 	2	5
hồ biểu chánh 	3	5
bach 	1	5
trung học phổ thông 	4	5
phước long 	2	5
n 	1	5
trịnh thị 	2	5
nguyễn kim cương 	3	5
com 	1	5
mipec 	1	5
tiểu học trưng 	3	5
lội 	1	5
cầu trần 	2	5
thpt chuyên nguyễn 	3	5
thuong 	1	5
tra 	1	5
cầu chữ 	2	5
chi nhánh long 	3	5
ngân hàng phát 	3	5
đình hội 	2	5
văn nghi 	2	5
học đinh 	2	5
sinh thái 	2	5
dong mo 	2	5
hàng xăng 	2	5
ban nhân dân 	3	5
đông hưng 	2	5
tiên-châu pha 	2	5
phán 	1	5
lạng 	1	5
australian international school 	3	5
tòa án nhân dân 	4	5
khương hạ 	2	5
nguyễn lữ 	2	5
long thới 	2	5
pham 	1	5
phi trường 	2	5
trường tiểu học long 	4	5
lao động 	2	5
học thường 	2	5
vĩnh thạnh 	2	5
đặc 	1	5
đường liên xã 	3	5
ấp bắc 	2	5
bưng ông thoàn 	3	5
đa phước 	2	5
bình thành 	2	5
trường cao đẳng y 	4	5
trường thcs phước 	3	5
hàng gòn 	2	5
tiểu học vĩnh 	3	5
đường hắc dịch-tóc 	3	5
hàng quân đội 	3	5
of nha 	2	5
phái 	1	5
nại hiên đông 	3	5
sâm 	1	5
huấn 	1	5
tuy hòa 	2	5
tao 	1	5
đình dương 	2	5
trường tiểu học kim 	4	5
kim liên 	2	5
cái lân 	2	5
lê vĩnh 	2	5
au 	1	5
hiệu thuốc 	2	5
hàng phát triển 	3	5
văn rốp 	2	5
tả sông 	2	5
crescent 	1	5
phú xuân 	2	5
đức dục 	2	5
hàng quân 	2	5
xáng 	1	5
court 	1	5
khiết 	1	5
trại lẻ 	2	5
bánh cuốn 	2	5
binh kiều 	2	5
lê ngọc 	2	5
ban nhân 	2	5
of nha trang 	3	5
tuy phước 	2	5
nguyễn thuật 	2	5
văn chí 	2	5
nhứt 	1	5
diên 	1	5
đường lý 	2	5
hữu kiến 	2	5
em 	1	5
đường long thới 	3	5
ba li 	2	5
thanh bính 	2	5
giữa dương 	2	5
ta 	1	5
cấp y 	2	5
lê duy 	2	5
cầu hóa an 	3	5
phố nguyễn 	2	5
đường đi đến 	3	5
đề thám 	2	5
ngọc hồi 	2	5
hàng phương 	2	5
thới hiệp 	2	5
phan ngọc 	2	5
cẩm chánh 	2	5
thánh thất cao đài 	4	5
an nhứt 	2	5
tòa thánh 	2	5
gửi 	1	5
hưng lợi 	2	5
ngân hàng nông nghiệp 	4	5
đường trương quyền 	3	5
oceanographic institute of nha 	4	5
lê tấn 	2	5
cầu trung 	2	5
khu đô thị 	3	5
văn thành 	2	5
má 	1	5
điện lực 	2	5
tế kỹ thuật 	3	5
nhà hàng tiệc cưới 	4	5
thiên tích 	2	5
thánh thất cao 	3	5
u 	1	5
not 	1	5
paris 	1	5
bãi đỗ xe 	3	5
đường hắc 	2	5
sửa 	1	5
trung kính 	2	5
vùng trung 	2	5
đường quy hoạch số 	4	5
hàng nông 	2	5
hình 	1	5
huy tự 	2	5
đổ 	1	5
h 	1	5
đường vườn mơ 	3	5
nguyễn quý đức 	3	5
bạc nhà 	2	5
tồn 	1	5
lò lu 	2	5
khoa hà 	2	5
nam thọ 	2	5
phùng 	1	5
nhánh long 	2	5
phạm phú thứ 	3	5
ranh 	1	5
quang cơ 	2	5
dịch-tóc tiên-châu pha 	3	5
nguyễn bính 	2	5
thịt 	1	5
thất hiệp 	2	5
đường quy 	2	5
thủ dầu 	2	5
dọc sông nhuệ 	3	5
thực phẩm 	2	5
nguyễn huy tự 	3	5
văn hưởng 	2	5
si 	1	5
tân bình 	2	5
ng 	1	5
thắng lợi 	2	5
honda 	1	5
nguyễn văn thoại 	3	5
nguyễn lâm 	2	5
chuyên nguyễn 	2	5
long biên 	2	5
nghiệp vụ 	2	5
tà 	1	5
chi cục 	2	5
đường trưng 	2	5
da khoa 	2	5
học xã 	2	5
nhà nguyện 	2	5
luyện 	1	5
trai 	1	5
đình thảo 	2	5
thcs trần hưng đạo 	4	5
hồ biểu 	2	5
lãnh binh 	2	5
hảo 	1	5
giếng đáy 	2	5
mầm non hoa 	3	5
hàng xăng dầu 	3	5
lê tự 	2	5
học kim 	2	5
đẳng công 	2	5
phố văn 	2	5
chùa giác 	2	5
mỡ 	1	5
phan đình 	2	5
block 	1	5
hồ sen 	2	5
câu 	1	5
long thạnh 	2	5
mỗ 	1	5
chức năng 	2	5
tâm hội 	2	5
hàng đông 	2	5
hạt 	1	5
nguyễn siêu 	2	5
đẳng y 	2	5
dương văn dương 	3	5
sushi bar 	2	5
quy nhơn 	2	5
thượng kiệm 	2	5
trịnh đình thảo 	3	5
tây thiên 	2	5
pharmacy 	1	5
đẳng kinh tế 	3	5
hoàng minh giám 	3	5
móng cái 	2	5
hàng phát 	2	5
hưng long 	2	5
đỗ văn 	2	5
văn thoại 	2	5
phố vĩnh 	2	5
trung tâm gdtx 	3	5
đường dọc 	2	5
viễn thông 	2	5
uẩn 	1	5
tính 	1	5
đốc binh kiều 	3	5
khoa quốc 	2	5
văn bình 	2	5
viện an 	2	5
miền đông 	2	5
cầu nhị 	2	5
trần anh 	2	5
mau 	1	5
long thuận 	2	5
hắc dịch-tóc tiên-châu 	3	5
thcs trần hưng 	3	5
đẳng y tế 	3	5
cầu phú xuân 	3	5
quới 	1	5
thường phước 	2	5
hắc dịch-tóc tiên-châu pha 	4	5
hải an 	2	5
kinh tế kỹ 	3	5
bc 	1	5
tư thục 	2	5
cầu bãi 	2	5
trần thánh tông 	3	5
hoàng tăng 	2	5
anh ngữ 	2	5
đường liên phương 	3	5
hài 	1	5
hắc dịch-tóc 	2	5
phe thanh 	2	5
ngân hàng phương 	3	5
tướng 	1	5
đúóng 	1	5
dầu một 	2	5
commonwealth 	1	5
trường trung học cơ 	4	5
phuong nam 	2	5
sơn pháo 	2	5
nhà ăn 	2	5
hồng quang 	2	5
giang văn 	2	5
minh giám 	2	5
đỗ đức 	2	5
linh quang 	2	5
công nghệ thông tin 	4	5
dịch số 	2	5
be 	1	5
cay 	1	5
tòa án nhân 	3	5
viện tim 	2	5
trâm 	1	5
cầu đất 	2	5
học phổ thông 	3	5
gầm 	1	5
lê văn khương 	3	5
kho dầu 	2	5
nguyễn quang bích 	3	5
đại lý 	2	5
institute of nha 	3	5
thánh gióng 	2	5
tiểu học thường 	3	5
vườn đào 	2	5
bệnh viện lao 	3	5
phổi 	1	5
thanh khê 	2	5
ca phe giai khat 	4	5
hoa lan 	2	5
láng dài 	2	5
tum 	1	5
mạc đăng 	2	5
ngan 	1	5
đường đặng 	2	5
nguyễn việt hồng 	3	5
hoàng tăng bí 	3	5
bưng ông 	2	5
cao đẳng cộng 	3	5
văn thánh 	2	5
nguyễn văn tạo 	3	5
day 	1	5
chan may 	2	5
chi hội 	2	5
kho bạc nhà nước 	4	5
lời 	1	5
phấn 	1	5
phe giai 	2	5
đại học hàng 	3	5
ptcs 	1	5
cao đẳng cộng đồng 	4	5
ngân hàng phát triển 	4	5
ca phe thanh 	3	5
nhà hàng tiệc 	3	5
ngọc thảo 	2	5
cầu đỏ 	2	5
tiểu học trưng vương 	4	5
hàng tiệc cưới 	3	5
phú hữu 	2	5
thất cao đài 	3	5
đường vào khu 	3	5
thơm 	1	5
đường hắc dịch-tóc tiên-châu pha 	5	5
đường lê thái 	3	5
đắk lắk 	2	5
mễ trì 	2	5
tiểu học kim 	3	5
cao sơn pháo 	3	5
đỗ đức dục 	3	5
nguyễn hữu kiến 	3	5
ông thoàn 	2	5
đại từ 	2	5
nguyen son 	2	5
ngô chí 	2	5
tiểu học đằng 	3	5
thcs lương 	2	5
bảo việt 	2	5
xi măng 	2	5
nguyễn văn rốp 	3	5
bảo quốc 	2	5
starbucks 	1	5
phố chợ 	2	5
đính 	1	5
nhơn đức 	2	5
tiên-châu 	1	5
đường nguyễn chí thanh 	4	5
nguyễn trọng tuyển 	3	5
thất cao 	2	5
đẳng kinh 	2	5
muối 	1	5
nam sơn 	2	5
urban 	1	5
lê lợi 	2	5
phe giai khat 	3	5
phạm văn chiêu 	3	5
ca phe giai 	3	5
huyện châu 	2	5
cầu hóa 	2	5
ngã ba 	2	5
công thương 	2	5
độc lập 	2	5
nghệ thông 	2	5
mai an tiêm 	3	5
trường tiểu học nguyễn du 	5	5
nguyễn tất 	2	5
hàng nhà 	2	5
dọc sông 	2	5
lộ champs-élysées 	2	5
hẻm ðề 	2	5
viện tâm 	2	5
trường cao đẳng y tế 	5	5
gò công 	2	5
cửa hàng xăng 	3	5
bến xe buýt 	3	5
duyệt 	1	5
ngân hàng nông 	3	5
tiểu học chu văn 	4	5
tân thới hiệp 	3	5
thiên hương 	2	5
dragon 	1	5
lắk 	1	5
cái sơn 	2	5
học trưng 	2	5
moskva 	1	5
thanh đạm 	2	5
minh châu 	2	5
trường tiểu học đông 	4	5
thị kỷ 	2	5
mạc công 	2	5
giao dịch số 	3	5
ngân hàng nhà nước 	4	5
quy hoạch số 	3	5
xe máy 	2	5
bình thọ 	2	5
thpt thạnh 	2	5
học vĩnh 	2	5
đường hắc dịch-tóc tiên-châu 	4	5
bảo lộc 	2	5
road to 	2	5
tác 	1	5
trung học phổ 	3	5
hữu tiến 	2	5
liên phương 	2	5
kien 	1	5
đan 	1	5
á bank 	2	5
cao đẳng y tế 	4	5
hòa hạ 	2	5
oceanographic institute of 	3	5
học phổ 	2	5
hẻm ðề thám 	3	5
phạm văn thuận 	3	5
oceanographic institute of nha trang 	5	5
lộ iii 	2	5
tiểu học a 	3	5
cao đẳng kinh tế 	4	5
trường đh 	2	5
cầu trạc 	2	5
trường tiểu học lê lợi 	5	5
trần hữu dục 	3	5
hòa phước 	2	5
ubnd thị trấn 	3	5
nguyễn văn hưởng 	3	5
nguyện 	1	5
bệnh viện y 	3	5
học văn 	2	5
loc 	1	5
trường phổ 	2	5
tân châu 	2	5
trọng tuyển 	2	5
bệnh viện y học cổ 	5	5
dien 	1	5
đường lê thái tổ 	4	5
đường nguyễn thị 	3	5
khúc thừa 	2	5
bửu hòa 	2	5
vào bãi 	2	5
cầu cửa 	2	5
hàng nông nghiệp 	3	5
quyết 	1	5
triệu việt 	2	5
xóm giữa dương 	3	5
khu đô 	2	5
võ duy 	2	5
tieu 	1	5
hữu nghị việt 	3	5
vân nga 	2	5
cù lao 	2	5
văn chiêu 	2	5
bác sĩ 	2	5
châu đức 	2	5
hieu 	1	5
đốc binh 	2	5
gióng 	1	5
bà lớn 	2	5
lũy 	1	5
triệu việt vương 	3	5
phan đình phùng 	3	5
giữa dương quan 	3	5
bạc nhà nước 	3	5
nguyệt ánh 	2	5
tựu 	1	5
australian international 	2	5
khúc thừa dụ 	3	5
chùa quan 	2	5
đường huyện 	2	5
viện tâm thần 	3	5
độc 	1	5
chí quốc 	2	5
bệnh viện tâm 	3	5
cư nguyễn 	2	5
oceanographic institute 	2	5
cà đú 	2	5
urban station 	2	5
tất 	1	5
tế kỹ 	2	5
huỳnh ngọc huệ 	3	5
tất thành 	2	5
trần quang cơ 	3	5
trường trung học cơ sở 	5	5
tân hải 	2	5
đức hòa hạ 	3	5
nghị việt 	2	5
trung tâm hội nghị 	4	5
chung cư nguyễn 	3	5
champs-élysées 	1	5
hàng tiệc 	2	5
tâm hội nghị 	3	5
thoàn 	1	5
cháo 	1	5
suối ba 	2	5
ngô chí quốc 	3	5
hữu dục 	2	5
phúc lộc 	2	5
mỹ khánh 	2	5
văn công 	2	5
thanh trà 	2	5
nhà văn hoá 	3	5
nhà học 	2	5
kim hải 	2	5
mạc thiên tích 	3	5
hậu cần 	2	5
bình thái 	2	5
mỹ hưng 	2	5
trường tiểu học lý 	4	5
đường nguyễn du 	3	5
pháp hoa 	2	5
nghệ thông tin 	3	5
lạc trung 	2	5
chợ vĩnh 	2	5
học đằng 	2	5
hiền lương 	2	5
chợ gạo 	2	5
thcs phạm 	2	5
ngân hàng quân đội 	4	5
địa 	1	5
trường thcs an 	3	5
cơm chay 	2	5
đường bùi thị 	3	5
vnpt 	1	5
tân hoá 	2	5
tràm 	1	5
giuse 	1	5
quang bích 	2	5
vườn mơ 	2	5
má cha 	2	5
lê ngọc hân 	3	5
phòng giao dịch số 	4	5
ngõ dân cư 	3	5
hải bắc 	2	5
ngân hàng nhà 	3	5
tầm 	1	5
oceanbank 	1	5
đường bùi 	2	5
hiệp hòa 	2	5
bệnh viện y học 	4	5
dịch-tóc tiên-châu 	2	5
hàng nhà nước 	3	5
tp. cần thơ 	3	5
kinh tế kỹ thuật 	4	5
me 	1	5
mai an 	2	5
nguyễn phong 	2	5
petro 	1	5
hoa mai 	2	5
tiểu học chu văn an 	5	5
uyen 	1	5
đỗ ngọc du 	3	5
ty tnhh 	2	5
việt hồng 	2	5
phú lương 	2	5
mạc thanh đạm 	3	5
phú thịnh 	2	5
lợi 	1	5
hành sơn 	2	5
kho bạc nhà 	3	5
đại lộ champs-élysées 	3	5
bình lợi 	2	5
tân dương 	2	5
đồng khởi 	2	5
thú 	1	5
văn lượng 	2	5
minh phụng 	2	5
prenn 	1	5
oceanographic 	1	5
quá 	1	5
phúc lợi 	2	5
thcs mỹ 	2	5
dương văn an 	3	5
sương nguyệt ánh 	3	5
sos 	1	5
institute of nha trang 	4	5
tỉnh bà 	2	5
thùy vân 	2	5
đình bình 	2	5
hiên 	1	5
bệnh viện tâm thần 	4	5
phan thành 	2	5
xóm giữa 	2	5
kcn 	1	5
đường hải 	2	5
đèn 	1	5
cầu đông 	2	5
ngọc du 	2	5
vien da khoa 	3	5
lã 	1	5
biểu chánh 	2	5
đường quy hoạch 	3	5
quý đức 	2	5
phi khanh 	2	5
thừa dụ 	2	5
ngọc huệ 	2	5
học trưng vương 	3	5
đang 	1	5
